date,open,high,low,close
2021-07-02,134.41829838230024,136.4652835854969,134.27209152787285,136.42630004882812
2021-07-06,136.53353205806397,139.5357553993497,136.53353205806397,138.43429565429688
2021-07-07,139.91586805219615,141.231788943126,139.05809657469072,140.9198760986328
2021-07-08,138.00535215692446,140.42273229042033,137.1183245101573,139.62344360351562
2021-07-09,139.1458282969305,141.97260274724476,139.04834716131978,141.4462432861328
2021-07-12,142.5184400812916,142.62566335381342,140.36423246918253,140.8516082763672
2021-07-13,140.39352411006757,143.7369310790402,140.00362927408963,141.96287536621094
2021-07-14,144.36076918149035,145.79365573228569,143.95136027537654,145.38424682617188
2021-07-15,145.47197634550716,146.21278242197315,143.37625087333885,144.7311553955078
2021-07-16,144.71166743629377,145.97883295333372,142.19680585690423,142.6939239501953
2021-07-19,140.12058929133983,140.43251704679776,138.0931035014654,138.85340881347656
2021-07-20,139.83789124908492,143.3859869898834,139.350515378791,142.4599609375
2021-07-21,141.85565012536404,142.4405072449087,140.97837931958148,141.7289276123047
2021-07-22,142.2553252616605,144.45825967498962,142.12860272787458,143.09361267089844
2021-07-23,143.8246641352954,144.96512221870486,143.21056560056124,144.8091583251953
2021-07-26,144.52647939059113,146.04709009069717,143.97086362595675,145.22830200195312
2021-07-27,145.35497344078965,145.44271240050767,141.8751174935938,143.06431579589844
2021-07-28,141.15381301329907,143.25928057886588,138.94112214929507,141.31951904296875
2021-07-29,141.03686397561236,142.84990322262558,140.92964066468824,141.96287536621094
2021-07-30,140.73467853831747,142.63544169374407,140.47149137109437,142.17730712890625
2021-08-02,142.66467417357075,143.23977416644965,141.5826990796388,141.84588623046875
2021-08-03,142.12859665195967,144.30228959895823,141.51449808960257,143.63946533203125
2021-08-04,143.5517196242508,144.058579914417,142.58670986762564,143.2397918701172
2021-08-05,143.26903344221475,144.107320690727,142.47948676454712,143.34701538085938
2021-08-06,142.86866162914254,143.6105775396916,142.16578765248929,142.6636505126953
2021-08-09,142.72222158501236,143.210327688173,142.0584044347056,142.61483764648438
2021-08-10,142.9565505100319,144.196344465899,141.84366893661831,142.13653564453125
2021-08-11,142.57580253562702,143.22986295766566,142.0681679932176,142.39031982421875
2021-08-12,142.71246608285676,145.5044336133679,142.37078584930737,145.34823608398438
2021-08-13,145.4263255685366,145.88514647193662,144.74298004086066,145.55323791503906
2021-08-16,145.00659283395282,147.59356480078714,142.9858407795006,147.5252227783203
2021-08-17,146.65635150331968,148.07185618392833,145.54347021491796,146.6173095703125
2021-08-18,146.23660593235846,147.134719463398,142.67342208980006,142.87843322753906
2021-08-19,141.58000930226325,144.47935980901445,141.0626181919094,143.2102813720703
2021-08-20,143.9327728785443,144.96755574158394,143.288469055807,144.66493225097656
2021-08-23,144.78203658666285,146.6173203855108,144.3720292286724,146.14874267578125
2021-08-24,145.89489777853456,147.2713604372929,145.60203116452846,146.06085205078125
2021-08-25,146.24637657624294,146.74425443123712,144.28419502392072,144.83087158203125
2021-08-26,144.82109417148567,145.57276688380205,144.00106455542348,144.0303497314453
2021-08-27,143.97181740197544,145.2116114656549,143.33728522616812,145.065185546875
2021-08-30,145.45564049048158,149.83883931473636,145.07491826892314,149.47763061523438
2021-08-31,149.02862681778208,149.1652959930352,147.69120535728086,148.21836853027344
2021-09-01,149.1945515081308,151.2934023311897,148.71620204197066,148.8821563720703
2021-09-02,150.20979354918074,151.0395800272227,148.77476016459727,149.99502563476562
2021-09-03,150.10241459437898,150.95172951907767,149.44835406806936,150.62957763671875
2021-09-07,151.28363626481305,153.51915609845358,150.71743128739138,152.9627227783203
2021-09-08,153.24581573453693,153.3043860941943,150.31717858511598,151.42030334472656
2021-09-09,151.79126431107525,152.39651120399355,150.28788894400816,150.40504455566406
2021-09-10,151.312872980953,151.78145061032407,145.1627338741772,145.4263153076172
2021-09-13,147.04688016056696,147.818081410703,145.21159606216116,145.99256896972656
2021-09-14,146.7735217186003,147.4763957492906,143.4153491043727,144.5965576171875
2021-09-15,145.0261185341006,145.88519025288556,142.88821089491876,145.4849395751953
2021-09-16,144.90894501042473,145.4263362978241,143.71796490468603,145.2506103515625
2021-09-17,145.27994241453277,145.27994241453277,142.29271983680104,142.58558654785156
2021-09-20,140.37932278347847,141.39457695669392,137.90950701335717,139.53977966308594
2021-09-21,140.50624891873463,141.16032435989862,139.38361057442205,140.0181427001953
2021-09-22,141.01381796792646,142.94671352347643,140.28165898066223,142.38052368164062
2021-09-23,143.16150856090553,143.58128753921014,142.17553963315416,143.3372344970703
2021-09-24,142.19510285111807,143.96204492535793,142.09747565204063,143.4251251220703
2021-09-27,142.00962976919416,142.48797924389808,140.39888514559524,141.91200256347656
2021-09-28,139.84240736288436,141.30672576458994,138.31951860844126,138.53428649902344
2021-09-29,139.08099698388077,141.0138935757981,138.65146109771675,139.43243408203125
2021-09-30,140.2426707272125,140.9455448156453,137.9192805517919,138.13404846191406
2021-10-01,138.52452409983053,139.5202648503588,135.80089824481317,139.25668334960938
2021-10-04,138.38785651091933,138.82716398233575,134.98088496397907,135.83018493652344
2021-10-05,136.17185207930245,138.8564357660988,136.04493972017434,137.75331115722656
2021-10-06,136.15237563977044,138.76861831784564,135.07853579678584,138.6221923828125
2021-10-07,139.65692980871162,140.7893396562003,139.32502120039112,139.88145446777344
2021-10-08,140.60384171370225,140.7502675851044,139.16880859069704,139.50071716308594
2021-10-11,138.88575464341304,141.3653278052875,138.43669034540312,139.41290283203125
2021-10-12,139.82291608395988,139.8424445053315,137.68500826630617,138.14382934570312
2021-10-13,137.88019619968298,138.03637880787855,135.88871526309754,137.55804443359375
2021-10-14,138.72951162040368,140.45741132647578,138.14377836199483,140.3402557373047
2021-10-15,140.35005282323274,141.45316264244676,140.0962280805495,141.39459228515625
2021-10-18,140.03766984054468,143.347029376178,139.75457479053856,143.06393432617188
2021-10-19,143.51297237963328,145.62159463310732,143.06392303976392,145.22134399414062
2021-10-20,145.16278083703227,146.18780683574556,144.59657585778285,145.70945739746094
2021-10-21,145.27017952577518,146.0804376870695,144.35253739380764,145.9242401123047
2021-10-22,146.12919675335147,146.60753116579318,145.10417103326708,145.15298461914062
2021-10-25,145.14324421012236,145.8168331110648,144.10846150842693,145.1042022705078
2021-10-26,145.77779264971988,147.2518679421637,145.46539754636262,145.76803588867188
2021-10-27,145.80709762491546,146.1682914783705,144.95779752805828,145.30923461914062
2021-10-28,146.256135746264,149.52643805425132,146.1585085567286,148.9407196044922
2021-10-29,143.7179583128391,146.3732566337639,142.927228830471,146.23658752441406
2021-11-01,145.44589589912687,146.13899838558393,144.2842007193759,145.41661071777344
2021-11-02,145.12372094423125,147.96450225059075,145.11394928812004,146.4513702392578
2021-11-03,146.81257403590004,148.35499132920407,146.25614074482093,147.88641357421875
2021-11-04,147.9742807485948,148.80405236999567,147.05663868837075,147.36903381347656
2021-11-05,148.49330137784227,148.79636649786093,146.70422366033108,147.89694213867188
2021-11-08,148.02400784687248,148.18043333239365,146.8019617116547,147.07569885253906
2021-11-09,146.84111017051336,148.04359979638906,146.7042415538898,147.43746948242188
2021-11-10,146.66511965093986,146.7726603269792,144.54364896685252,144.61207580566406
2021-11-11,145.62882237351127,146.0882980655143,144.37743321812488,144.5631866455078
2021-11-12,145.11067671997742,147.03662312152338,144.18192440007093,146.63580322265625
2021-11-15,147.00727451410145,148.48351596746593,146.08829332480207,146.6455535888672
2021-11-16,146.5869216938867,148.1022623119589,146.0003334167105,147.6232147216797
2021-11-17,147.62318884522813,151.53373689410836,147.61341784542643,150.05751037597656
2021-11-18,150.27258025090998,155.12165110785514,149.62733629184328,154.33953857421875
2021-11-19,154.12446895909494,157.41911583313842,153.02952027938457,156.95962524414062
2021-11-22,158.064388202726,161.99449424357113,157.3996020130381,157.41915893554688
2021-11-23,157.5168614506406,158.18166233731603,155.50293170970644,157.80038452148438
2021-11-24,157.1551823252834,158.5140974575523,156.07000441983408,158.31857299804688
2021-11-26,156.00155632601601,156.8618668141861,152.8633347292546,153.3032684326172
2021-11-29,155.8060008585356,157.58530732404222,155.23896961955737,156.65655517578125
2021-11-30,156.41214364910118,161.81847488073362,156.3437019010155,161.6033935546875
2021-12-01,163.7346542506034,166.49159798116264,160.85062784337472,161.08526611328125
2021-12-02,155.19011206164845,160.52800204808736,154.27113083970096,160.09783935546875
2021-12-03,160.35202051883033,161.27100166043388,156.14817855062066,158.22076416015625
2021-12-06,160.61600581977925,164.12573463510114,160.60623481829575,161.62298583984375
2021-12-07,165.2988995417756,167.74299254141582,164.57544264356054,167.3519287109375
2021-12-08,168.2806769394803,172.02502878126478,166.88264814477856,171.16470336914062
2021-12-09,170.9985052389604,172.79735388590385,170.03063915946248,170.6563262939453
2021-12-10,171.29180928871014,175.61296364291238,170.78343380069845,175.43698120117188
2021-12-13,177.06962931153166,178.05705234389498,171.60464142456377,171.80995178222656
2021-12-14,171.33094311359295,173.76526545026528,168.35893217623416,170.4315185546875
2021-12-15,171.19404218690133,175.4858686850592,168.45665517933287,175.29034423828125
2021-12-16,175.27076132354634,177.08916675225177,166.9315188519041,168.40774536132812
2021-12-17,166.12988807604526,169.59073223954843,165.8952646870351,167.31283569335938
2021-12-20,164.51677542044033,166.76534380811088,163.71512072913166,165.9539031982422
2021-12-21,167.72341591348743,169.3267401361631,165.3379790393109,169.12144470214844
2021-12-22,169.17029609354066,171.92723953166936,168.30019977990446,171.712158203125
2021-12-23,171.91746810959268,172.89510508509778,171.35043687369296,172.3378448486328
2021-12-27,173.12976761664484,176.38530127238838,173.11022561335014,176.2973175048828
2021-12-28,176.13113317745794,177.27496698697752,174.537579662478,175.28057861328125
2021-12-29,175.31963018526795,176.59056116138325,174.15623986676752,175.36851501464844
2021-12-30,175.4565079119385,176.53191454419968,174.10736412193012,174.21490478515625
2021-12-31,174.1073747963206,175.22188041192248,173.29593427269404,173.59901428222656
2022-01-03,173.85321176039008,178.79028222604728,173.73590007898758,177.93972778320312
2022-01-04,178.54586564233023,178.84893075193062,175.1143499260673,175.68138122558594
2022-01-05,175.59339039534856,176.14086475419518,170.73453308424857,171.00827026367188
2022-01-06,168.83793801323478,171.37980064842037,167.80164498917833,168.15359497070312
2022-01-07,169.02369367342152,170.24574016447164,167.20528789803654,168.31979370117188
2022-01-10,165.2988731483881,168.64239004792708,164.40921985835627,168.33932495117188
2022-01-11,168.46643037323963,171.26245812752686,166.99997473942338,171.16470336914062
2022-01-12,172.1814317936139,173.21772467571947,170.91051556767007,171.60462951660156
2022-01-13,171.8490383580425,172.6702498945838,167.94826118313497,168.33932495117188
2022-01-14,167.50833831927105,169.89377524696252,167.26392904254132,169.1996612548828
2022-01-18,167.6745127192973,168.68147761318977,165.62148401611884,166.0027618408203
2022-01-19,166.19833085017333,167.25418085979933,162.22912604138475,162.51263427734375
2022-01-20,163.24585020445963,165.88546757565922,160.50846314939517,160.83108520507812
2022-01-21,160.74309086318223,162.61038131219433,158.67050497614542,158.77804565429688
2022-01-24,156.44148123567246,158.67049246380245,151.2404450916643,158.0056915283203
2022-01-25,155.424720331175,159.1201868610098,153.50856023591945,156.2068328857422
2022-01-26,159.84364519078215,160.713741500623,154.2906743409117,156.1188507080078
2022-01-27,158.817126094803,160.17604091465265,154.7403816352541,155.65936279296875
2022-01-28,162.00427111169125,166.54050723879885,159.15934320684596,166.5209503173828
2022-01-31,166.3547206203823,171.0864802658057,165.71924760028926,170.87139892578125
2022-02-01,170.1186120178827,170.93005253238587,168.4566320719076,170.7052001953125
2022-02-02,170.84209391826516,171.94682868403083,169.45385093947993,171.90771484375
2022-02-03,170.57811566132818,172.29876649074853,168.27089152715305,169.033447265625
2022-02-04,168.05452913595101,170.42343777091716,167.07564670173912,168.74954223632812
2022-02-07,169.20964451994723,170.27662295458384,167.3399751947351,168.0349884033203
2022-02-08,168.10351922686326,171.64708470161528,167.8098514342005,171.1380615234375
2022-02-09,172.3322647747442,172.91958530484067,171.20654095307694,172.55740356445312
2022-02-10,170.4626223841964,171.7743215374217,167.92731993059743,168.4852752685547
2022-02-11,168.69082956541044,169.4249914689082,164.4914151129285,165.07875061035156
2022-02-14,163.83559821712237,165.9989356288058,163.04270559336564,165.313720703125
2022-02-15,167.35956986279012,169.29775335068365,166.65477315145358,169.14112854003906
2022-02-16,168.22097415914394,169.67949961629867,166.4589825612284,168.90618896484375
2022-02-17,167.41831260412283,168.2797341887302,164.91237519788157,165.313720703125
2022-02-18,166.23386310925557,166.93864489391834,162.68051421778296,163.76707458496094
2022-02-22,161.4960419882263,163.16993775264925,158.72580252665216,160.84999084472656
2022-02-23,162.04424861753867,162.64136771002168,156.3765239008277,156.6897735595703
2022-02-24,149.35795208534202,159.4110834763149,148.79019822079562,159.30340576171875
2022-02-25,160.38010876655954,161.6330771993794,157.472826482258,161.36878967285156
2022-02-28,159.61659142915732,161.92675492011216,158.99989062280463,161.63308715820312
2022-03-01,161.2219862371019,163.08187242749526,158.54964050687724,159.753662109375
2022-03-02,160.9185355637426,163.82581854222389,159.5089420061074,163.04270935058594
2022-03-03,164.91241452535937,165.34312542037682,162.0540780561885,162.71971130371094
2022-03-04,161.01640589639365,162.05401907314567,158.67687705595137,159.72427368164062
2022-03-07,159.91028134097652,161.5352302369313,155.68150083148916,155.93601989746094
2022-03-08,155.46614292973925,159.44040392728598,152.50991327214726,154.1152801513672
2022-03-09,158.06998280822745,159.95923428896205,156.04370327606966,159.50894165039062
2022-03-10,156.81697023000987,157.00296029096637,152.6860849715575,155.17245483398438
2022-03-11,155.57381332247203,155.91642822664025,151.23737032666907,151.46250915527344
2022-03-14,148.25177493215907,150.86538982544317,146.9302923114544,147.43930053710938
2022-03-15,147.71340492610565,152.28480063427574,147.204396636905,151.81492614746094
2022-03-16,153.73353879751855,156.6212399212536,151.19823606106897,156.2198944091797
2022-03-17,155.26058530967927,157.60011436017203,154.30128444798586,157.22813415527344
2022-03-18,157.1204572234023,161.00662274780382,156.38629519642316,160.51718139648438
2022-03-21,160.0571133745572,162.8371517415441,159.5676719986422,161.88763427734375
2022-03-22,162.01486028186812,165.84229498697943,161.42753966012307,165.25497436523438
2022-03-23,164.4424952526729,168.9942934206818,164.1096638130363,166.61561584472656
2022-03-24,167.44765777264146,170.46261801995993,166.61561651162776,170.39410400390625
2022-03-25,170.20810721060892,171.578536843318,169.10196511927478,171.03036499023438
2022-03-28,168.53422465828777,172.0190445148475,168.36781639958284,171.8917999267578
2022-03-29,172.95874922006587,175.2297488255487,172.6161343745908,175.18081665039062
2022-03-30,174.77951856347462,175.81713189197046,172.9685794955082,174.0159912109375
2022-03-31,174.08447018974397,174.2704602652505,170.71711180695456,170.9226837158203
2022-04-01,170.35494237968112,171.18699858724577,168.30908127405286,170.6290283203125
2022-04-04,170.8835430731966,174.72076108227714,170.75628355518236,174.67181396484375
2022-04-05,173.7516656886956,174.53477477488693,170.73670541562527,171.36318969726562
2022-04-06,168.72020734548278,169.963392443072,166.5373033062765,168.20140075683594
2022-04-07,167.5455515170426,169.69909027693134,166.26321768469555,168.50485229492188
2022-04-08,168.15246782773184,168.15246782773184,165.62694868711696,166.49815368652344
2022-04-11,165.1472853633742,165.46052001953282,162.0050657338506,162.24978637695312
2022-04-12,164.47182881155646,166.2827523312548,163.1209662888,164.1194305419922
2022-04-13,163.85514371182387,167.4280589196407,163.24824133176645,166.80157470703125
2022-04-14,167.0169298477089,167.653212444084,161.55476362429968,161.7994842529297
2022-04-18,160.45844346214486,163.08185675186522,160.11584349387897,161.58416748046875
2022-04-19,161.53522902332887,164.27610359926777,160.44866861751814,163.86495971679688
2022-04-20,165.19622127922986,165.31369734743882,162.59240492951264,163.6985321044922
2022-04-21,165.34306268686478,167.90773030576432,162.40641490220864,162.9056396484375
2022-04-22,162.94483948037262,164.32505289369502,158.08957416008516,158.37344360351562
2022-04-25,157.71758646013552,159.72429911751857,155.11376965466397,159.4404296875
2022-04-26,158.82370741856425,158.91180327087787,153.41048764569481,153.48880004882812
2022-04-27,152.61760570667977,156.41566043489684,152.09879906936447,153.263671875
2022-04-28,155.88703274270952,161.0457475218325,155.57378318397548,160.184326171875
2022-04-29,158.42238298865084,162.6903124384376,153.9293146853147,154.32086181640625
2022-05-02,153.40069487713816,154.88858563658798,150.0333364297974,154.62429809570312
2022-05-03,154.81029731534235,157.31624964341847,153.01895506893698,156.11221313476562
2022-05-04,156.29820309411934,162.96439206944154,155.89685759161674,162.5141143798828
2022-05-05,160.38991736716943,160.61505617925764,151.6778534074066,153.4594268798828
2022-05-06,152.93986371222095,156.3023722983105,151.14587460582203,154.18487548828125
2022-05-09,151.8811126841976,152.76341048572758,148.50882129057032,149.06759643554688
2022-05-10,152.4594939260044,153.65548649022554,149.92045170349726,151.4693603515625
2022-05-11,150.47928231405317,152.39090538432077,142.94061098912724,143.61703491210938
2022-05-12,139.96040581157675,143.3228989996902,136.06853101088905,139.75453186035156
2022-05-13,141.74456868725608,145.18550397266762,140.29369821646105,144.21498107910156
2022-05-16,142.68571610317943,144.616949555646,141.34266624082053,142.6759033203125
2022-05-17,145.93055862687706,146.82265416778552,143.79345144967377,146.30308532714844
2022-05-18,143.960147405131,144.46010573899827,137.1469043666091,138.04881286621094
2022-05-19,137.1273056487035,138.87227582415818,133.91185397987616,134.6470947265625
2022-05-20,136.3528207232791,137.93113785871375,130.00034593006458,134.88233947753906
2022-05-23,135.07841705772444,140.44077384848245,134.94117272312687,140.29373168945312
2022-05-24,138.03899606760518,139.17617200488684,134.62748321427134,137.5978546142578
2022-05-25,135.7058476818173,138.99972729724945,135.61762236961698,137.75473022460938
2022-05-26,134.68633967796467,141.49956956289245,134.4412593586614,140.95059204101562
2022-05-27,142.5288422380691,146.73441193920726,142.4013957458045,146.69520568847656
2022-05-31,146.1364648342796,147.69517170019813,143.95033814163904,145.91098022460938
2022-06-01,146.95009283292427,148.75389460714223,144.7737792988703,145.7835235595703
2022-06-02,144.9208398093746,148.2931460840145,143.96992734384497,148.2343292236328
2022-06-03,144.00916607250292,145.05811684755056,141.61719511269536,142.5190887451172
2022-06-06,144.13658414441952,145.64628674294468,142.04849579123675,143.26409912109375
2022-06-07,141.50932395629872,146.06781003090646,141.26424373812605,145.7835235595703
2022-06-08,145.65608826850138,146.92069570984725,144.5581335933167,145.0482940673828
2022-06-09,144.18555742985592,145.03843157570358,139.7250956528781,139.8329315185547
2022-06-10,137.51941663931075,137.9899664897166,134.36278209908923,134.43141174316406
2022-06-13,130.25523715092532,132.53938671229503,128.85338540144875,129.28472900390625
2022-06-14,130.51011351307002,131.25515193955982,128.8925752102517,130.1473846435547
2022-06-15,131.64728162043858,134.63726323315953,129.5592083618082,132.7648468017578
2022-06-16,129.48080196283757,129.78469908531477,126.50061768881059,127.50054931640625
2022-06-17,127.5103548974603,130.4611156124141,127.25546187351353,128.9710235595703
2022-06-21,130.7943992837295,134.36276639582726,130.6963761788774,133.19618225097656
2022-06-22,132.13745484401576,135.04900927487205,131.2747825760473,132.6864471435547
2022-06-23,134.1275183400123,135.86267563561398,132.96093402675356,135.54898071289062
2022-06-24,137.14689423988725,139.1173489130396,137.01946268880786,138.8722686767578
2022-06-27,139.89179587794544,140.6662578013618,138.19584483125837,138.8722686767578
2022-06-28,139.3330131628478,140.59762053174873,134.61767206581916,134.7353057861328
2022-06-29,134.75490940956817,137.90173093297278,133.98044756827542,136.4900665283203
2022-06-30,134.5490488814723,135.64700354645933,131.13753620204082,134.02947998046875
2022-07-01,133.36284196732555,136.3038045198631,132.9903302157903,136.1959686279297
2022-07-05,135.05880629688934,138.82323473193733,134.2353254229341,138.7742156982422
2022-07-06,138.56835645511603,141.28383440664965,138.30366564043456,140.10745239257812
2022-07-07,140.47019110271424,143.66604717243726,140.4603932776671,143.46998596191406
2022-07-08,142.40140757015126,144.64635079248632,142.1465295229667,144.14637756347656
2022-07-11,142.80334848304327,143.7542609845207,140.95054251842944,142.0190887451172
2022-07-12,142.89157069008422,145.52863633565593,142.19555121961218,142.98960876464844
2022-07-13,140.1760748610569,143.5679764107693,139.32318560371215,142.6268768310547
2022-07-14,141.24466966276847,146.0188287608022,140.43100133297293,145.54827880859375
2022-07-15,146.83251905192617,147.89126782163422,145.28360964578934,147.21484375
2022-07-18,147.77358792071823,148.58725611818477,143.8130828380742,144.17581176757812
2022-07-19,145.0090823866063,148.25394254490203,144.01896354895925,148.02847290039062
2022-07-20,148.14610577429508,150.69494637561027,147.41086501912858,150.0283203125
2022-07-21,151.4595528168205,152.50850317822432,148.9499341408544,152.29283142089844
2022-07-22,152.33206789895848,153.20455292364784,150.3910366563313,151.05764770507812
2022-07-25,150.97921649648936,151.9889458272938,149.28326552705713,149.94007873535156
2022-07-26,149.2636385384265,150.0773065915356,147.83237855759032,148.61663818359375
2022-07-27,149.5773707705413,154.2338952339947,149.1656377708993,153.7045135498047
2022-07-28,153.89078059336344,154.53779601902812,151.37136349671525,154.25350952148438
2022-07-29,158.06698413815568,160.40995103683753,156.36121998956833,159.31198120117188
2022-08-01,157.84144361325252,160.37067302404677,157.72380990621818,158.33160400390625
2022-08-02,156.94937000342367,159.2139087149108,156.48861801917639,156.8611297607422
2022-08-03,157.67484132195506,163.31168761792614,157.5866160134525,162.86074829101562
2022-08-04,162.74307352499065,163.89986001020398,161.19416464799912,162.54701232910156
2022-08-05,160.22042780912037,162.81206933981917,160.01426786699392,162.32122802734375
2022-08-08,163.32251461167718,164.7361398246356,161.19226535966965,161.84999084472656
2022-08-09,161.0156004495246,162.78263230320212,160.25970057725633,161.89910888671875
2022-08-10,164.60853143111325,166.23812814464867,163.8428202002786,166.1399688720703
2022-08-11,166.9449356294848,167.85790820975464,165.10919401506573,165.40370178222656
2022-08-12,166.70935086886797,169.01629605421468,166.29703098384923,168.9475860595703
2022-08-15,168.3782005294128,170.21394216296972,168.21131628811554,170.01760864257812
2022-08-16,169.61512926108554,170.52810192661653,168.51564947224608,169.8605499267578
2022-08-17,169.60531301748716,172.92339013736907,169.4089794863745,171.3527069091797
2022-08-18,170.56735491708034,171.6962839363271,169.94889007422466,170.96002197265625
2022-08-19,169.86055507755876,170.55755638009072,168.17205964818893,168.3782196044922
2022-08-22,166.58172694573366,166.74861119438174,164.07843325743647,164.5005645751953
2022-08-23,164.0195321647684,165.6196796113523,163.5974008535258,164.16677856445312
2022-08-24,164.25514348994625,165.03066617037743,163.2047358944321,164.46128845214844
2022-08-25,165.68839353539587,167.0234825149317,165.26627719342727,166.91549682617188
2022-08-26,167.44563181749547,167.91683533755338,160.5640262370915,160.6229248046875
2022-08-29,158.19815240165843,159.91609703205498,156.89252766433086,158.4239501953125
2022-08-30,159.16022613846985,159.58234252318653,154.83100169515882,155.99920654296875
2022-08-31,157.37356030730842,157.63861884578063,154.26162776653078,154.3401641845703
2022-09-01,153.77073087696763,155.51812435449008,151.83681534634707,155.06655883789062
2022-09-02,156.82382625526336,157.4226533584457,152.13138370086696,152.95599365234375
2022-09-06,153.60389928231007,154.21253778677115,150.87482246778544,151.69943237304688
2022-09-07,151.98409298992328,153.80019664109167,150.7962505650505,153.10321044921875
2022-09-08,151.80741774838046,153.4959132532277,149.88331299426738,151.63072204589844
2022-09-09,152.62220516793604,154.92916542303703,151.91539245059826,154.48739624023438
2022-09-12,156.6667134786447,161.2511691580026,156.38203213199495,160.43637084960938
2022-09-13,156.97104316313002,157.59931943362142,150.56065692569356,151.0220489501953
2022-09-14,151.95462406702927,154.22232317214238,150.79624593389804,152.46510314941406
2022-09-15,151.81719923234522,152.39640331677907,148.6071081028978,149.57896423339844
2022-09-16,148.44022763272653,148.57766259301448,145.65223775657734,147.93955993652344
2022-09-19,146.5750321533895,151.72886599832884,146.36888718799335,151.65032958984375
2022-09-20,150.5900968013731,155.1843789131033,150.2759661753886,154.02598571777344
2022-09-21,154.45792171393398,155.83228620825895,150.78643873263653,150.90423583984375
2022-09-22,149.58879338602387,151.6405063427645,148.14571882351763,149.94219970703125
2022-09-23,148.4206031759059,148.69547312127722,145.83877299693037,147.6745147705078
2022-09-26,146.91863241520423,150.95334879982894,146.89899456754617,148.00830078125
2022-09-27,149.94222342090066,151.88595100420483,147.20332025510484,148.98016357421875
2022-09-28,144.93563790031018,147.88068609523327,142.18692325585735,147.0953369140625
2022-09-29,143.42383363893248,144.03247205665744,138.1031007730531,139.87013244628906
2022-09-30,138.69211755301987,140.4787870882612,135.47219979960417,135.6685333251953
2022-10-03,135.67837316238783,140.44935170481597,135.16789396191245,139.8406982421875
2022-10-04,142.3734205948832,143.54162523892447,141.61752082886468,143.423828125
2022-10-05,141.43100052371705,144.6803670999918,140.39040452379436,143.7183074951172
2022-10-06,143.13912691743977,144.8374334955695,142.5599378213271,142.76608276367188
2022-10-07,139.9290143479333,140.47876912027488,136.89561907456743,137.52389526367188
2022-10-10,137.84788513183594,139.29095992216133,136.03178109548642,137.84788513183594
2022-10-11,137.33738075448184,138.76083241469453,135.68816128454225,136.43423461914062
2022-10-12,136.58150689181417,137.78897231294513,135.62927355780315,135.80596923828125
2022-10-13,132.5173140288845,140.95977377434966,131.90866074826354,140.3707733154297
2022-10-14,141.66661609125816,141.87277603175662,135.65872326737428,135.84524536132812
2022-10-17,138.4859408048433,140.28240638195203,137.70059190346555,139.8013916015625
2022-10-18,142.825015544548,144.0128431743189,138.03439937209953,141.11688232421875
2022-10-19,139.09463421767856,142.2949146585481,138.9081120945048,141.22488403320312
2022-10-20,140.40024050696854,143.21766459219867,140.0370077826972,140.76345825195312
2022-10-21,140.2530052619691,145.14179598739213,140.03703386545854,144.57241821289062
2022-10-24,144.4938810962025,147.47818995640918,143.32567626964715,146.7124786376953
2022-10-25,147.34075911907576,149.6968066869272,146.62413491177585,149.54954528808594
2022-10-26,148.19479776463467,149.20592954793565,145.32827166402765,146.61428833007812
2022-10-27,145.35775035197634,146.31979510961392,141.48991849585923,142.14764404296875
2022-10-28,145.4853576495381,154.61500878306214,145.11232844918345,152.8872528076172
2022-10-31,150.35450854811523,151.4147275390832,149.13721674827332,150.5312042236328
2022-11-01,152.23931825640548,152.60253597457515,146.3983105936967,147.8904571533203
2022-11-02,146.22162239502856,149.3826416112209,142.34397906464244,142.37342834472656
2022-11-03,139.45781809061094,140.18426855678922,136.20845130657773,136.33607482910156
2022-11-04,139.71864706361086,140.28896920604143,132.1373281619349,136.07057189941406
2022-11-07,134.82180210827255,136.82775039724396,133.40583154940404,136.60159301757812
2022-11-08,138.06670690734794,139.06967336647747,135.19544046730184,137.17189025878906
2022-11-09,136.18861111865357,136.23777968306217,132.34386044564616,132.6191864013672
2022-11-10,138.88286812786214,144.4188995361328,137.171901375878,144.4188995361328
2022-11-11,143.38642351170455,147.50648417895965,141.96061049585242,147.20166015625
2022-11-14,146.48386123047396,147.77199641885335,144.96955367768106,145.8053741455078
2022-11-15,149.67960607049233,151.02673737922098,146.08068410249945,147.53598022460938
2022-11-16,146.64122201771914,147.36886279219104,144.83191778497329,146.306884765625
2022-11-17,143.98623783804743,148.95196191687904,143.71091192910288,148.20465087890625
2022-11-18,149.76811828911318,150.15160903599656,147.46717380781297,148.76513671875
2022-11-21,147.6540145740021,147.8605015253363,145.25473282614936,145.53988647460938
2022-11-22,145.65786938764137,147.9096450709946,144.47788413446048,147.67364501953125
2022-11-23,146.95583870512687,149.29612388958984,146.84767388557262,148.54881286621094
2022-11-25,145.83487333926465,146.3953678932279,144.66473067745702,145.63821411132812
2022-11-28,142.7177546502144,144.19272111621666,140.9871327315936,141.8131103515625
2022-11-29,141.8819361067611,142.39326202258005,138.00770341068628,138.8140106201172
2022-11-30,139.04018245155586,146.23802684928043,138.2043770255708,145.55953979492188
2022-12-01,145.73654727553216,146.64119170281938,144.16324348642758,145.83486938476562
2022-12-02,143.52408428382984,145.53003217962117,143.21924526160134,145.34320068359375
2022-12-05,145.3038811249747,148.4013049961633,143.33725898348703,144.1829071044922
2022-12-06,144.61557170242608,144.8417290558683,139.55151049910586,140.52499389648438
2022-12-07,139.8170142991394,140.97731424983792,137.66356048798676,138.58787536621094
2022-12-08,139.98414879173407,141.1247931057231,138.7451823842777,140.26930236816406
2022-12-09,139.9644643389149,143.14056922258405,138.54849429856367,139.7874755859375
2022-12-12,140.31849324023466,142.08845624970894,138.70586361029962,142.07862854003906
2022-12-13,147.00500937638787,147.4671667934874,141.83279839446703,143.04226684570312
2022-12-14,142.92424628798724,144.21238117508022,138.80417118832523,140.81996154785156
2022-12-15,138.7550029778536,139.43348990576752,133.7597817593244,134.22193908691406
2022-12-16,134.4088086870883,135.35277902524194,131.4982009688156,132.2651824951172
2022-12-19,132.8551198289837,132.94361419802092,129.12837858181032,130.1608428955078
2022-12-20,129.19725476241064,131.02621414919912,127.72228799900502,130.09207153320312
2022-12-21,130.76068907847488,134.52677190815584,130.53453175568677,133.18946838378906
2022-12-22,132.10783812958184,132.31432503613755,128.1254256005218,130.02320861816406
2022-12-23,128.73504823956048,130.2100144407527,127.4764116148737,129.65936279296875
2022-12-27,129.18741554567987,129.21691367798962,126.57180445054807,127.85993957519531
2022-12-28,127.50594763388183,128.84325132058044,123.76936998157427,123.93653106689453
2022-12-29,125.8539861302219,128.30242867918332,125.5983306446105,127.44695281982422
2022-12-30,126.26697469654857,127.78126710171549,125.30332657301084,127.7615966796875
2023-01-03,128.1057773178633,128.7154254385632,122.0977455022682,122.98272705078125
2023-01-04,124.77235152537197,126.51281646624362,122.99256074022561,124.2511978149414
2023-01-05,125.0083504698081,125.6376690392261,122.67790772126833,122.93356323242188
2023-01-06,123.90704074173942,128.11560378272642,122.80572954739813,127.456787109375
2023-01-09,128.29260255023266,131.18353963295718,127.72228030225448,127.97793579101562
2023-01-10,128.08610610497774,129.06941726347972,125.98182082594903,128.5482635498047
2023-01-11,129.05959971999454,131.2818777117784,128.2827904454057,131.26222229003906
2023-01-12,131.64572074057682,132.0193688291939,129.24643878440378,131.18356323242188
2023-01-13,129.8265664212103,132.6683349676498,129.46274610687883,132.51100158691406
2023-01-17,132.5798193932039,134.99875596810472,131.8915047175872,133.67129516601562
2023-01-18,134.5366534532576,136.296774002363,132.77651790001315,132.95352172851562
2023-01-19,131.84235433638028,133.9761376268957,131.53753029546903,133.0124969482422
2023-01-20,133.02234968254703,135.7166280099619,131.98004211916552,135.56912231445312
2023-01-23,135.81492969380113,140.92815961902411,135.59860004292767,138.75503540039062
2023-01-24,137.9683697007518,140.77081216801105,137.95854199183503,140.1513214111328
2023-01-25,138.53869500355867,140.0529874380773,136.49340619294276,139.4925079345703
2023-01-26,140.78065564701856,141.8426334902846,139.53184628445516,141.55747985839844
2023-01-27,140.77085209552519,144.77292136359273,140.69218538947123,143.49461364746094
2023-01-30,142.54076039880331,143.12091025214485,140.46597371619012,140.61346435546875
2023-01-31,140.31849689379183,141.93112656571586,139.90550801485074,141.8819580078125
2023-02-01,141.56731895311415,144.16325999959267,138.96155019582764,143.00294494628906
2023-02-02,146.41500811186492,148.65695608667727,145.69719525256042,148.302978515625
2023-02-03,145.5595602225663,154.75352622762708,145.3629009773319,151.9215850830078
2023-02-06,150.02377712562708,150.54493079230497,148.26364190831887,149.19778442382812
2023-02-07,148.12600388600742,152.63939885505883,148.12600388600742,152.06907653808594
2023-02-08,151.3119247541495,152.00023955919008,148.64714493246836,149.38462829589844
2023-02-09,151.213581264491,151.75440537570756,147.9096553354024,148.35214233398438
2023-02-10,147.19007494553122,149.04151212756338,146.95371454850684,148.71652221679688
2023-02-13,148.65743217523777,151.91715888947925,148.62788900472555,151.51339721679688
2023-02-14,149.8096612758476,151.43461079325414,148.56880303013764,150.87326049804688
2023-02-15,150.78461690781828,153.1383177826238,150.55811427879883,152.9709014892578
2023-02-16,151.17854429955682,153.95572244720177,151.02098573800205,151.37551879882812
2023-02-17,150.03617955770974,150.67630162569367,148.55896091432058,150.23313903808594
2023-02-21,147.91882364629484,149.00212332766463,146.15601601247863,146.22494506835938
2023-02-22,146.60902132895072,147.67262055430007,144.9250004924314,146.64842224121094
2023-02-23,147.81048914517564,148.05669224456878,145.00378282832062,147.13096618652344
2023-02-24,144.87576101262292,144.9545478123535,143.50687229977612,144.48184204101562
2023-02-27,145.46664446890208,146.90446214048941,145.21058363066865,145.67344665527344
2023-02-28,144.81668575965537,146.81585399639758,144.60002580056587,145.1712188720703
2023-03-01,144.60000744430354,144.9939263960711,142.80764165155819,143.10308837890625
2023-03-02,142.18725337015044,144.48186861811354,141.71453248481114,143.6940155029297
2023-03-03,145.79161175732688,148.8149928448926,145.0924034132026,148.7362060546875
2023-03-06,151.4542819528968,153.9261705239575,151.12930710707832,151.49368286132812
2023-03-07,151.3656431408717,151.69063299374776,148.83468341689917,149.29754638671875
2023-03-08,150.48916195859897,151.13914166926784,149.52405013269365,150.54824829101562
2023-03-09,151.2277963802791,152.1929083670859,147.9483691410299,148.3029022216797
2023-03-10,147.92864914378464,148.6475578517863,145.36813137887097,146.24461364746094
2023-03-13,145.56511831219402,150.81417020284252,145.4567883472071,148.18472290039062
2023-03-14,148.98242012042218,151.07021762009597,147.82034869008896,150.27252197265625
2023-03-15,148.89382292012243,150.92253451978002,147.6431066809658,150.66648864746094
2023-03-16,149.84907174243986,154.08376844517147,149.33696504123728,153.4830322265625
2023-03-17,153.70953434482817,154.35951419092353,151.93686886777078,152.64593505859375
2023-03-20,152.71489092530072,155.42312546588803,151.80885014610277,155.00949096679688
2023-03-21,154.93070734117964,156.9791040860205,154.16253977805687,156.86093139648438
2023-03-22,156.88062840402722,159.67749219321786,155.41325242402124,155.43295288085938
2023-03-23,156.41776312286146,159.0964541870748,155.28521978995877,156.5162353515625
2023-03-24,156.44728881765926,157.90480687220796,155.45263376473136,157.81617736816406
2023-03-27,157.5109061704178,158.32830230982592,155.47233717929535,155.87611389160156
2023-03-28,155.57083875533723,156.08294548571627,153.61105638332387,155.2556915283203
2023-03-29,156.94953135245441,158.60402382956926,156.92984592593675,158.32827758789062
2023-03-30,159.07676882534926,160.0024950198449,158.8207229739758,159.8941650390625
2023-03-31,159.97293860815142,162.49405610459849,159.45098920585787,162.39556884765625
2023-04-03,161.775118163648,163.76442815863666,161.7258745440201,163.64625549316406
2023-04-04,164.06977129650792,164.3061166832112,162.60239523685718,163.114501953125
2023-04-05,162.2380152446489,162.54330471265868,159.34266411557562,161.27288818359375
2023-04-06,159.96306777674639,162.45465692468338,159.5396056660462,162.15921020507812
2023-04-10,158.96843186504725,159.5691680908203,157.6487867222166,159.5691680908203
2023-04-11,159.88429605818737,159.8941387722609,158.0722298566841,158.3578338623047
2023-04-12,158.77144201112134,159.59868074602483,157.35330987869057,157.66845703125
2023-04-13,159.17525665056672,163.28192316496492,158.9684394039646,163.04556274414062
2023-04-14,162.09025757823102,163.79399372639534,161.33196290458474,162.7008514404297
2023-04-17,162.58266215472722,162.8781088558677,161.53876350080176,162.7205352783203
2023-04-18,163.57733566867122,164.86743742961687,163.13415809407996,163.94171142578125
2023-04-19,163.28189796071484,165.60605581206516,163.0258371209191,165.0841064453125
2023-04-20,163.56748026442403,165.3204450523275,163.04553091898333,164.1189727783203
2023-04-21,162.5432913390932,163.9220227028112,161.991798793606,162.5137481689453
2023-04-24,162.49404087672,163.08493430890758,161.40089854610392,162.81903076171875
2023-04-25,162.68119268208375,163.78417796430023,161.2433597017252,161.2827606201172
2023-04-26,160.58352244501583,162.7698073781101,160.32747660698578,161.27288818359375
2023-04-27,162.68115222078845,165.99996498511996,162.68115222078845,165.8522491455078
2023-04-28,165.93105213681218,167.27039764589344,165.33031595199535,167.10296630859375
2023-05-01,166.70903856930101,167.86126725124362,166.07875924686118,167.0143280029297
2023-05-02,167.50671716698386,167.76277797719564,164.99544284655173,165.98025512695312
2023-05-03,166.9256982160475,168.32412999077732,164.62124085601573,164.90682983398438
2023-05-04,162.38570858289833,164.50304913491388,161.8145156138655,163.27203369140625
2023-05-05,168.38322333782398,171.65280778469676,168.1665634032941,170.93389892578125
2023-05-08,169.86044681233003,171.20965008439242,169.49607101524845,170.86495971679688
2023-05-09,170.42179836441701,170.9043468501181,168.993823309898,169.16123962402344
2023-05-10,170.3922648627901,171.38692008917508,169.28926463206565,170.92405700683594
2023-05-11,171.20964753246403,171.93839911576495,169.5551548305296,171.1111602783203
2023-05-12,171.2196142676148,171.6535334613317,168.63584185680983,170.18414306640625
2023-05-15,170.766027969497,170.8153397179057,169.0993901889802,169.69110107421875
2023-05-16,169.61220528633143,170.74630026056693,169.4248296710781,169.69110107421875
2023-05-17,169.3360433616003,170.53916250241704,168.06386972955488,170.302490234375
2023-05-18,170.60823676479856,172.8172736869499,170.19404516336385,172.62989807128906
2023-05-19,173.95136353170963,173.95136353170963,172.52141315393132,172.73837280273438
2023-05-22,171.57465110395842,172.2945693897219,171.05197977463047,171.79161071777344
2023-05-23,170.73642708015296,170.9829707500323,168.9119979039132,169.18812561035156
2023-05-24,168.72461766792532,170.03623176135926,168.16250594092847,169.46424865722656
2023-05-25,170.02637505144457,171.49576564962197,169.31632809947834,170.59835815429688
2023-05-26,170.92377905521317,173.3399036765556,170.7166757800904,173.0045928955078
2023-05-30,174.5134895983742,176.51542312806916,174.1288820495124,174.84878540039062
2023-05-31,174.87836477742368,176.8704419237823,174.31623796446905,174.79946899414062
2023-06-01,175.24321733975688,177.62975798334406,174.4838587106697,177.6001739501953
2023-06-02,178.52721426739677,179.2668453318801,176.781680741823,178.4483184814453
2023-06-05,180.10506441660397,182.39298156722955,175.57851175717974,177.09722900390625
2023-06-06,177.4818481362361,177.62976831057978,174.97695616659206,176.73236083984375
2023-06-07,175.97302631817985,178.70473461267676,174.86851540394252,175.36160278320312
2023-06-08,175.44047811466785,178.33983422301452,175.00657387447097,178.07357788085938
2023-06-09,178.99068805786467,179.71059129506313,178.13272098000036,178.45816040039062
2023-06-12,178.7638742754878,181.34764691680866,178.468018885392,181.2490234375
2023-06-13,180.2727216495119,181.60404834381112,179.91769818813273,180.77566528320312
2023-06-14,180.8348467124019,181.84074910193183,179.50351991974284,181.40682983398438
2023-06-15,181.4166932611595,183.94129793003785,181.23917400121888,183.43833923339844
2023-06-16,184.14834610371997,184.40476108474166,181.72236544583518,182.36337280273438
2023-06-20,181.86046794433722,183.52710548415504,181.86046794433722,182.45216369628906
2023-06-21,182.34369383727915,182.84665255889604,180.06563271508736,181.4167022705078
2023-06-22,181.19971869233248,184.46395407144706,181.1306792503188,184.41464233398438
2023-06-23,182.98470820219737,184.96691381940127,182.45216546765664,184.0990753173828
2023-06-26,184.24698696904443,185.45012108460458,182.66910172140945,182.70855712890625
2023-06-27,183.32000947784528,185.78544616190248,183.10304984582174,185.4600067138672
2023-06-28,185.33177206150037,187.27453708797546,185.0063477089331,186.63352966308594
2023-06-29,186.4658979165552,187.4422162021352,186.32783407243755,186.96884155273438
2023-06-30,188.98065447297634,191.79124321876165,188.61575961709715,191.28829956054688
2023-07-03,191.10090642215079,191.19952989799955,189.10882958307744,189.79916381835938
2023-07-05,188.92145597370774,190.311950580781,187.98457816150727,188.6847686767578
2023-07-06,187.2153769807983,189.36524537083605,186.5842258571581,189.15814208984375
2023-07-07,188.7636804868427,190.0062550438309,187.60985803081866,188.04376220703125
2023-07-10,186.6434031135775,187.36332142042107,184.4540942539423,186.0023956298828
2023-07-11,186.5447760995126,186.68283993061024,184.02017173211044,185.47970581054688
2023-07-12,187.05761040387253,189.04968751691854,185.86434744027207,187.14637756347656
2023-07-13,187.86629083201726,188.54675382063684,187.1562438045736,187.90573120117188
2023-07-14,187.60001815586816,188.53688115718742,187.00832233558717,188.0536651611328
2023-07-17,189.24689758888442,191.63345333608896,189.15814548736353,191.30801391601562
2023-07-18,190.6768691009351,191.64331601668746,189.75971887799713,191.05160522460938
2023-07-19,190.4303301514657,195.48939585264796,189.9865395225249,192.40267944335938
2023-07-20,192.39280905028917,193.7537348839622,189.8386203157028,190.4599151611328
2023-07-21,191.41651794617295,192.2744851317762,188.58618628535973,189.286376953125
2023-07-24,190.73600754480273,192.21526924740334,189.59204154997948,190.0851287841797
2023-07-25,190.6571617022808,191.7518162507371,190.25282645288883,190.94314575195312
2023-07-26,190.9924473358141,192.93521264770516,190.64729522856234,191.81097412109375
2023-07-27,193.30992124955094,194.47359988570312,189.88789468037692,190.5486297607422
2023-07-28,191.97862287270013,193.9115318637554,191.45595149688123,193.12258911132812
2023-07-31,193.34938604539337,193.77344894031904,192.56044337061044,193.73399353027344
2023-08-01,193.52693454400202,194.01015053136803,192.58020018161,192.9056396484375
2023-08-02,192.34346122833557,192.48152505166297,189.19757732195913,189.91748046875
2023-08-03,188.92147165885288,189.7103992851957,188.05363321247987,188.52699279785156
2023-08-04,182.95510234495143,184.78938756590674,179.4048680308995,179.47390747070312
2023-08-07,179.61197056531847,180.59814508763776,174.89805755245857,176.3773193359375
2023-08-08,177.20569866966517,177.77768168655697,175.1248698685598,177.31417846679688
2023-08-09,178.3693964131728,178.42856448196,174.56276182695083,175.72645568847656
2023-08-10,176.9986245515979,178.25107058876787,175.14462641506705,175.50950622558594
2023-08-11,175.10462674008653,176.3883728930982,174.34424265962002,175.56874084472656
2023-08-14,175.746475363334,177.44498719165242,175.09471767076215,177.21786499023438
2023-08-15,176.64508212139745,177.23757669399234,174.83794429209823,175.23294067382812
2023-08-16,174.91701484938284,176.30938743269644,174.29488099061055,174.364013671875
2023-08-17,174.92684921501044,175.2922216904398,171.3125728746346,171.82608032226562
2023-08-18,170.14734105941557,172.91236175457905,169.81159252872837,172.3099822998047
2023-08-21,172.88274314562352,173.92949746098708,171.56935789788312,173.6431121826172
2023-08-22,174.8478880423005,175.46013721394584,174.04801023595033,175.01576232910156
2023-08-23,176.28962468028294,179.28176749229362,176.1019960768648,178.8571319580078
2023-08-24,178.41275636104422,178.83739189345877,173.81097351698816,174.17636108398438
2023-08-25,175.16386577811136,176.91174101480664,173.62335841851225,176.3784942626953
2023-08-28,177.8400098200833,178.33376298082638,176.31925671498092,177.9387664794922
2023-08-29,177.45489519701718,182.5899254092932,177.25739693272806,181.81967163085938
2023-08-30,182.62940848986258,185.50305529692773,182.43191025327192,185.3055419921875
2023-08-31,185.4931879048022,186.75719481874472,185.13768501849643,185.52281188964844
2023-09-01,187.12258052751662,187.54720101813678,185.92769123419916,187.09295654296875
2023-09-05,185.92766852324166,187.60642607121574,185.26604116890505,187.32992553710938
2023-09-06,186.0461707664675,186.49056063180015,179.2027597126584,180.62477111816406
2023-09-07,172.99135904079122,175.98351721110967,171.3718491931888,175.3416290283203
2023-09-08,176.121777292026,177.9881638364286,175.56876103562882,175.95388793945312
2023-09-11,177.82027676778657,178.0473990105972,175.12437356668377,177.119140625
2023-09-12,177.2475294233725,177.8795329175836,172.63587633671216,174.09738159179688
2023-09-13,174.30474566083996,175.0848841389881,171.80635572558617,172.0334930419922
2023-09-14,171.82609096561458,173.89986015970092,171.4113401404273,173.5443572998047
2023-09-15,174.27510652680778,174.29486087176767,171.6483512368518,172.82347106933594
2023-09-18,174.2751309871455,177.13890868226434,173.96900640397726,175.74652099609375
2023-09-19,175.30212586469654,177.38576479928514,174.91699900323943,176.832763671875
2023-09-20,177.02035765272817,177.45486279571944,173.20858308214417,173.29747009277344
2023-09-21,172.36923745366522,174.09737357666756,171.68785565712008,171.75697326660156
2023-09-22,172.48772049861157,174.86761425499944,171.87547142547365,172.60621643066406
2023-09-25,172.02359502231215,174.75899170155245,171.97421669351675,173.88011169433594
2023-09-26,172.63586851438868,173.01111068359924,169.51534481079926,169.8115997314453
2023-09-27,170.46333088230946,170.87808171574733,166.93794126401278,168.30068969726562
2023-09-28,167.2243249736919,169.8807195182162,165.5258128129139,168.55746459960938
2023-09-29,169.87084635964763,170.90773103963988,168.21182785802986,169.0709686279297
2023-10-02,169.0808037676989,172.12232450994816,168.79441854678254,171.57919311523438
2023-10-03,170.1078282132375,171.46072207785286,168.6858318118607,170.24607849121094
2023-10-04,168.9524729247714,172.03350325883684,168.8339769739755,171.49037170410156
2023-10-05,171.61874445939648,173.25800883188634,170.52261166431626,172.72476196289062
2023-10-06,171.62862082907643,175.76627518846593,171.01635659512883,175.27252197265625
2023-10-09,174.60098214625398,176.81300162773064,173.60360623261292,176.75375366210938
2023-10-10,175.87489990900735,177.47465549196244,175.72676490471198,176.16127014160156
2023-10-11,175.9736034231689,177.60299770884345,175.38110873868183,177.55361938476562
2023-10-12,177.8202822818536,180.0619109305439,176.80313684087554,178.45228576660156
2023-10-13,179.1533769286896,179.65699967721181,175.9143577270369,176.61549377441406
2023-10-16,174.5417330268598,176.84262444155877,174.3047260977915,176.48712158203125
2023-10-17,174.44299912050275,176.19088966345473,172.61612132571108,174.93675231933594
2023-10-18,173.3863659573123,175.36137864838344,172.9222367694585,173.6431121826172
2023-10-19,173.84059314667203,175.61810740546204,173.00122187734726,173.26785278320312
2023-10-20,173.11974130623128,173.2283676109075,170.48310107616433,170.72010803222656
2023-10-23,168.77470794688867,171.8359684831129,167.80694090892598,170.83859252929688
2023-10-24,170.88797493724758,171.50022404547477,169.30795876796012,171.27310180664062
2023-10-25,169.7325797223047,170.8978298690587,168.51793618108192,168.9623260498047
2023-10-26,168.24143389027685,169.23882483986895,163.60015755926395,164.80491638183594
2023-10-27,164.82468576422622,166.8490767618186,164.7456834493569,166.11831665039062
2023-10-30,166.90832288755587,169.03145545417337,166.7601878982554,168.16244506835938
2023-10-31,167.23420217717043,168.76482492650203,165.80230595130433,168.63645935058594
2023-11-01,168.86358325166134,172.05322449399938,167.99457285522465,171.79647827148438
2023-11-02,173.32712561259646,175.55888462715336,173.26787764016203,175.3515167236328
2023-11-03,172.06311427874405,174.61088250590672,171.18423421755685,174.4429931640625
2023-11-06,174.17636920813592,177.18825142381783,174.00849494223715,176.99075317382812
2023-11-07,176.94138484513783,180.1606652677133,176.7340169447808,179.5484161376953
2023-11-08,180.07179468790036,181.15804266662394,179.3212801943679,180.60504150390625
2023-11-09,180.67417400336535,181.81966995293175,179.53853262491765,180.13104248046875
2023-11-10,181.91086536697577,184.48177017271385,181.47578777634308,184.31365966796875
2023-11-13,183.7401702602705,183.9478113332898,182.14818998578377,182.73158264160156
2023-11-14,185.59912547957174,186.00454008995078,184.21480130754796,185.342041015625
2023-11-15,185.7474724520267,187.3789985945617,185.6782486931539,185.90567016601562
2023-11-16,187.44820698590362,188.82264852852316,186.5384909930313,187.58663940429688
2023-11-17,188.1206090057824,188.24915879673333,186.45941980581802,187.56687927246094
2023-11-20,187.7646375447921,189.76203272766995,187.75475490242272,189.3071746826172
2023-11-21,189.2676114417462,189.37638084971888,187.61630503925363,188.5062255859375
2023-11-22,189.3467095850447,190.77057938008178,188.6940931656517,189.16871643066406
2023-11-24,188.73363999587542,188.76330300712377,187.13177703645835,187.84371948242188
2023-11-27,187.79426021241986,188.5358656068872,186.7856726513042,187.66571044921875
2023-11-28,187.65581951789036,188.9412718291061,187.28006797313506,188.2688751220703
2023-11-29,188.7633011569372,189.9399842182602,186.85491037465812,187.25042724609375
2023-11-30,187.7151899349547,188.18982834207452,186.08366378848976,187.82395935058594
2023-12-01,188.19969953750024,189.4159283197641,187.11200544734405,189.09951782226562
2023-12-04,187.85360043262926,187.92282418358675,185.35191925319242,187.30975341796875
2023-12-05,188.081033613139,192.2241233156588,188.05135551468544,191.25509643554688
2023-12-06,192.27356863697858,192.58009647341478,189.95976327032974,190.16741943359375
2023-12-07,191.4627450433353,192.81740609388598,191.42318430562543,192.0955810546875
2023-12-08,192.0263919187675,193.79636559429088,191.50232520965804,193.51950073242188
2023-12-11,190.9485830810774,191.3243346926335,189.27749628821252,191.01779174804688
2023-12-12,190.9189246189266,192.54056806660662,189.57414602172835,192.5306854248047
2023-12-13,192.90642113434447,195.78385412672148,192.66911702808835,195.7443084716797
2023-12-14,195.80361960949875,197.38570218691584,193.96443748585023,195.89260864257812
2023-12-15,195.3191276085836,196.17938523204796,194.7950608853233,195.3586883544922
2023-12-18,193.8952224343076,194.4291868327445,192.21425301938103,193.6974639892578
2023-12-19,193.96443406555753,194.74558515548247,193.69745188302565,194.73570251464844
2023-12-20,194.69616113684165,195.46742966263125,192.6493377685547,192.6493377685547
2023-12-21,193.90511142023345,194.87413831888384,191.33420648650613,192.50099182128906
2023-12-22,192.9953923922105,193.22282892375426,190.81013681243016,191.43309020996094
2023-12-26,191.44299668429173,191.71986154255086,190.67172813799795,190.88926696777344
2023-12-27,190.33551208827305,191.3342019743918,188.9511728919884,190.9881134033203
2023-12-28,191.96705978425237,192.4812438348005,191.00791544042355,191.413330078125
2023-12-29,191.72973752393827,192.2241411947973,189.5840274029703,190.3750762939453
2024-01-02,185.05525771688224,186.3308274284663,181.83175174149957,183.56216430664062
2024-01-03,182.15809638511382,183.79952025374087,181.37693010719954,182.18775939941406
2024-01-04,180.11123597031312,181.04071720671112,178.85546161628733,179.87393188476562
2024-01-05,179.95306152436652,180.71443234786256,178.1534248404595,179.15211486816406
2024-01-08,180.0519005320401,183.52262348166371,179.46850790157933,183.48306274414062
2024-01-09,181.86143345023166,183.07766218215258,180.68475037086026,183.06777954101562
2024-01-10,182.2866315170422,184.31367440860302,181.8614365329183,184.1060333251953
2024-01-11,184.4521049955326,184.9564063690912,181.5647895230864,183.5127410888672
2024-01-12,183.97748271061099,184.64987951630312,183.11722519297732,183.83905029296875
2024-01-16,180.12114381484557,182.1976301200088,178.90489995610474,181.57469177246094
2024-01-17,179.24109293861534,180.88250149305736,178.2819487070673,180.6352996826172
2024-01-18,184.0071435872404,187.02300881659582,183.75005912545993,186.5187225341797
2024-01-19,187.21090309791916,189.80157360580037,186.70661676571424,189.4159393310547
2024-01-22,190.14764863184953,193.14373357255337,190.10808789018887,191.7198486328125
2024-01-23,192.83722464512005,193.55904982724218,191.66054141727486,192.99542236328125
2024-01-24,193.23271418014866,194.18197579456825,192.16480052192722,192.32301330566406
2024-01-25,193.03500076735907,194.07325165678844,190.94861634521232,191.9967498779297
2024-01-26,192.09558049769083,192.5800863732271,189.7916578927919,190.2662811279297
2024-01-29,189.86091028509443,190.04878611194624,187.45811545873704,189.58404541015625
2024-01-30,188.80286821503816,189.65324309628332,185.37170567810733,185.93531799316406
2024-01-31,184.9465411859158,185.00588230760198,182.28666178515888,182.33609008789062
2024-02-01,181.93065217781273,184.857513201702,181.7625567551165,184.76852416992188
2024-02-02,177.84689023760967,185.23328233515724,177.2437171517322,183.7698516845703
2024-02-05,186.0440863383638,187.1317803970082,183.75994390321247,185.579345703125
2024-02-06,184.76852130142626,187.19109601961685,184.67953227102765,187.18121337890625
2024-02-07,188.50623739169367,188.91165203661865,186.49895962721544,187.29000854492188
2024-02-08,187.27018928785674,187.41850432812907,185.25302930015292,186.21217346191406
2024-02-09,186.77652244170517,188.10322646586073,186.13298359451971,186.97454833984375
2024-02-12,186.5487888854563,186.79630612181433,184.93497167008087,185.29139709472656
2024-02-13,183.92510799252145,184.36074073565214,181.68754255866872,183.2023468017578
2024-02-14,183.47962222785034,183.68752828939827,180.62821823999963,182.32122802734375
2024-02-15,181.72716915991907,182.65783644316613,179.5490203671251,182.03408813476562
2024-02-16,181.59850447628455,183.01431139428482,179.8658832462877,180.49952697753906
2024-02-20,179.98466968931257,180.6183133605895,178.2124525032785,179.7569580078125
2024-02-21,180.13316833455778,181.0737309260645,178.86588113831095,180.5093994140625
2024-02-22,181.65787110291916,183.1231842228548,180.64801151557128,182.53903198242188
2024-02-23,183.17269052734747,183.2023913936763,180.42029946099493,180.70742797851562
2024-02-26,180.43019254491847,180.9450175834942,178.85597124394113,179.3609161376953
2024-02-27,179.30152539649055,182.09351248592515,177.77681047698752,180.8163299560547
2024-02-28,180.69750358801915,181.30144633523983,178.34114943443706,179.6183319091797
2024-02-29,179.4698267249393,180.75691955299587,177.74710108364005,178.95498657226562
2024-03-01,177.76690051629518,178.73716395290236,175.61845249589473,177.8758087158203
2024-03-04,174.40064432483445,175.14319605787904,172.06408093389737,173.361083984375
2024-03-05,169.064154947663,170.33144189377032,167.93547703918458,168.43051147460938
2024-03-06,169.36121186741923,169.53943215491887,167.00484265804033,167.4404754638672
2024-03-07,167.47017484778516,169.0344857697736,166.81674075207243,167.32167053222656
2024-03-08,167.32166963491963,171.9749911536114,167.26226790901475,169.03448486328125
2024-03-11,171.22253935977105,172.64824117092596,170.34137853305091,171.034423828125
2024-03-12,171.43046672764987,172.30173241116674,169.31171935776177,171.50967407226562
2024-03-13,171.05422401757613,171.4700511814422,169.0641756745517,169.43051147460938
2024-03-14,171.19284931228447,172.57893998999515,170.34138929390355,171.28195190429688
2024-03-15,169.47010369924573,170.90570068359375,168.5988381717502,170.90570068359375
2024-03-18,173.82643054023092,175.94517770513775,171.7967859641753,171.9947967529297
2024-03-19,172.60866449637948,174.85612585981306,171.31167623303145,174.33139038085938
2024-03-20,173.97492929704185,176.8956298828125,173.3511809805003,176.8956298828125
2024-03-21,175.29172116809335,175.72735394947048,169.14338597139206,169.66812133789062
2024-03-22,170.05423645695066,171.33143385532912,168.37112227286767,170.56907653808594
2024-03-25,168.87608692531137,170.2324767040703,167.76719930445816,169.15330505371094
2024-03-26,168.31174106723407,169.71763732680742,167.8959138727621,168.02462768554688
2024-03-27,168.71767294274684,171.87599567632833,168.42064920188324,171.5888671875
2024-03-28,170.04433088544315,170.51955971989585,168.81664003025037,169.77700805664062
2024-04-01,169.48992969134684,169.54933141950085,167.79690490268092,168.34144592285156
2024-04-02,167.40084523242243,167.6582576982894,166.55928065565234,167.16322326660156
2024-04-03,167.11374996517486,168.98497988400436,166.90584392266877,167.9652099609375
2024-04-04,168.59888151299202,170.2126991824844,167.14349365234375,167.14349365234375
2024-04-05,167.90583031188157,168.69788868535903,167.27218663455102,167.89593505859375
2024-04-08,167.3513719945941,167.51968192191484,166.5692240844266,166.77713012695312
2024-04-09,167.02464767080627,168.39094781013864,166.67813256359855,167.98501586914062
2024-04-10,167.12364410431726,167.41075745661644,165.4504251384005,166.11376953125
2024-04-11,166.6682071669761,173.71750852250418,166.49000200344838,173.30166625976562
2024-04-12,172.52942533467058,176.5887144383463,172.47993396851362,174.79669189453125
2024-04-15,173.61848833629102,174.87588010863277,170.78689058947398,170.97500610351562
2024-04-16,170.04436539186383,172.0343988146065,166.59892920522176,167.69790649414062
2024-04-17,167.9256158132339,168.95528100035153,166.33160400390625,166.33160400390625
2024-04-18,166.36132321946832,166.96526602396756,164.896025062108,165.3811492919922
2024-04-19,164.559379327856,164.74747975255278,162.45052746983075,163.36138916015625
2024-04-22,163.87625517565544,165.5989658830707,163.13370328942287,164.1930694580078
2024-04-23,163.70794332424896,165.39105789202225,163.2822057253187,165.24253845214844
2024-04-24,164.88609429896647,167.6186945681344,164.55938480415762,167.3414764404297
2024-04-25,167.84644006349347,168.91571667477083,166.4801396534294,168.20286560058594
2024-04-26,168.19293999888993,169.63843239437367,167.49987955768663,167.6186981201172
2024-04-29,171.64826373021612,174.28185098854456,171.38095596804143,171.7769775390625
2024-04-30,171.60868084411632,173.2521991943247,168.31174889120035,168.6384735107422
2024-05-01,167.8959162536964,170.99483730573115,167.43058257791944,167.6186981201172
2024-05-02,170.79680537480178,171.69777183075684,169.19289835753364,171.3116455078125
2024-05-03,184.7963833456082,185.14291355827163,180.84601747897057,181.55886840820312
2024-05-06,180.53911545314375,182.37073431535399,178.62827413884693,179.9054718017578
2024-05-07,181.62815272879564,183.0637497391675,179.5193160584302,180.5885772705078
2024-05-08,181.03415540635302,181.25197183429347,179.64804949152685,180.9252471923828
2024-05-09,180.74698180735047,182.82613260743545,180.30145380940453,182.73703002929688
2024-05-10,183.31208481142474,183.5004555242596,180.56588428269347,181.4779815673828
2024-05-13,183.84742393900163,185.4931713127623,183.03445892506747,184.68020629882812
2024-05-14,185.89964252722956,186.68286641073877,184.69011878206607,185.82032775878906
2024-05-15,186.2962297111884,189.01268886802714,185.76085876781028,188.09068298339844
2024-05-16,188.83421956137332,189.45881387860598,188.03117836935675,188.20962524414062
2024-05-17,187.8824709799172,189.1713095252472,187.55530322495105,188.2393798828125
2024-05-20,187.7040166341828,190.27176982167657,187.38675756521698,189.39932250976562
2024-05-21,189.44888573499304,191.07480055486454,189.28034753675723,190.6980743408203
2024-05-22,190.61877317517173,191.16405275409193,188.63594934473116,189.26052856445312
2024-05-23,189.3398657052663,189.35969818168277,185.02723244112752,185.27508544921875
2024-05-24,187.19839293954828,188.94327235106317,186.4250777783575,188.34841918945312
2024-05-28,189.86531862155948,191.3425280405038,187.47602704829728,188.35838317871094
2024-05-29,187.98162409974876,190.59895109353056,187.8824768517226,188.65577697753906
2024-05-30,189.12172393667825,190.52952698465035,188.99285067972127,189.6471710205078
2024-05-31,189.79592715782175,190.91622762632966,188.27906791647348,190.59896850585938
2024-06-03,191.24336235629542,193.31542486412093,190.86663609575578,192.36366271972656
2024-06-04,192.9684415601165,193.64260962317667,191.37226754827617,192.68093872070312
2024-06-05,193.72188613227584,195.20900403542353,193.19643901671662,194.18785095214844
2024-06-06,194.0094143560484,194.8124556459051,192.5024638984892,192.80979919433594
2024-06-07,192.97832848334124,195.24867030234284,192.47271383884646,195.1990966796875
2024-06-10,195.20900753042525,195.60558138834554,190.49980075281104,191.4614715576172
2024-06-11,191.98692512163242,205.38091074009856,191.96710777388114,205.37098693847656
2024-06-12,205.58908283581826,218.30889945026047,205.1231180281253,211.24014282226562
2024-06-13,212.8957760920924,214.88850837078886,209.78274363476027,212.4000701904297
2024-06-14,212.01346682824212,213.32212283006638,209.48536314811375,210.66514587402344
2024-06-17,211.53758704443374,217.06966817138198,210.8931752545736,214.8092498779297
2024-06-18,215.72132373307375,216.75240063817128,211.1707464886947,212.4496612548828
2024-06-20,212.0927425591543,212.4000929584359,207.05638337080816,207.87924194335938
2024-06-21,208.58317289420788,210.07029091430852,205.33134270047418,205.7080841064453
2024-06-24,205.93608683303725,210.87331399723786,204.8157865138524,206.35247802734375
2024-06-25,207.35378999494392,209.56464939365068,206.8184342324815,207.2744903564453
2024-06-26,209.68360834691896,213.01475280094434,208.83099354238436,211.4185791015625
2024-06-27,212.84622088780682,213.88720639689362,210.52632069800987,212.26129150390625
2024-06-28,213.91695291908772,214.21437951883613,208.4939285392998,208.81117248535156
2024-07-01,210.26856627972688,215.64201747450758,210.10002805599396,214.8885498046875
2024-07-02,214.2936836981781,218.4873670751859,213.25271326862932,218.37831115722656
2024-07-03,218.1106471909744,219.6473388671875,217.14897630904898,219.6473388671875
2024-07-05,219.74645469045154,224.50523511983306,219.74645469045154,224.39617919921875
2024-07-08,225.13973799267995,225.89322076278884,221.3327197032473,225.8634796142578
2024-07-09,225.97252074204383,227.42989753320916,224.4259205051531,226.71607971191406
2024-07-10,227.3307677065015,231.0783037422216,227.28119408246098,230.97915649414062
2024-07-11,229.40281699319425,230.39422897123262,223.83108651749725,225.61563110351562
2024-07-12,226.9540218514806,230.64207551688347,226.71607753741577,228.5601043701172
2024-07-15,234.44907084333448,235.1926297333435,231.0881852656036,232.38693237304688
2024-07-16,232.98182214446476,234.2409196318231,230.3347538954296,232.80337524414062
2024-07-17,227.4794799069808,229.47222770464353,224.6936146131452,226.9143829345703
2024-07-18,228.30231800055432,228.46094752609622,220.36111458394757,222.25469970703125
2024-07-19,222.88925101284036,224.85224251867803,221.36246807560826,222.3836212158203
2024-07-22,225.06043082550624,225.82382229500527,221.17409763275575,222.03663635253906
2024-07-23,222.44308791792702,224.9910238167192,220.76759935066607,223.0775909423828
2024-07-24,222.07627816799848,222.86941075843336,215.26528287042115,216.6631622314453
2024-07-25,217.0497975364767,218.95332167523742,212.77681471652627,215.62217712402344
2024-07-26,216.8217851678197,217.6050090608147,214.15488466672127,216.08815002441406
2024-07-29,215.09674706599597,217.41664743865044,213.8971319294418,216.36575317382812
2024-07-30,217.30756370891964,218.43777260182014,214.26392209769764,216.92091369628906
2024-07-31,219.53827220377053,221.89783756706774,218.73523091700034,220.1727752685547
2024-08-01,222.44310665442717,222.55216258005441,215.15623749650504,216.48472595214844
2024-08-02,217.2679231335739,223.66254232334134,215.84030263063204,217.97183227539062
2024-08-05,197.38022606416695,211.66647767263768,194.31676638799527,207.47280883789062
2024-08-06,203.53686913101606,208.18659343179937,199.34320096724198,205.45028686523438
2024-08-07,205.12311510057037,211.80523672133984,204.61750047992084,208.01805114746094
2024-08-08,211.27977851822874,212.36041379670297,207.03653703937619,211.47805786132812
2024-08-09,210.27848952903548,214.91829038971974,210.1496011292121,214.3829345703125
2024-08-12,214.4623401059105,217.8767320905019,213.9958359256548,215.91146850585938
2024-08-13,217.380462936734,220.2390393048837,217.380462936734,219.6236572265625
2024-08-14,218.9288446755302,221.37053243582614,218.06530765715263,220.07028198242188
2024-08-15,222.9288713384501,223.67329096872731,221.10255033510867,223.0479736328125
2024-08-16,222.25391598005478,225.14226768918678,221.98592068094572,224.36807250976562
2024-08-19,224.0405257400108,224.30852103873067,221.38045847347976,224.20925903320312
2024-08-20,224.0901616619868,225.47973889834265,223.7725353535306,224.82464599609375
2024-08-21,224.83457153469638,226.2836998547364,223.37550792716294,224.7154541015625
2024-08-22,226.09512887719345,226.64103964823346,222.23407290784718,222.85939025878906
2024-08-23,223.9809934126029,226.5219434569281,222.66088738350675,225.15220642089844
2024-08-26,225.07279660900764,225.58893181224732,222.22415556593285,225.4896697998047
2024-08-27,224.31846403822652,227.147264886192,223.21672230373292,226.33335876464844
2024-08-28,226.22416240429726,228.149730282918,224.00082364270057,224.8048095703125
2024-08-29,228.3879521456165,231.18696212304621,227.1770283167567,228.0802459716797
2024-08-30,228.4772602189495,228.68568922028223,225.78741746908054,227.29611206054688
2024-09-03,226.84946493362216,227.29611365629745,219.52437135882835,221.1124725341797
2024-09-04,220.01074262314262,220.12984491677884,215.86183603349318,219.20677185058594
2024-09-05,219.98098315180297,223.80232842315377,219.87180099289256,220.72540283203125
2024-09-06,222.2837029728863,223.56411324365834,218.13481142105056,219.177001953125
2024-09-09,219.17700018247805,219.6236489368284,215.09757995493325,219.26632690429688
2024-09-10,217.2910961852286,219.8320457576339,215.11738873446274,218.4722442626953
2024-09-11,219.81224273641337,221.4301044903715,216.26879790334314,221.00331115722656
2024-09-12,220.8444772424724,221.88666769221828,218.18442519080247,221.1124725341797
2024-09-13,221.91643313573508,222.3730019797634,220.25886075018875,220.84446716308594
2024-09-16,214.92882889414335,215.60377723416104,212.32832783334672,214.71047973632812
2024-09-17,214.14471619981742,215.28615358843467,212.904016801209,215.17697143554688
2024-09-18,215.931307109631,221.05291740528648,215.92137182236397,219.04794311523438
2024-09-19,223.31597824995185,228.11004268622213,222.95865620671253,227.16709899902344
2024-09-20,228.25889437635817,231.35567496568984,225.9263736470506,226.50205993652344
2024-09-23,225.64846451262724,227.742765583781,224.12984974700805,224.78494262695312
2024-09-24,226.94872814757065,227.64353192764617,224.05045616714196,225.67825317382812
2024-09-25,223.2563961324406,225.59883710649478,222.35317851779175,224.68568420410156
2024-09-26,225.608784129346,226.79985253593196,223.73284722402752,225.8271484375
2024-09-27,226.7601514881057,227.81226214161182,225.6087788258606,226.09512329101562
2024-09-30,228.32838978012126,231.26637268066406,227.94129216556473,231.26637268066406
2024-10-01,227.81225543239978,227.9412778656533,222.07526286618742,224.52688598632812
2024-10-02,224.209243584203,225.67822726420644,221.36060293586246,225.09262084960938
2024-10-03,223.46483520314058,225.12240767637772,221.65838486968212,223.9908905029297
2024-10-04,226.20430944090455,226.30357145139808,222.46237094034984,225.1125030517578
2024-10-07,222.82963268641961,224.01078104684052,219.68322053674163,220.04054260253906
2024-10-08,222.63110049734397,224.298593199742,221.58890998571715,224.0901641845703
2024-10-09,223.55414845411647,228.04052116337735,223.157130753936,227.8320770263672
2024-10-10,226.0851959438118,227.7923994519787,225.47973405841245,227.3358154296875
2024-10-11,227.59388209213523,227.7030642360917,225.64845893034402,225.85690307617188
2024-10-14,226.99834931201846,230.0058033150611,226.89910245149323,229.57901000976562
2024-10-15,231.87182665313995,235.7229623804217,230.6410474142004,232.11004638671875
2024-10-16,229.87679699083486,230.39291705034768,228.1298824963092,230.05545043945312
2024-10-17,231.69314333147315,232.1100316250369,228.80480686495974,230.42266845703125
2024-10-18,234.4226930307779,234.4226930307779,232.26884075534687,233.25148010253906
2024-10-21,232.7055644739604,235.08771628667242,232.7055644739604,234.720458984375
2024-10-22,232.14974382855843,234.4624093106695,230.86934872103873,234.10508728027344
2024-10-23,232.33833466706656,233.39044533687328,226.0653512199268,229.04302978515625
2024-10-24,228.26880958821053,229.10257100562325,226.71049918514768,228.85443115234375
2024-10-25,228.03061417648678,231.48471683213373,227.86188088691335,229.6881866455078
2024-10-28,231.5839844241638,232.98348177622344,230.81970938626554,231.6633758544922
2024-10-29,231.36561495313973,232.5864588417728,230.59141979007921,231.93136596679688
2024-10-30,230.87925826342104,231.7328600109945,227.8420287171323,228.387939453125
2024-10-31,227.63359787833264,228.11995749798112,223.69313535160188,224.2291259765625
2024-11-01,219.32586653780092,223.67328184782377,218.6310779402587,221.25143432617188
2024-11-04,219.34572401852256,221.13231895883285,218.0752491010658,220.35812377929688
2024-11-05,220.14966716155428,222.28366370888506,219.49457435479323,221.78738403320312
2024-11-06,220.95366880237512,224.387931303672,219.54423614319148,221.06285095214844
2024-11-07,222.95864433437472,226.18446269494834,222.89909318788202,225.7874298095703
2024-11-08,225.72782337627459,227.20836966100222,224.97265364792685,225.5191650390625
2024-11-11,223.57158868270503,224.26714170400084,220.0938084143074,222.8064727783203
2024-11-12,223.12444853772337,224.15783943194586,221.9420008205612,222.8064727783203
2024-11-13,222.58788780053936,225.2111273985325,221.34582330978657,223.6908416748047
2024-11-14,223.59146688403666,227.41701609796436,223.57158960851197,226.77114868164062
2024-11-15,224.96270031544069,225.47940335635096,222.8462328667566,223.57159423828125
2024-11-18,223.8199993254601,228.28149999782985,223.74050538640262,226.57241821289062
2024-11-19,225.53901477922054,228.6988344551977,225.22105418122663,226.8307647705078
2024-11-20,226.6121839320157,228.47030759238797,224.45596175602086,227.5462188720703
2024-11-21,227.42697481306035,228.6988476019872,224.27710117470866,227.0692596435547
2024-11-22,226.6121379068964,229.25525429365297,226.6121379068964,228.41064453125
2024-11-25,229.99057974831032,231.7692092379923,228.28149797848934,231.39161682128906
2024-11-26,231.84870566104107,234.07449047305911,231.84870566104107,233.56771850585938
2024-11-27,232.9814664022851,234.1937224347506,232.32565277909848,233.43853759765625
2024-11-29,233.3192972938568,236.3002516789311,232.48463370489634,235.82330322265625
2024-12-02,235.76367580720535,239.26131787624368,235.65437354492806,238.06893920898438
2024-12-03,238.28756099978403,241.21882985808793,237.3833345065081,241.10952758789062
2024-12-04,241.32812877991805,242.5602620666903,239.71841824290905,241.4672393798828
2024-12-05,242.44105143123323,242.98754766386446,240.59285890906452,241.4970703125
2024-12-06,241.36790273028285,243.0769846168902,240.5431701206591,241.29833984375
2024-12-09,240.29475369946152,245.67041216886827,240.21525975684386,245.1835174560547
2024-12-10,245.32261857013248,246.63424582967986,243.7824557106041,246.19703674316406
2024-12-11,246.3858398593606,249.20780656351602,244.69662013013263,244.9251708984375
2024-12-12,245.32261935264157,247.1608807008323,244.12029436088807,246.38583374023438
2024-12-13,246.24673423955153,247.7073880681415,244.676762972136,246.5547637939453
2024-12-16,246.4156487620838,249.7841268474892,246.07779571830554,249.44627380371094
2024-12-17,248.49234928857376,252.2185421189052,248.19425082976375,251.87075805664062
2024-12-18,250.55917390522964,252.6657103008961,246.1672359539693,246.4752655029297
2024-12-19,245.92873792847348,250.400169527173,245.5213371883983,248.20419311523438
2024-12-20,246.46531011815415,253.38113119374523,244.13023820234332,252.87437438964844
2024-12-23,253.15260355822258,254.02700659111463,251.84097626600598,253.64942932128906
2024-12-24,253.86798918256417,256.57070690893096,253.66924678278625,256.560791015625
2024-12-26,256.55086249805703,258.44874034869076,255.99442012888886,257.3755798339844
2024-12-27,256.19316170058187,257.05766400729357,251.45345479939442,253.96739196777344
2024-12-30,250.6287005424076,251.8906421270002,249.15810064436016,250.59889221191406
2024-12-31,250.83738041728796,251.6720440162376,247.84647977817443,248.8302001953125
2025-01-02,247.34966196417784,247.51859606258614,240.28481431614935,242.3019256591797
2025-01-03,241.8150177001953,242.6298040057451,240.3543488544026,241.8150177001953
2025-01-06,242.75898865424097,245.75982034447205,241.65603491404494,243.44461059570312
2025-01-07,241.4374487975533,243.9911405526811,239.81780708502322,240.67234802246094
2025-01-08,240.38419368621172,242.1628385440956,238.5260700426742,241.15924072265625
2025-01-10,238.48630187104285,238.63535869995312,231.5208099984783,235.34637451171875
2025-01-13,232.04742383507855,233.180185891021,228.26161420500546,232.91189575195312
2025-01-14,233.25969544364762,234.62099318079112,230.99417118008773,231.7990264892578
2025-01-15,233.1503884256181,237.4429702030776,232.94171493841435,236.35987854003906
2025-01-16,235.84318609247865,236.49898454969573,226.58234697208553,226.81088256835938
2025-01-17,230.64640281529265,230.81532176659897,227.02951162481844,228.51998901367188
2025-01-21,222.57794445660952,222.99527628303537,217.9872792040061,221.22657775878906
2025-01-22,218.39465138442915,222.6971640978084,218.39465138442915,222.4090118408203
2025-01-23,223.3132424800993,225.58869773276695,220.88873040600683,222.24009704589844
2025-01-24,223.35299524803202,224.19760513427786,220.00439436057442,221.36569213867188
2025-01-27,222.5978054024586,230.67618150163648,222.5580508531902,228.40072631835938
2025-01-28,229.38447454034346,238.66517670855166,229.34471998625472,236.74742126464844
2025-01-29,232.6336842670617,238.33724933385383,232.52438199561368,237.84042358398438
2025-01-30,237.1548105184623,239.26134692510684,235.7040877651042,236.0816650390625
2025-01-31,245.62073349000855,245.62073349000855,231.9580244316672,234.50177001953125
2025-02-03,228.52991033796462,230.35822543026035,224.2671369795404,226.56246948242188
2025-02-04,225.80729852188347,231.64997406812495,225.21110156992967,231.3220672607422
2025-02-05,227.0791967098242,231.19291368703577,226.82085275464706,230.9941864013672
2025-02-06,229.82163993606684,232.31571480889477,228.9670990724139,231.73939514160156
2025-02-07,231.1233398047693,232.51444580894437,225.81722939017394,226.1848907470703
2025-02-10,228.36338248973718,229.378010419489,226.00582893863492,226.45346069335938
2025-02-11,227.000572314181,233.99362125199642,226.93094812871882,231.3973388671875
2025-02-12,229.98480349517558,235.71453849328682,229.4675323792709,235.625
2025-02-13,235.66483088933668,241.06628412426815,234.3318774239705,240.2605438232422
2025-02-14,239.9819634692372,244.2593652320747,239.72333552212132,243.31436157226562
2025-02-18,242.86674847770814,243.8913336127375,240.56889220053384,243.18507385253906
2025-02-19,243.37405904734027,244.7169542759842,241.88194311867716,243.58294677734375
2025-02-20,243.6525813389452,245.4829065325138,243.00598867544505,244.53790283203125
2025-02-21,244.6572756706751,247.38287960480025,243.93111682470231,244.25938415527344
2025-02-24,243.64264638435856,247.55199828948733,243.1353323966777,245.80125427246094
2025-02-25,246.69650753214344,248.68599549611233,243.62275227067275,245.74154663085938
2025-02-26,243.04579925662603,243.6923767743236,237.87313357927937,239.09666442871094
2025-02-27,238.15166004001364,241.1856322165831,235.81400561415145,236.05274963378906
2025-02-28,235.70459571566596,240.8175794410065,228.9900734891547,240.5688934326172
2025-03-03,240.51914741730602,242.74737946323825,234.8690087281554,236.77891540527344
2025-03-04,236.46063041402056,238.80822713414068,233.44654177924315,234.68997192382812
2025-03-05,234.18263593082168,235.30670153327668,228.0251680036218,234.50096130371094
2025-03-06,233.20778757123546,236.60981025581015,231.93451645578955,234.09310913085938
2025-03-07,233.87426828677374,240.10136041796665,233.5261018066448,237.81346130371094
2025-03-10,234.3019970725287,234.91874867921032,223.04150278970278,226.28436279296875
2025-03-11,222.63365113389432,224.65298022983382,216.30707871737093,219.67926025390625
2025-03-12,218.98294858814833,220.58448707211764,213.7804415985268,215.8395538330078
2025-03-13,214.81497612462363,215.70029772842102,207.3245545879158,208.5779266357422
2025-03-14,210.13965751241793,212.82546311709572,208.47843695256688,212.36788940429688
2025-03-17,212.18883784213668,214.0888025037831,208.8663965620962,212.87521362304688
2025-03-18,213.03437263106773,214.01915944879542,210.37840804794794,211.5720977783203
2025-03-19,213.0940452987452,217.61017604964766,212.62651443867486,214.1086883544922
2025-03-20,212.86529372925065,216.34689805154306,211.1045924362575,212.97471618652344
2025-03-21,210.4480334492585,217.68976839110027,210.16950634984832,217.12277221679688
2025-03-24,219.83843988574125,220.31591279023903,217.43116105321957,219.56985473632812
2025-03-25,219.6096416779903,222.92214108802088,218.92326587520165,222.573974609375
2025-03-26,222.33523531503357,223.83730853242594,219.3112201065871,220.3656463623047
2025-03-27,220.22636977863218,223.80745418869535,219.40073045135125,222.67344665527344
2025-03-28,220.504904155295,222.6336557419088,216.5358700680628,216.7547149658203
2025-03-31,215.86939419548492,224.43414081005062,215.09349507460487,220.96249389648438
2025-04-01,218.65468232589998,222.50433685640354,217.749461617725,222.0169219970703
2025-04-02,220.15674221426906,224.0063965120705,219.85831598824518,222.71322631835938
2025-04-03,204.45966369883956,206.39942653372108,200.19221885499383,202.1220245361328
2025-04-04,192.87092693410324,198.82944937179326,186.35535024633944,187.389892578125
2025-04-07,176.26863687444822,193.12954493623218,173.70219548773406,180.50625610351562
2025-04-08,185.71872345097177,189.3395914266431,168.32065857366717,171.51377868652344
2025-04-09,171.0462451746259,199.55561475938035,170.98656295712524,197.80487060546875
2025-04-10,188.0762635840202,193.7562435722064,182.0381599544528,189.41915893554688
2025-04-11,185.12185293864357,198.4911987157403,185.08205468111316,197.10850524902344
2025-04-14,210.32868138530173,211.8207974391945,200.10271391024364,201.45556640625
2025-04-15,200.7990180691496,202.44033954558066,198.74984792281177,201.07754516601562
2025-04-16,197.31743142832593,199.64512887500646,191.35890907242805,193.24893188476562
2025-04-17,196.16350125239885,197.78493872612725,193.39811432307044,195.9446563720703
2025-04-21,192.25418258208256,192.78139570274652,188.8123615658979,192.14476013183594
2025-04-22,195.08918671811182,200.53043756485187,194.93998119085117,198.69017028808594
2025-04-23,204.9172632087338,206.9067512010516,201.7340854567431,203.52462768554688
2025-04-24,203.81310578126346,207.73239972806866,201.87335793866913,207.27481079101562
2025-04-25,205.28531450927932,208.6475540878433,205.1162098506388,208.18002319335938
2025-04-28,208.8962283982374,210.38834431536768,206.36958545714222,209.03549194335938
2025-04-29,207.59314001435672,211.12448445804597,207.27481462988695,210.0998992919922
2025-04-30,208.19992461631293,212.4574277707069,205.5837430092506,211.3831024169922
2025-05-01,207.98108655162656,213.43227966302132,207.80202473083082,212.1988067626953
2025-05-02,205.0067917796952,205.9020705063368,201.09745506032002,204.27069091796875
2025-05-05,202.03251395918386,203.02725796650907,197.1682163705072,197.84463500976562
2025-05-06,197.1682179665783,199.59538061408486,195.98447015970467,197.4666290283203
2025-05-07,198.1231564563361,198.39174158064424,192.23427392267118,195.218505859375
2025-05-08,196.68079799363124,198.99855348942916,193.65676753221484,196.45201110839844
2025-05-09,197.95405738682032,199.48595647897335,196.50172445806652,197.4865264892578
2025-05-12,210.13634313336473,210.435160708662,205.93301745006437,209.95704650878906
2025-05-13,209.59847136477597,212.55673652410627,208.17412935394688,212.08859252929688
2025-05-14,211.5905625216416,213.09460539099953,209.7478820292828,211.490966796875
2025-05-15,210.1164014721405,212.11846843107298,208.71196961705186,210.6144256591797
2025-05-16,211.52084551122164,211.73002236916358,208.9410837213976,210.42518615722656
2025-05-19,207.0884445111699,208.65223273202483,203.45285841572866,207.9550018310547
2025-05-20,206.84938410987283,207.64622592622177,204.2198167548668,206.04258728027344
2025-05-21,204.359243170771,206.2218487675542,199.9168759316908,201.29141235351562
2025-05-22,199.91690559460176,201.94883789272,198.91088686006037,200.5643310546875
2025-05-23,192.9047141233614,196.9187884239126,192.69555244631704,194.49839782714844
2025-05-27,197.51641281084125,199.94677348688452,196.64984031499387,199.4188690185547
2025-05-28,199.79734764673603,201.92889064401075,199.1100718095576,199.62802124023438
2025-05-29,202.77554227533128,203.0046291598645,197.72556941325453,199.15988159179688
2025-05-30,198.5821728136608,201.1619498266407,196.00241099917397,200.05633544921875
2025-06-02,199.488582384924,201.33127809714276,199.32921098525782,200.90296936035156
2025-06-03,200.55437033168948,202.96480586317466,200.16591202699755,202.46678161621094
2025-06-04,202.10818013514051,205.42502305946414,201.30138338029005,202.01853942871094
2025-06-05,202.69585814733983,203.94091870107042,199.35908978394463,199.8372039794922
2025-06-06,202.19783403313102,204.8871617909174,201.2515910514923,203.11419677734375
2025-06-09,203.58234611432158,205.18598475848052,199.22961916524454,200.65396118164062
2025-06-10,199.80734330812555,203.54252533508333,199.77746306778945,201.86915588378906
2025-06-11,202.6958722895077,203.69192080198684,197.62598900862739,197.99452209472656
2025-06-12,198.29333609984755,198.890956077424,196.58013147350607,198.41285705566406
2025-06-13,198.94074360607502,199.57821397711425,194.92666975119658,195.6737060546875
2025-06-16,196.52037110088898,197.90487790098294,195.78328974313985,197.6359405517578
2025-06-17,196.42074594971083,197.60604600468164,194.43861931524052,194.86691284179688
2025-06-18,195.16573699325735,196.7893008408277,194.2991796996429,195.80320739746094
2025-06-20,197.45664606001856,200.90296511361447,196.08209436431653,200.2057342529297
2025-06-23,200.83325703321927,201.50060768152076,198.17380945321412,200.70376586914062
2025-06-24,201.78944331230142,202.63609053842802,199.40888822531906,199.5084991455078
2025-06-25,200.65395335177794,202.8651820841085,199.82723133036671,200.76351928710938
2025-06-26,200.63402778217431,201.83925306874522,198.67182635942322,200.2057342529297
2025-06-27,201.09221242791352,202.41695863400855,199.20968154525062,200.28541564941406
2025-06-30,201.211736268348,206.57048164253425,198.4726031076903,204.3592529296875
2025-07-01,205.85332972802502,209.35942450018746,205.3254252695324,206.99879455566406
2025-07-02,208.08450527048316,212.49699303139835,207.3175436349344,211.60055541992188
2025-07-03,211.31166931275297,213.8017903991559,210.97301649264048,212.70614624023438
2025-07-07,211.8395692407974,215.37554414763466,207.97491173225177,209.120361328125
2025-07-08,209.26980118177752,210.59453234535175,207.62631199643187,209.18014526367188
2025-07-09,208.70202548866368,210.49491569520316,206.40115605631001,210.3056640625
2025-07-10,209.67817732396114,212.63644276910486,209.20007826975964,211.5706787109375
2025-07-11,209.73794232575938,211.29177557167307,209.03074119537857,210.3256072998047
2025-07-14,209.10046017794556,210.0765986782557,206.71990480407712,207.79563903808594
2025-07-15,208.39325734338402,211.05270487364396,208.09443976951917,208.28369140625
2025-07-16,209.4689902412225,211.5606828488181,207.8155461810567,209.3295440673828
2025-07-17,209.7379389650813,210.9630743588066,208.7618004967043,209.1901092529297
2025-07-18,210.03674740882613,210.95311022715865,208.87137245947412,210.34552001953125
2025-07-21,211.2618775331451,214.92732845073886,210.7937335563828,211.64036560058594
2025-07-22,212.29779492257288,214.10064043071336,211.39138706205625,213.5528106689453
2025-07-23,214.15041924441525,214.29982043425818,211.57065737650467,213.30377197265625
2025-07-24,213.05475989741393,214.83769515517375,212.68622683006964,212.91531372070312
2025-07-25,213.85160291428238,214.38947759784276,212.5567368669443,213.03485107421875
2025-07-28,213.18425263148458,214.00101967144602,212.2180844005514,213.2041778564453
2025-07-29,213.33363944545516,213.96115480223384,209.9869314052821,210.43515014648438
2025-07-30,211.06265157316113,211.55072076453234,206.89917652304968,208.2239227294922
2025-07-31,207.66614913739534,209.01080544085684,206.3414028602417,206.74978637695312
2025-08-01,210.03673342752194,212.73603143542957,200.7037642416869,201.58029174804688
2025-08-04,203.70188303605903,207.058576977071,200.88306382200804,202.54647827148438
2025-08-05,202.59624780213056,204.52858421879685,201.36115745633876,202.11814880371094
2025-08-06,204.81744899810374,214.52892145014,204.77759854868273,212.40733337402344
2025-08-07,218.01508808955717,219.97730473834642,215.7241736307253,219.16053771972656
2025-08-08,219.95738825778145,230.08719950298993,218.38362983130105,228.4437255859375
2025-08-11,227.27701087414155,228.91238364576833,224.12592192869855,226.53909301757812
2025-08-12,227.36673308681236,230.14887046423402,226.42939779448272,229.00210571289062
2025-08-13,230.4181341091737,234.33703985510917,229.77992501054072,232.6717529296875
2025-08-14,233.39969406647393,234.4567012802976,230.19875827485632,232.12330627441406
2025-08-15,233.3398655982593,233.61907447658757,228.69300821277216,230.93666076660156
2025-08-18,231.04634466466607,232.46233685580373,229.46083388892833,230.23863220214844
2025-08-19,230.6275464777077,232.21305735738468,228.70299840660482,229.90957641601562
2025-08-20,229.33119207499826,229.81981519856654,225.13307755654054,225.3723907470703
2025-08-21,225.63166356522294,225.88095827873425,223.14868274098328,224.26551818847656
2025-08-22,225.53193619713707,228.44369658121065,224.77408575714253,227.11744689941406
2025-08-25,225.84107546750252,228.65312729963858,225.59178073979155,226.5191650390625
2025-08-26,226.22996704217394,228.84258604761433,224.05612439304167,228.6630859375
2025-08-27,227.96506627689797,230.24859923631865,227.6160475796746,229.8397674560547
2025-08-28,230.16883391080088,232.7515235304584,228.692998228932,231.90391540527344
2025-08-29,231.85405874294378,232.7216147258446,230.71727541448905,231.485107421875
2025-09-02,228.60325464814514,230.19874691737337,226.3296880547272,229.07192993164062
2025-09-03,236.5408165177042,238.17618932549604,233.69885053091846,237.79725646972656
2025-09-04,237.77731160532718,239.2232180033205,236.07214416452067,239.1035614013672
2025-09-05,239.32291694518142,240.63920029193574,237.81718240373485,239.0137939453125
2025-09-08,238.62490021245955,239.47249309970456,235.67324414176576,237.2089080810547
2025-09-09,236.33139119913957,238.1063683630383,232.70166073618753,233.68887329101562
2025-09-10,231.53498298240493,231.7643298806428,225.31258085277642,226.15020751953125
2025-09-11,226.23995033725743,229.7998710451417,226.010588238333,229.3810577392578
2025-09-12,228.5733443098202,233.84841389514688,228.3739115767776,233.40966796875
2025-09-15,236.33139853346725,237.5180438551372,234.36695488957946,236.03224182128906
2025-09-16,236.51088466190768,240.53949594661788,235.65332541334,237.4781494140625
2025-09-17,238.2958480596019,239.42266510979977,237.05934071942244,238.3157958984375
2025-09-18,239.2930082114909,240.51953392817583,235.98236714862816,237.2089080810547
2025-09-19,240.54944568604057,245.60514967420656,239.53233423145286,244.80740356445312
2025-09-22,247.5995237986898,255.9160073848096,247.42002368458668,255.35755920410156
2025-09-23,255.15814081026073,256.6140134777918,252.86462630601793,253.71221923828125
2025-09-24,254.49999981420794,255.01853710208397,250.33178410429736,251.59820556640625
2025-09-25,252.4956917858775,256.44452717224715,250.99992334214926,256.1453552246094
2025-09-26,253.38315498635407,256.87328100426123,253.06405044687503,254.73931884765625
2025-09-29,253.84185736381545,254.28061851263055,252.29622703166862,253.71221923828125
2025-09-30,254.1410137555297,255.1980209495745,252.39595068950493,253.9116668701172
2025-10-01,254.3205078449461,258.05994405161016,254.21081755391603,254.72935485839844
2025-10-02,255.85613542550084,257.45162766856953,253.43299812845933,256.40460205078125
2025-10-03,253.9515436206674,258.5086431914624,253.23357360959045,257.2920837402344
2025-10-06,257.2621712100349,258.3391414491699,254.33047806472084,255.96585083007812
2025-10-07,256.0854948355218,256.67382669789566,254.70938317067183,255.75643920898438
2025-10-08,255.79633660873378,257.7906945345413,255.38748958216482,257.3320007324219
2025-10-09,257.082687156571,257.2721535801604,252.42586356688122,253.3233184814453
2025-10-10,254.2207817432353,255.6567217403356,243.3116425485481,244.57806396484375
2025-10-13,248.6764678182016,248.98559082884384,244.86723728717817,246.96131896972656
2025-10-14,245.90431694508948,248.14796941642882,244.00966795095763,247.07101440429688
2025-10-15,248.78616738422895,251.10959602979932,246.77186176083558,248.63658142089844
2025-10-16,247.54966879270205,248.33743345063007,244.43847540742667,246.75192260742188
2025-10-17,247.3203043073955,252.66518358811555,246.57242016484557,251.5782470703125
2025-10-20,255.168106265739,263.63416054313814,254.90884523128253,261.50018310546875
2025-10-21,261.1412435480521,264.54162761794373,261.0913663387469,262.0287170410156
2025-10-22,261.9090191460537,262.1084670888602,254.70938662410154,257.72088623046875
2025-10-23,259.206686997747,259.8847613495841,257.28213901467177,258.8476867675781
2025-10-24,260.4531458541269,263.3848541030092,258.44880663072195,262.07855224609375
2025-10-27,264.13276036080543,268.36078929414754,263.90339825112477,268.0516662597656
2025-10-28,268.23113785786586,269.12862319727753,267.39351124836816,268.2411193847656
2025-10-29,268.5203194424725,270.6443152614699,266.35642794866993,268.93914794921875
2025-10-30,271.2226702585742,273.36662916750566,267.72259312931254,270.63433837890625
2025-10-31,276.2085891024436,276.53767519933945,268.40069127196034,269.6072692871094
2025-11-03,269.65711516237894,270.08589475979994,265.49886601188945,268.29095458984375
2025-11-04,267.5730004152706,270.72408938596277,266.86501191822913,269.2781982421875
2025-11-05,267.8522167164328,270.9335263776032,266.17696342424256,269.3779296875
2025-11-06,267.1342708755924,272.6287059365568,267.1342708755924,269.0089416503906
2025-11-07,269.03885049148494,271.5218466038475,266.0173996929098,267.7126159667969
2025-11-10,268.46122924118225,273.22240319845355,266.96401085683,268.93035888671875
2025-11-11,269.3096487524697,275.3983427074405,269.2996575494418,274.73956298828125
2025-11-12,274.49002155435767,275.2186787593472,271.19615348009904,272.9628601074219
2025-11-13,273.6016697208788,276.1868935731559,271.5854266195937,272.44384765625
2025-11-14,270.54732197227213,275.44821996704485,269.10002929321837,271.9048156738281
2025-11-17,268.3214829895084,269.98836893107386,265.237217022597,266.9639892578125
2025-11-18,269.48932037088264,270.2079864201871,264.8279974843966,266.9440612792969
2025-11-19,265.0375710636542,271.7051756343288,265.00762791735707,268.06195068359375
2025-11-20,270.327749378444,274.91922505965954,265.42688147061517,265.7562561035156
2025-11-21,265.4568071090486,272.8230952896135,265.17732758833057,270.98651123046875
2025-11-24,270.397615191446,276.4863089537433,270.397615191446,275.4083251953125
2025-11-25,274.75953066216096,279.8600705608694,274.73957871594786,276.4563903808594
2025-11-26,276.44637611579356,279.01161742605893,276.1170014953278,277.0352783203125
2025-11-28,276.7458380127342,278.4826014787427,275.4781737009374,278.3328857421875
2025-12-01,277.4944549964911,282.89442609469603,275.62792768573877,282.57501220703125
2025-12-02,282.47518456741903,286.86701880065203,282.10587559562896,285.6592712402344
2025-12-03,285.6692634925469,288.0847586222564,282.77461708045536,283.623046875
2025-12-04,283.5731318378766,284.20196835267484,278.07334059490756,280.179443359375
2025-12-05,280.01974631085085,280.6186397013617,277.53434330937836,278.26300048828125
2025-12-08,277.6142094762677,279.15136205700173,275.6378704438954,277.3746643066406
2025-12-09,277.64414811825674,279.5106752769474,276.40645748061854,276.66595458984375
2025-12-10,277.23491184461454,279.2312028389952,275.92734368017386,278.26300048828125
2025-12-11,278.5824273392719,279.07150890817053,273.3022288840155,277.514404296875
2025-12-12,277.38464634485007,278.70220580092337,276.30666253778065,277.7639465332031
2025-12-15,279.63046152672615,279.63046152672615,272.33402020742307,273.6016540527344
2025-12-16,272.3140798989353,274.9891026980292,271.2859911871425,274.1007385253906
2025-12-17,274.50001118897205,275.6478724530811,271.13626563598973,271.33587646484375
2025-12-18,273.1025913325419,273.12257373871984,266.4549687260805,271.68524169921875
2025-12-19,271.6453053723066,274.09077415448866,269.399477884542,273.1625061035156
2025-12-22,272.3539780142796,273.37210596231955,270.00836035897595,270.4674987792969
2025-12-23,270.3377490962612,271.99467443806464,269.06012395403746,271.85491943359375
2025-12-24,271.8349404799371,274.9192064044749,271.69521595033444,273.3022155761719
2025-12-26,273.65157518449314,274.859322715931,272.35396775197984,272.8929748535156
2025-12-29,272.1843267483383,273.8512128461511,271.8449608988494,273.2523498535156
2025-12-30,272.304089543875,273.5717234473003,271.77507361210075,272.5735778808594
2025-12-31,272.553621806917,273.17246717497864,271.24605357156486,271.3558349609375
2026-01-02,271.75509761912826,277.32473598417806,268.5011336129586,270.5074157714844
2026-01-05,270.1381104139889,271.0064921177503,265.6464557026853,266.7643737792969
2026-01-06,266.504853430471,267.0538212812338,261.6338984265986,261.8734436035156
2026-01-07,262.71190159101934,263.1909919246956,259.32817380451803,259.8471984863281
2026-01-08,256.5433578451618,258.80916773471864,255.22581364132833,258.55963134765625
2026-01-09,258.5995368285105,259.7274461787287,255.74485516422806,258.8890075683594
2026-01-12,258.6794199598783,260.8154357257053,256.32378048041085,259.76739501953125
2026-01-13,258.24022168851656,261.3244878277737,257.9108470550362,260.5658874511719
2026-01-14,259.0087756526009,261.33447181199796,256.23393227813756,259.4779052734375
2026-01-15,260.1666175851947,260.5559089501236,256.5732877053955,257.73114013671875
2026-01-16,257.4217372195352,258.41988279267105,254.45724364888233,255.05613708496094
2026-01-20,252.26132447540706,254.31750190322293,242.9685916985444,246.2425079345703
2026-01-21,248.23880604127606,251.09350304772093,244.72532928784554,247.1907501220703
2026-01-22,248.737864640942,250.53452965267718,247.68980878155546,247.8894500732422
2026-01-23,246.86136630134166,248.94748685874615,244.22624741136653,247.58001708984375
2026-01-26,251.01363570547153,256.08421686766076,249.336758511775,254.9363555908203
2026-01-27,258.68937090303496,261.46421404872183,257.73112933459527,257.791015625
2026-01-28,257.17220993748055,258.3799575946877,254.03803333601454,255.96446228027344
2026-01-29,257.52154586161765,259.16847988830324,253.93820707645818,257.801025390625
2026-01-30,254.69678984095313,261.41430490835,251.7123292610244,258.9988098144531
2026-02-02,259.5478036352127,269.98839826257677,258.7293169184304,269.5093078613281
2026-02-03,268.70080609664296,271.3758289780004,267.11372779647115,268.98028564453125
2026-02-04,271.7850411492978,278.432693698261,271.7850411492978,275.97723388671875
2026-02-05,277.6142303156022,278.98168486317746,272.72332314901723,275.3983459472656
2026-02-06,276.6060720438839,280.3890519626743,276.4164219647768,277.6042175292969
2026-02-09,277.6541982366954,277.9439398399519,271.4499228389202,274.3672180175781
2026-02-10,274.6369782150198,275.11651686144285,272.68876099546605,273.4280700683594
2026-02-11,274.44714753122867,279.92208361183503,274.1973776592452,275.24639892578125
2026-02-12,275.3363333447182,275.46621856633783,259.94051360693726,261.4891052246094
2026-02-13,261.7688319830923,261.9886306947134,255.21485759663088,255.5445556640625
2026-02-17,257.8124646511843,266.0449008431299,255.30478047881587,263.6371154785156
2026-02-18,263.35737977838915,266.57441720150126,262.20844437502524,264.106689453125
2026-02-19,262.35827847824623,264.2365527856389,259.81060750150084,260.3401184082031
2026-02-20,258.73163460792017,264.5063132392292,257.9223826043077,264.3364562988281
2026-02-23,263.24744081710827,269.1819753311392,263.13755670993424,265.9349670410156
2026-02-24,267.61343657617186,274.6369951599546,267.46358073991865,271.8895263671875
2026-02-25,271.5298429675081,274.6869380517792,270.8005039088116,273.97760009765625
2026-02-26,274.6969199809464,275.8558253670768,270.55071567552415,272.6987609863281
2026-02-27,272.5588900215503,272.5588900215503,262.6480379442022,263.93682861328125
2026-03-02,262.16844722421786,266.2846497598317,259.960490133898,264.476318359375
2026-03-03,263.23749216234586,265.31556422164516,259.8905695547566,263.5072326660156
2026-03-04,264.4063951364299,265.9050144519466,261.179387723623,262.2783508300781
2026-03-05,260.54995479568396,261.3192350446657,257.01320478174756,260.0504150390625
2026-03-06,258.39192833924307,258.53178361058343,254.13584003818684,257.2229919433594
2026-03-09,255.45463216869055,260.9095975388004,253.44647267699952,259.6407775878906
2026-03-10,257.4128391437035,262.2384104290217,256.71350175461305,260.58990478515625
2026-03-11,260.8496568052655,261.888707997661,259.3110658747261,260.5699157714844
2026-03-12,258.4219063383753,258.71164792954545,253.94601921584928,255.52456665039062
2026-03-13,255.24483747003174,256.0940459350445,249.29033192864068,249.8897705078125
2026-03-16,251.87794235419486,253.6563027081548,249.6499992581203,252.58729553222656
2026-03-17,252.72716690012706,254.89516767044782,251.94787083452104,253.99598693847656
2026-03-18,252.3974721128864,254.70534343896443,248.7708084606242,249.70994567871094
2026-03-19,249.17043241392184,251.5982036354298,247.0723745163624,248.73085021972656
2026-03-20,247.7517334570195,248.97061168291066,245.77356028907465,247.76173400878906
2026-03-23,253.73622734962268,254.3656523266213,250.0496214753341,251.25851440429688
2026-03-24,250.1195650925759,254.5954370944537,249.32029842391177,251.4083709716797
2026-03-25,253.86611511385965,254.76528059453105,251.3684162845015,252.38746643066406
2026-03-26,251.88793104116345,256.76344411909713,250.53918279672283,252.6572265625
2026-03-27,253.666280215245,255.2548282141602,247.8416601166152,248.57098388671875
2026-03-30,249.83982057534305,250.63907198816298,245.28400520065438,246.40298461914062
2026-03-31,247.6818040942864,255.24482803058763,246.87255213324852,253.55638122558594
2026-04-01,253.8461228128272,255.94418062939917,253.096813183035,255.3946990966797
2026-04-02,253.96601496217014,255.89424639361263,250.4192795609811,255.68443298339844
2026-04-06,256.27389167390277,261.9186847371787,256.2239194053331,258.6217041015625
2026-04-07,255.92421782448065,255.96418954301222,245.47383916108728,253.26666259765625
2026-04-08,258.2121146377317,259.51090582044134,256.29386854025813,258.66168212890625
2026-04-09,258.7615948993736,260.879638597066,255.8342992320816,260.2502136230469
2026-04-10,259.7406946341393,261.94865175168746,258.78155637925676,260.240234375
2026-04-13,259.49093671136296,259.9405042051452,256.4237552437805,258.96142578125
2026-04-14,259.01136264890187,261.68888841493145,256.9532612999924,258.59173583984375
2026-04-15,257.92237663273806,266.3146386359468,257.57269269729437,266.18475341796875
2026-04-16,266.55439590858066,266.91408037974617,261.0294875448873,263.15753173828125
2026-04-17,266.7142527536172,272.0493335842862,266.47448343207725,269.98126220703125
2026-04-20,270.08114756253855,274.0275237795767,270.04120633500696,272.79864501953125
2026-04-21,271.250098918132,272.5488901425708,265.1557075406741,265.9250183105469
2026-04-22,267.5734973129919,273.48803128351057,266.62435952726383,272.9185791015625
2026-04-23,274.79681820267325,275.5161566987003,271.39995382845746,273.1783142089844
2026-04-24,272.50893317942314,272.80864483253174,269.4017800912603,270.81048583984375
2026-04-27,265.84505761361925,268.1129570778125,264.8260075108844,267.3636474609375
2026-04-28,272.0893199684016,272.97851539952296,268.4127145556596,270.4608154296875
2026-04-29,267.3037117460274,270.7905199823619,266.7942019267937,269.92132568359375
2026-04-30,270.25102650288807,275.7459641951834,267.893213328058,271.1002502441406
2026-05-01,278.6032901046287,286.95561044034525,278.1137509144006,279.88214111328125
2026-05-04,279.4025768563376,280.3716851917065,274.60697695873915,276.5751647949219
2026-05-05,276.6750995896243,284.30808218316156,276.2455026895375,283.9184265136719
2026-05-06,281.66051049385584,287.76487170009636,280.8112868075762,287.245361328125
2026-05-07,289.00371711581823,291.8611003514943,285.5169394038565,287.1754150390625
2026-05-08,289.7430674686918,294.4886952888782,289.7330669166447,293.0500183105469
2026-05-11,291.9800109863281,293.8800048828125,290.2300109863281,292.67999267578125
2026-05-12,292.55999755859375,295.2699890136719,292.55999755859375,294.79998779296875
2026-05-13,293.5,300.9200134277344,293.5,298.8699951171875
2026-05-14,299.82000732421875,300.45001220703125,295.3800048828125,298.2099914550781
2026-05-15,297.8999938964844,303.20001220703125,296.5199890136719,300.2300109863281
2026-05-18,300.239990234375,300.6600036621094,294.9100036621094,297.8399963378906
2026-05-19,296.9700012207031,300.510009765625,296.3500061035156,298.9700012207031
2026-05-20,298.17999267578125,302.79998779296875,298.0799865722656,302.25
2026-05-21,301.05999755859375,305.5400085449219,300.3999938964844,304.989990234375
2026-05-22,306.1199951171875,311.3999938964844,305.8399963378906,308.82000732421875
2026-05-26,309.55999755859375,311.82000732421875,307.6700134277344,308.3299865722656
2026-05-27,308.3299865722656,313.260009765625,308.29998779296875,310.8500061035156
2026-05-28,310.67999267578125,312.79998779296875,309.57000732421875,312.510009765625
2026-05-29,311.7799987792969,315.0,309.5299987792969,312.05999755859375
2026-06-01,309.6300048828125,310.94000244140625,305.0199890136719,306.30999755859375
2026-06-02,307.4599914550781,315.45001220703125,306.69000244140625,315.20001220703125
2026-06-03,314.17999267578125,316.94000244140625,308.8500061035156,310.260009765625
2026-06-04,313.2300109863281,313.5400085449219,309.6499938964844,311.2300109863281
2026-06-05,312.8599853515625,315.1700134277344,307.1499938964844,307.3399963378906
2026-06-08,308.739990234375,317.3999938964844,301.1700134277344,301.5400085449219
2026-06-09,300.2799987792969,300.75,287.7799987792969,290.54998779296875
2026-06-10,290.739990234375,294.75,287.3800048828125,291.5799865722656
2026-06-11,293.7200012207031,297.0,289.5899963378906,295.6300048828125
2026-06-12,296.0299987792969,297.1400146484375,289.6199951171875,291.1300048828125
2026-06-15,294.1199951171875,297.7799987792969,291.70001220703125,296.4200134277344
2026-06-16,295.25,300.4800109863281,293.9700012207031,299.239990234375
2026-06-17,300.8500061035156,302.07000732421875,294.3599853515625,295.95001220703125
2026-06-18,298.1099853515625,300.57000732421875,295.6199951171875,298.010009765625
2026-06-22,297.30999755859375,302.4200134277344,296.760009765625,297.010009765625
2026-06-23,297.5400085449219,301.6400146484375,294.17999267578125,294.29998779296875
2026-06-24,295.3599853515625,299.70001220703125,292.94000244140625,293.0799865722656
2026-06-25,287.3999938964844,288.79998779296875,273.75,275.1499938964844
2026-06-26,275.0,285.95001220703125,274.2099914550781,283.7799987792969
2026-06-29,286.7300109863281,288.3699951171875,279.8500061035156,281.739990234375
2026-06-30,281.1700134277344,289.94000244140625,280.70001220703125,289.3599853515625
2026-07-01,293.44000244140625,296.5899963378906,289.20001220703125,294.3800048828125
2026-07-02,294.0849914550781,308.5299072265625,293.67999267578125,307.614990234375
