date,open,high,low,close
2021-07-02,122.06760325950343,124.30179007333106,121.97789880918043,124.15657806396484
2021-07-06,124.54414234830024,125.31679397061296,123.48750981436791,125.08088684082031
2021-07-07,126.04434512220173,126.16526690597024,125.04421080406834,125.36238861083984
2021-07-08,122.93590362834043,124.49160506602671,122.93194096335237,123.94495391845703
2021-07-09,123.92611335864795,124.62937290029038,123.45677202918988,124.41527557373047
2021-07-12,125.06899063825736,125.95265737591463,124.50697281548125,125.85948181152344
2021-07-13,125.92191366993266,126.93195455191068,125.5611145618093,126.22225189208984
2021-07-14,126.83334666215922,128.18982590812473,126.79022621114098,127.10989379882812
2021-07-15,127.51826516357463,127.56881182649684,125.41788646020213,125.88871002197266
2021-07-16,126.54093661242045,126.68812995291671,125.04470541650979,125.8540267944336
2021-07-19,124.98125995365034,125.09574617911319,122.41947279512615,123.48304748535156
2021-07-20,124.42419961251387,125.92638235763302,123.25755022531956,125.10021209716797
2021-07-21,125.02487717060785,126.474524368803,124.91584338583961,126.42794036865234
2021-07-22,126.72033913018305,127.35372269021474,126.37837023776311,127.29275512695312
2021-07-23,129.28411407867398,132.2265290912767,128.65966157114187,131.8459014892578
2021-07-26,132.1566611755268,133.0571693287337,131.1386796548472,132.85694885253906
2021-07-27,133.07051150862503,133.2177048189699,128.9604574478291,130.74066162109375
2021-07-28,135.11389810308486,137.08145178263484,134.0884905988958,134.89781188964844
2021-07-29,134.95334530972397,135.45985560501686,134.35168567382115,134.58412170410156
2021-07-30,133.84813380324206,134.11526579950234,133.07499070592388,133.54234313964844
2021-08-02,133.92944031056783,134.14700879243682,132.6180702965275,133.66925048828125
2021-08-03,133.94726760946617,134.53902058511594,132.1477335764231,134.43792724609375
2021-08-04,134.15986590683238,134.45723212121203,133.30494371224364,133.93783569335938
2021-08-05,134.48795935776522,135.15158472085915,133.66079088435984,135.05393981933594
2021-08-06,134.84628556646607,135.27299799701225,134.02159758617466,134.54544067382812
2021-08-09,134.7476505132301,135.97823930808275,134.1499385485314,135.70960998535156
2021-08-10,136.1348853460406,136.56161302051484,135.16598332737982,135.60459899902344
2021-08-11,135.97575592511646,136.47234431331293,135.07375067749174,135.08119201660156
2021-08-12,134.7803631501877,136.0932302954075,134.23520937229634,135.9881591796875
2021-08-13,136.04368651541876,136.6448621761121,135.82859848405317,136.51698303222656
2021-08-16,136.31623668767153,137.14638467025773,134.10980386854092,137.09384155273438
2021-08-17,136.53927624045247,137.0502482689052,134.8859374907993,135.46034240722656
2021-08-18,135.30027185515118,135.89946615420885,134.13213260953893,134.25851440429688
2021-08-19,133.25393417544944,135.15407772890381,133.0700634643301,134.48748779296875
2021-08-20,134.80464815723616,136.34499035154397,134.06124017107493,136.22158813476562
2021-08-23,136.75684366705852,139.63630956779562,136.39802587425726,138.81063842773438
2021-08-24,139.37561670216243,140.83121539533298,139.10502114709683,140.01991271972656
2021-08-25,140.38022622324365,140.9397636176069,140.13342175774235,140.83023071289062
2021-08-26,140.50413099166133,141.16575996618351,140.11457982312106,140.19735717773438
2021-08-27,140.40746320935864,143.2423262781944,140.25332765406952,142.73829650878906
2021-08-30,143.13080955855443,144.6875166286591,142.89589312218945,143.31964111328125
2021-08-31,143.8712627569478,143.89553786032653,143.01287695186656,143.4257049560547
2021-09-01,143.72555741436526,144.96853350536102,143.61008051608152,143.9391632080078
2021-09-02,143.9396648071746,144.2404946102544,141.9265099500036,142.02761840820312
2021-09-03,141.82293077721366,142.88798016222196,141.14889962263817,142.47613525390625
2021-09-07,142.5702805498148,143.2943591486346,142.35667479196854,143.01235961914062
2021-09-08,142.8334717334425,143.13082285164162,141.74313388446112,142.4280548095703
2021-09-09,142.57624028484273,143.04211051634226,141.9190731671668,142.2793731689453
2021-09-10,142.94497909491773,143.44654360921768,139.50102981067184,139.6378173828125
2021-09-13,140.7018527362788,141.6935625224341,140.00850740514775,141.0814971923828
2021-09-14,141.73865068075114,142.10292843249584,140.50409923851902,141.29161071777344
2021-09-15,141.51664778400357,143.1808915102632,140.10516764345076,143.1600799560547
2021-09-16,142.68527016924585,143.03170083482422,141.14988885441545,142.34776306152344
2021-09-17,141.7733487206506,142.18915623964807,139.23535291367506,139.5624542236328
2021-09-20,136.94716512358414,137.77829631791283,135.12384006043985,137.50025939941406
2021-09-21,138.5211988911411,138.78090469038185,137.06263570579478,137.81100463867188
2021-09-22,138.07960825207437,139.64868731901853,137.33371982330885,139.0504913330078
2021-09-23,139.74833097489636,140.45109904539308,139.16748291766282,139.97482299804688
2021-09-24,139.30327875954345,141.07953591694633,139.00839293774456,140.9650421142578
2021-09-27,139.56691112881026,140.69094656158367,138.83638943281525,139.83206176757812
2021-09-28,137.4363214393238,137.87393879510293,134.17028392552325,134.6361541748047
2021-09-29,135.7760328990303,135.94553512593572,132.68842135183831,133.17262268066406
2021-09-30,133.08143210735338,134.35116361737062,132.3821276786133,132.50106811523438
2021-10-01,133.26579353336834,135.70715804170354,132.8945886396275,135.34288024902344
2021-10-04,134.7654966784679,134.7654966784679,129.89816454860028,132.48472595214844
2021-10-05,132.86287924921712,136.01840082000018,132.86287924921712,134.82745361328125
2021-10-06,133.5656355859823,136.53926754708024,133.3673964801773,136.35589599609375
2021-10-07,137.67123135730094,138.81113270818318,137.4323522466048,138.00131225585938
2021-10-08,138.35022132641475,139.0975920679396,137.9938839590629,138.55690002441406
2021-10-11,138.06775309903637,139.47527073185262,137.638544994846,137.6930694580078
2021-10-12,138.25407591116456,138.28084658816041,134.56677058487705,135.24972534179688
2021-10-13,136.19481503512776,136.78706701680704,135.31908129001275,136.37274169921875
2021-10-14,138.24810774301423,140.09522363408612,137.6048099997412,139.91036987304688
2021-10-15,140.3698121513104,140.47240282360914,139.51786944318084,140.12547302246094
2021-10-18,139.8365491009501,141.54093366501112,139.82960687486855,141.52308654785156
2021-10-19,142.1272172677941,142.39980927751645,141.346647938062,141.97804260253906
2021-10-20,142.07817450186778,142.28435409702513,140.13391241428846,140.52296447753906
2021-10-21,140.52297050595178,140.90657770198413,139.2651266996973,140.63894653320312
2021-10-22,137.92695427249757,139.34735778624022,134.86015436540723,136.3573760986328
2021-10-25,136.34104419991752,136.787086020702,134.23372308873442,136.23895263671875
2021-10-26,138.03947326185792,138.85175904468622,137.08890257767035,138.08407592773438
2021-10-27,138.17974904752617,147.34348862949798,138.17974904752617,144.932373046875
2021-10-28,145.84130142868378,145.86459342888665,143.3558332615814,144.5670928955078
2021-10-29,143.80286589775253,146.93905794038585,143.37813478343114,146.74478149414062
2021-11-01,146.74477665621114,146.74477665621114,141.96663496333343,142.23574829101562
2021-11-02,143.3087514833836,145.3204089612238,143.0668927959046,144.1542510986328
2021-11-03,144.61813015361963,145.3798843880956,143.3201457071093,145.30950927734375
2021-11-04,145.83139615139723,148.41747395240975,145.02207467610023,146.96435546875
2021-11-05,147.85840028668068,149.00622700469464,146.89445936853247,147.543701171875
2021-11-08,148.50812750855306,149.29119236496442,147.12588357863783,147.7211151123047
2021-11-09,147.92135382889896,148.5175685400609,145.9508203469495,147.609619140625
2021-11-10,146.20356163758896,146.768558932235,143.26710632236433,144.61117553710938
2021-11-11,145.20195824365715,146.2387698135398,144.32076445094071,144.4853057861328
2021-11-12,145.32684378573572,147.54171627859984,144.13293221150644,147.3712158203125
2021-11-15,147.5917917041166,148.2350896161239,146.27794121108172,147.14723205566406
2021-11-16,146.84737335766715,147.45497691847146,146.01772444610071,146.57627868652344
2021-11-17,146.72644398004232,147.25376579403348,145.9458745981903,146.7457733154297
2021-11-18,146.9385815884133,149.25702820435575,146.58472464481926,148.52154541015625
2021-11-19,148.65729911523493,149.6396012782101,147.59026853190187,147.61752319335938
2021-11-22,148.0199796793374,148.51260548030166,144.86297594328792,145.01611328125
2021-11-23,144.86842802033317,145.37097563328547,142.84834603035105,144.5006866455078
2021-11-24,144.19489123717437,144.96407174008007,143.1040693827115,144.83570861816406
2021-11-26,143.0797828608647,143.28694554808493,140.59581194677827,140.93331909179688
2021-11-29,142.73435339938078,145.0116607886392,142.62878315864714,144.25140380859375
2021-11-30,143.7339630400776,144.7167492078786,140.35691078730716,140.6503143310547
2021-12-01,142.73433859612626,144.66769552061407,139.67348254273247,139.81175231933594
2021-12-02,140.0085210717419,142.60004356233455,138.98211518195825,141.70944213867188
2021-12-03,142.4181454494306,143.13082014038355,139.06784841754663,140.75340270996094
2021-12-06,141.7832939712746,142.5881536812222,138.91819607453877,141.89678955078125
2021-12-07,144.31681320908484,146.23431960919498,143.95105317379645,145.97511291503906
2021-12-08,146.2992529327419,147.0887611086995,145.11922557856164,146.88406372070312
2021-12-09,146.29376772137593,147.78950718555691,145.8219535305744,146.34085083007812
2021-12-10,147.39303059375538,147.66808793780228,145.41457182465953,146.70066833496094
2021-12-13,146.48260348264037,146.66945372410888,144.23851000057718,144.5447998046875
2021-12-14,142.7026193273764,143.21011265403155,139.9738104375734,142.64215087890625
2021-12-15,142.148536251989,145.43142268224105,140.43274769467823,145.1538848876953
2021-12-16,145.87700046513731,146.379049010818,142.34481352589592,143.1754608154297
2021-12-17,141.2475064841103,142.57028013813382,140.0580568228629,140.4793243408203
2021-12-20,138.76952565181767,140.52843495533597,138.09649260542437,140.36239624023438
2021-12-21,140.8049373737219,142.6044862116724,139.26757475967167,142.2114715576172
2021-12-22,141.81004635956177,145.2123723601168,141.81004635956177,145.12811279296875
2021-12-23,145.2123704862323,146.94054613463166,145.16478825775857,145.62521362304688
2021-12-27,145.96172629853862,147.0401610488901,145.87598451208166,146.60650634765625
2021-12-28,146.93311713711037,146.99556692664365,144.77080262744354,145.39773559570312
2021-12-29,145.35560679623677,146.12132376201117,144.3673755989165,145.3660125732422
2021-12-30,145.4046743627597,146.00535087821257,144.71132895620318,144.91551208496094
2021-12-31,144.76632590571236,145.40912459334086,143.578857421875,143.578857421875
2022-01-03,143.78008160886833,144.56909064299023,142.44988137611608,143.71714782714844
2022-01-04,144.11807263912576,145.19750561007717,142.45334497286012,143.13034057617188
2022-01-05,143.15065613098375,143.22945569243274,136.47783061916755,136.56405639648438
2022-01-06,135.79437916865325,138.71002316784708,135.35824405520043,136.5367889404297
2022-01-07,136.931258432599,137.23160415844174,134.57317090534832,135.81268310546875
2022-01-10,133.89075867659383,137.59937427004354,131.99407910389132,137.45068359375
2022-01-11,136.7940204323314,138.9836045313537,135.49107504085617,138.5078125
2022-01-12,139.90937157216942,141.35456438559447,139.45788494003665,140.18740844726562
2022-01-13,140.29594448293275,141.59444309970127,137.19246729901857,137.36891174316406
2022-01-14,135.87416542111617,139.50497974939202,135.79438276109653,138.2545623779297
2022-01-18,134.97813484766374,135.92622520287958,134.24811208025204,134.8026885986328
2022-01-19,135.3235557494751,136.74693894623502,133.82881433443535,133.92892456054688
2022-01-20,135.05247646638676,136.41638959519287,131.79584612438092,132.13583374023438
2022-01-21,131.42810942176132,133.6801282847316,128.943140301046,129.205810546875
2022-01-24,124.87076987403994,130.04985313603865,123.40576323633218,129.65435791015625
2022-01-25,127.60847149388137,128.26167595997225,125.38865318603597,125.81932830810547
2022-01-26,129.96657793490613,131.83104226573408,126.02452744701331,128.09715270996094
2022-01-27,130.14995219911842,131.48659557299035,127.79928994708102,127.87116241455078
2022-01-28,128.51938847818633,132.18439982716436,127.3557110756648,132.17893981933594
2022-01-31,132.9828264004286,134.28230836211273,131.0474879109952,134.11428833007812
2022-02-01,136.38513965543686,136.58189655421876,133.1874959638718,136.4342041015625
2022-02-02,149.92063870301118,150.21452630254774,144.24348530384265,146.69920349121094
2022-02-03,144.42487252128518,148.35948154682154,141.41158317819725,141.8323516845703
2022-02-04,142.18372697506842,143.6016501301799,139.27997087416557,142.03355407714844
2022-02-07,142.9821426046324,142.9821426046324,137.67915934204296,137.97752380371094
2022-02-08,137.80457400105325,138.7695132466174,135.80976527306845,138.17379760742188
2022-02-09,139.72451821989904,141.27180258476253,138.95483870196645,140.3474884033203
2022-02-10,138.4756300439531,140.24096723376755,136.74447462445005,137.40164184570312
2022-02-11,137.38180608982287,137.9334029746626,132.22749846188867,133.1022491455078
2022-02-14,132.08527017678978,135.10202275464846,132.08527017678978,134.33482360839844
2022-02-15,136.36134149082847,136.8946223837062,134.6277210675767,135.40780639648438
2022-02-16,135.44546098409901,136.87230757588372,133.73809706927898,136.52737426757812
2022-02-17,135.04547687197746,135.9083242075965,131.31406937718216,131.37403869628906
2022-02-18,132.29390062238596,132.89161259379068,129.05215373124426,129.2568359375
2022-02-22,128.69680623013534,131.01871597493778,127.09649469482315,128.6725311279297
2022-02-23,130.49140310139634,130.89036178652327,126.40662154377361,126.46659088134766
2022-02-24,123.85523180480044,131.83100899869677,123.85523180480044,131.52471923828125
2022-02-25,132.37815465015106,134.0825389091861,130.593473502944,133.27767944335938
2022-02-28,131.88057069700596,134.55831845610308,131.42708762173694,133.86993408203125
2022-03-01,133.69302984148305,135.05792612252858,132.04763128958805,132.88320922851562
2022-03-02,133.4447243246417,134.07363858013736,131.90190155372292,133.3887176513672
2022-03-03,134.81456495195397,135.24029431326773,131.8562994539406,132.72262573242188
2022-03-04,131.75915337109652,132.67502797880198,129.19190640491172,130.7471160888672
2022-03-07,130.33232674161766,130.57714987008313,125.18496092413871,125.26773071289062
2022-03-08,125.14036861156119,130.09642281399925,124.56992628887089,125.98735809326172
2022-03-09,130.0964043089668,132.56006261647792,128.75876292905036,132.24732971191406
2022-03-10,130.11227705245972,132.10064255507427,129.76188368845354,131.2655487060547
2022-03-11,132.3152468515917,132.6195553638783,128.4921518581666,128.7290496826172
2022-03-14,129.10520526240518,129.26280438992276,124.17393309978287,124.84398651123047
2022-03-15,125.85995365691173,128.713162774351,124.61548797628525,128.0624237060547
2022-03-16,129.58395977320907,132.16109871004574,127.60302044405091,132.10906982421875
2022-03-17,131.97872086094247,132.90203693206857,131.02318923079633,132.66265869140625
2022-03-18,132.2517827162383,135.0465048489617,131.0960307543159,134.92904663085938
2022-03-21,134.96672499602926,135.84543842143734,132.9139283478914,134.9052734375
2022-03-22,134.90525181097044,139.8102590701451,134.90525181097044,138.63864135742188
2022-03-23,137.48339904374487,138.3616132811459,136.6235310367747,137.06015014648438
2022-03-24,137.97652160094876,140.37426649245424,136.53976827528788,140.3276824951172
2022-03-25,140.6686558555551,140.78661319393285,138.50930604145182,140.42779541015625
2022-03-28,139.66207420173586,140.75439330324906,138.5826413227132,140.2122039794922
2022-03-29,141.39374081978931,142.52966445696305,140.79008476675781,141.2529754638672
2022-03-30,141.20787975036384,141.46608819585558,140.3554379628545,140.6909637451172
2022-03-31,140.80446372092825,140.85898818058075,137.80259350469294,137.84521484375
2022-04-01,138.27390583221185,139.23636461681514,137.09188211987873,138.91868591308594
2022-04-04,139.12484935301754,142.4488747295106,139.07726712649293,141.71487426757812
2022-04-05,141.6132941655978,141.73371683584432,139.14865258935774,139.35531616210938
2022-04-06,137.53049665262756,138.13563495181108,134.32591048530927,135.3478546142578
2022-04-07,134.8145449616096,135.95890797707733,133.04771090037798,134.69412231445312
2022-04-08,134.39180707525873,134.4775488545769,131.7968213100517,132.11599731445312
2022-04-11,130.66486281779106,130.9314957081175,127.53759432830005,127.69123077392578
2022-04-12,130.4433348003117,130.4433348003117,125.67461550166297,126.59197998046875
2022-04-13,126.87496906105243,129.18845446203287,126.61824282890016,128.7523193359375
2022-04-14,129.33268319605867,129.33268319605867,125.48826307957773,125.61613464355469
2022-04-18,125.88375359295895,127.08559046617161,125.07294248805825,126.55430603027344
2022-04-19,126.5692120285796,129.18749057462054,125.88329271378808,128.86634826660156
2022-04-20,129.74154970357304,130.24409728114765,126.37936469139383,126.91461181640625
2022-04-21,128.11399236207833,128.9550302257485,123.43200519213937,123.71747589111328
2022-04-22,123.90133604882998,124.2998031690539,117.8797341417918,118.583984375
2022-04-25,118.05419147063641,122.19398166489279,117.46938074819151,121.99227142333984
2022-04-26,121.21962308439458,121.43322887611035,117.46937661496328,117.6071548461914
2022-04-27,113.46338958402451,116.2115203098223,111.74562732959535,113.28993225097656
2022-04-28,115.39179910794181,118.59786733984906,113.11201138291597,117.48077392578125
2022-04-29,115.7084801576087,116.88356150708636,112.8141467885434,113.10655212402344
2022-05-02,112.40825746611199,115.71939696071765,111.61033248451041,115.5583267211914
2022-05-03,115.4071644067974,117.4009899974836,115.01464880494734,116.30272674560547
2022-05-04,116.0028802952593,121.7746984397327,114.10421172565688,121.18641662597656
2022-05-05,119.1474930563822,119.97515308141593,113.99468267182898,115.48149871826172
2022-05-06,114.17211482737774,116.5381358862753,113.01339074570949,114.72917175292969
2022-05-09,112.25461312851758,114.06555854767906,111.0160988528587,111.52210998535156
2022-05-10,114.49227422836657,115.22824850518352,111.90818559117898,113.3895492553711
2022-05-11,112.24122348597561,115.34172863167639,112.24122348597561,112.60400390625
2022-05-12,110.39857820468676,113.29043134538728,108.85922651182088,111.85218811035156
2022-05-13,113.52633065893913,116.83895961506994,112.60649331317624,115.0304946899414
2022-05-16,113.94511327209501,115.1489390261491,112.8884884094621,113.43910217285156
2022-05-17,115.81355766184248,115.87253633398905,113.86037975364924,115.44928741455078
2022-05-18,113.9892360282762,114.38572183997256,110.57500685562273,110.91598510742188
2022-05-19,110.4521046016662,112.01672963021842,109.03318313781098,109.41381072998047
2022-05-20,110.96703650906717,111.19749876704485,104.86663436993842,107.9507827758789
2022-05-23,108.62430893865206,111.16180602376643,107.7852448693059,110.50810241699219
2022-05-24,104.8423393279953,105.52280600519344,100.98900326705386,105.0385971069336
2022-05-25,104.0627448772428,105.56393689303482,102.94367020306227,104.87504577636719
2022-05-26,104.74816998923528,107.6945397193801,104.30013932618309,106.84507751464844
2022-05-27,108.52072351941294,111.33080496604357,108.17924616749293,111.32931518554688
2022-05-31,111.75553808376368,114.71777381462744,111.0934100457265,112.76211547851562
2022-06-01,113.84552464427594,116.07227792652175,112.25462791461338,112.89098358154297
2022-06-02,112.99801816382626,116.863242236052,111.95378036843927,116.58867645263672
2022-06-03,115.04239030742981,115.2991165371884,112.52075159132542,113.53426361083984
2022-06-06,115.6787539707655,118.2980302082557,115.14300770312117,115.79373931884766
2022-06-07,114.46550552636866,116.65657936123159,114.0407744070312,116.11983489990234
2022-06-08,115.73525430628604,117.52836028330441,115.57517473426661,116.16395568847656
2022-06-09,115.3050626696795,117.25923874880715,113.76720083398786,113.82617950439453
2022-06-10,111.45669077399432,112.28336016383942,109.39596129686058,110.1844711303711
2022-06-13,105.8479317354448,107.83530667844167,105.18630275754612,105.4573974609375
2022-06-14,105.59864757225515,106.97593088273761,104.87010701985535,105.77755737304688
2022-06-15,107.59094946985066,110.44415097010472,106.72314866951709,108.79973602294922
2022-06-16,106.27860230897124,107.69355345483342,104.21391025532901,105.1015396118164
2022-06-17,105.10154532268795,107.7441135350495,104.12272168588028,106.20178985595703
2022-06-21,107.97209137326078,111.50080688982577,107.64548911545747,110.56361389160156
2022-06-22,109.58479714760662,112.35026855081978,109.4123229035937,110.50761413574219
2022-06-23,111.2450721279725,111.75158241290121,109.5292910357325,111.25547790527344
2022-06-24,112.00185482451673,117.0411696178319,111.95972504269348,116.93807983398438
2022-06-27,117.23345639112544,117.53725815108606,114.16714052686946,114.81539916992188
2022-06-28,114.784683854193,116.27844224563663,110.8649425315994,111.02304077148438
2022-06-29,110.57153493394433,112.16589494206592,109.8980029257133,110.71971893310547
2022-06-30,109.03319059420119,109.91338628953312,105.81175541755432,108.00530242919922
2022-07-01,106.9843354918693,108.28976122127001,105.79240531545052,107.78176879882812
2022-07-05,106.15915998193664,112.38049064467288,104.80218931259407,112.26749420166016
2022-07-06,112.30616050739741,114.57355354870796,110.49620571439615,113.56499481201172
2022-07-07,114.06851963853795,118.14189676584834,113.82418809686583,117.73896789550781
2022-07-08,116.21945418412874,118.63304981056329,115.87401417090683,118.3044662475586
2022-07-11,116.96089626552066,116.96089626552066,114.31683805679349,114.65979766845703
2022-07-12,115.19354915850505,115.94588075015933,112.69074816289236,113.01834106445312
2022-07-13,110.71921287301893,113.1922860695284,110.22410668182415,110.37477111816406
2022-07-14,109.241827899975,110.11657102778943,107.42047675216378,109.39744567871094
2022-07-15,111.01609105740265,112.14607058469424,109.9252617490399,110.7950439453125
2022-07-18,111.64998015183659,112.68084025664578,107.41751350561796,108.07170867919922
2022-07-19,109.87570205635436,113.01783808815178,108.59703937527189,112.80968475341797
2022-07-20,112.1753157376498,114.38571897797333,111.49138548098223,112.8989028930664
2022-07-21,113.27555937905743,113.54319050720274,110.13342322528176,113.33502960205078
2022-07-22,110.02438896081073,111.35260768410927,105.56394075969678,106.9516372680664
2022-07-25,107.45715461067633,108.90432131164432,105.36569944827403,106.5650634765625
2022-07-26,105.66305372814293,106.25777860539752,103.15529199478907,104.09693908691406
2022-07-27,108.29968052085549,112.90881167432437,107.06066717650027,112.06627655029297
2022-07-28,111.38235656496596,113.33503542279847,110.4803511374403,113.21609497070312
2022-07-29,112.08610970412361,115.68420188473884,112.06628125487264,115.2976303100586
2022-08-01,114.28658368655181,115.69410090489107,113.3350148683378,113.85044860839844
2022-08-02,112.99802992898957,115.32737377032129,112.72049211808546,114.11809539794922
2022-08-03,114.69299545382555,117.57742237828928,114.46502121528304,117.04216766357422
2022-08-04,116.44744062554241,117.73601004530308,115.86262235872188,117.15119934082031
2022-08-05,115.20842372972953,117.07189713527843,114.98044193983411,116.4375228881836
2022-08-08,117.34944383201373,119.0939769251346,115.85271343429999,116.26902770996094
2022-08-09,116.11041609942981,116.28883432071103,114.69298455323379,115.60489654541016
2022-08-10,117.7360142356941,119.85720468184134,117.36927109011395,118.6479263305664
2022-08-11,120.21403540752571,120.42218875210386,117.51794102802992,117.79547882080078
2022-08-12,119.20300201694565,120.61051940917969,118.41003042457679,120.61051940917969
2022-08-15,120.06534908400887,121.22507134763688,119.54992284865891,121.00700378417969
2022-08-16,120.45192234559127,121.35392772306473,119.57965964182924,120.63034057617188
2022-08-17,119.06424216404282,120.22395696701935,118.3307407385834,118.49925231933594
2022-08-18,118.38030617411171,119.75808858144609,117.67654741342811,119.11380004882812
2022-08-19,118.01353242157256,118.1027453085966,115.7337525634136,116.17979431152344
2022-08-22,114.18747756849332,114.61369850167412,112.84934454275668,113.23591613769531
2022-08-23,112.48259557937843,113.99914676758455,112.43303201855512,112.8592529296875
2022-08-24,112.5024176637424,113.77116618601146,111.8779576273456,112.69075012207031
2022-08-25,113.23590401424377,115.69410978570761,113.1070493505059,115.62472534179688
2022-08-26,113.71169359144874,114.10817938697578,109.2215102957735,109.37018585205078
2022-08-29,109.02327231665438,109.97483376444924,107.84373662281749,108.45828247070312
2022-08-30,109.20169854971452,109.52879994823162,106.85253365316505,107.98251342773438
2022-08-31,109.67746398729584,109.87570309968547,107.1796088220971,107.2688217163086
2022-09-01,107.32830011371269,109.47922565257869,106.41638802751207,108.77546691894531
2022-09-02,109.61798420619859,109.76666731895013,106.31725842726799,106.90206909179688
2022-09-06,106.3569221880662,107.08050183935515,104.85027753257934,105.87122344970703
2022-09-07,106.11901365650074,109.01335460790509,105.96042387910643,108.48800659179688
2022-09-08,107.09039832376389,108.63668450034882,106.21813568405852,107.42740631103516
2022-09-09,108.11134507795128,110.01446770720469,108.06178152061504,109.67745971679688
2022-09-12,110.01447478728238,110.6389423756241,108.96379385270278,109.8856201171875
2022-09-13,106.85252347865307,107.34812886109147,103.17512488610275,103.40310668945312
2022-09-14,103.65090463743046,104.35466334080722,102.74890681508529,104.0771255493164
2022-09-15,103.11564426895569,104.3447433760891,101.45041004927867,102.0054931640625
2022-09-16,101.17286678380967,102.2235476117455,100.05280151558253,101.89645385742188
2022-09-19,100.85568758151153,102.42180228471612,100.65744846869414,102.1640853881836
2022-09-20,101.18279336472388,101.4702453845617,99.6364994799985,100.25105285644531
2022-09-21,100.7763873127521,101.97575131964689,98.39748018499488,98.40739440917969
2022-09-22,97.95144405755235,100.35017220971649,97.92170894561988,99.25984191894531
2022-09-23,98.75433126053103,98.7840739374912,96.61331982204246,97.87215423583984
2022-09-26,97.23775972454996,99.0021134075617,96.940401077741,97.30714416503906
2022-09-27,98.55608047686624,99.12107027493991,96.0185834977758,96.6430435180664
2022-09-28,96.7917391605889,99.81492765776615,96.25648440436291,99.17064666748047
2022-09-29,97.77302184291314,97.77302184291314,95.11657689159186,96.5637435913086
2022-09-30,96.19700749257774,98.03074589010642,94.72009801207578,94.80931091308594
2022-10-03,95.90955206825485,98.41731399775504,95.67165604887613,97.77302551269531
2022-10-04,99.55720093087983,100.94488980250854,99.49772314899776,100.74665069580078
2022-10-05,98.95256988434666,101.03411092367425,97.93162403320214,100.53850555419922
2022-10-06,99.79509354103838,102.02531761520133,99.70588064565636,100.5285873413086
2022-10-07,98.97239021921095,99.64641382042795,97.43601811981739,97.81267547607422
2022-10-10,98.12985750199623,98.22897705771258,96.15735036259238,96.9998779296875
2022-10-11,96.57365410336944,98.37765718707726,95.46349545095802,96.32585144042969
2022-10-12,96.44480530818547,97.88205781573463,95.88972216704339,96.7025146484375
2022-10-13,94.31369376135358,98.90299629495368,93.55045733483536,98.18932342529297
2022-10-14,99.11115674778205,99.80500878199092,95.52297881847961,95.7113037109375
2022-10-17,97.99108703777611,100.04289281373572,97.96135192777248,99.0913314819336
2022-10-18,102.22356592791553,102.56058152852803,99.09134376768007,99.88430786132812
2022-10-19,99.13097548058234,100.13209275439554,98.05055198046585,98.75431060791016
2022-10-20,99.12106659193721,101.42067503437667,98.51642748073942,99.0913314819336
2022-10-21,96.98996478104308,100.41955287075776,96.86111011341654,100.24113464355469
2022-10-24,100.90525400873032,101.84690116488177,99.10125080640549,101.6189193725586
2022-10-25,101.99559168167764,103.89871458124401,101.81717343719716,103.56170654296875
2022-10-26,95.58245054848182,97.44592398970775,93.85774600381856,94.09563446044922
2022-10-27,93.68922665802769,94.59123197316706,90.99314006116907,91.4094467163086
2022-10-28,91.45900853564996,95.70139671064247,91.32023964176592,95.44367980957031
2022-10-31,94.58132675716521,95.18596591202643,93.15398843755676,93.67932891845703
2022-11-01,94.61105231503412,95.18595629968785,89.57570802441086,89.6748275756836
2022-11-02,90.14070466460588,90.37859311828306,86.11638402723818,86.20559692382812
2022-11-03,85.56131487965403,85.75955401223071,82.60750340529754,82.69671630859375
2022-11-04,84.64940174408115,85.87850098830332,82.97425311346052,85.81903076171875
2022-11-07,86.51287795839856,88.11864218694443,86.08665700922309,87.71224212646484
2022-11-08,88.11863708496094,89.52615453336252,86.8201458615817,88.11863708496094
2022-11-09,87.67258615584599,88.6538902246859,86.51287141522182,86.55252075195312
2022-11-10,91.43918562996998,93.56037588946144,90.80481139698212,93.11433410644531
2022-11-11,93.8577385481565,96.07804827912527,93.09450211535228,95.5626220703125
2022-11-14,94.25421709955037,95.93927974232757,93.67932066979866,94.85885620117188
2022-11-15,97.39637271288223,99.25984624445441,95.85999298915897,97.57479095458984
2022-11-16,97.03953112343324,98.76423566096419,96.78181421845211,97.9811782836914
2022-11-17,96.11769363228491,98.40738771120833,95.93927542078849,97.49547576904297
2022-11-18,97.90187281922236,98.0307350439421,95.52297330311087,96.57365417480469
2022-11-21,96.43489126326328,97.53513576068444,94.52185428293382,94.7597427368164
2022-11-22,95.10667589461974,96.36551788073132,93.22338137182606,96.19701385498047
2022-11-23,96.23665063568495,97.8919783793907,96.23665063568495,97.59461212158203
2022-11-25,97.37655975919759,97.7730456441274,96.54394620695037,96.6034164428711
2022-11-28,96.18709181030358,96.72234652124172,94.7696601393946,95.20579528808594
2022-11-29,94.8886024571373,95.27517402033777,93.28283842068635,94.35334777832031
2022-11-30,93.98660272217356,100.15193477810236,93.59011691093076,100.10237121582031
2022-12-01,100.1321063282544,101.35129887441687,99.36887738054075,100.10237121582031
2022-12-02,98.1794154073719,99.88429132959538,98.03073230119058,99.55719757080078
2022-12-05,98.52633793148219,100.48893073993014,98.12985216783164,98.60563659667969
2022-12-06,98.42723321260276,98.90301015080603,95.57254133403083,96.12762451171875
2022-12-07,95.56262596381266,96.02848863434032,93.88747748283083,94.10554504394531
2022-12-08,94.54168033617455,94.73992702719157,92.62864325130393,92.88636016845703
2022-12-09,92.94583211796659,93.43153084821046,91.93480044321662,92.01409912109375
2022-12-12,91.89514325545609,92.73767083950996,90.80481299595476,92.4898681640625
2022-12-13,96.90075807295776,98.65519764693319,94.19474959251662,94.78947448730469
2022-12-14,94.3632525525602,96.018580115214,92.77731699649831,94.2343978881836
2022-12-15,92.31146188282725,92.81698152362237,89.218888932877,90.06141662597656
2022-12-16,89.9622954697807,90.52728533047387,88.73318861726283,89.46669006347656
2022-12-19,89.46670042373634,89.76405916455,87.43471499764979,87.6626968383789
2022-12-20,87.33557392675367,88.39616905558795,86.67146458378042,88.2375717163086
2022-12-21,88.29705818373395,89.42703786905226,87.54373587274237,88.79266357421875
2022-12-22,87.38514089164586,87.76179824360828,85.56130923053732,86.98865509033203
2022-12-23,86.34437020523261,88.76292688788996,86.30472086721583,88.44573974609375
2022-12-27,88.01952868769062,88.1582976051448,86.24526031471073,86.62191772460938
2022-12-28,86.21550780630535,87.26618870145985,85.18464779721495,85.2639389038086
2022-12-29,85.85867467640674,88.06907033133078,85.84876045182291,87.6725845336914
2022-12-30,86.21551535680346,87.52391325940049,85.80911531469404,87.45452880859375
2023-01-03,88.80256311679109,90.24973739582715,87.74196796868762,88.33670043945312
2023-01-04,89.55589230728985,89.85325856571626,86.50296129515269,87.30584716796875
2023-01-05,86.70120175720164,86.80032131544093,85.14500124959856,85.4423599243164
2023-01-06,86.02717297103696,86.9192640659125,84.11413611960162,86.57233428955078
2023-01-09,87.58336868376195,89.25851700743456,87.08776338680192,87.24635314941406
2023-01-10,85.22430369329793,87.89065547093827,85.07562056818927,87.64285278320312
2023-01-11,88.3961696743914,90.7948977302534,88.22766567198052,90.7155990600586
2023-01-12,90.67595505151839,91.06252660626463,88.96115727194007,90.32902526855469
2023-01-13,90.05149141638756,91.37971769910212,89.33781849580512,91.31033325195312
2023-01-17,91.25087710991556,91.43920960927622,89.25854855680916,90.4876480102539
2023-01-18,91.33014619303279,91.98434883409725,89.84333025861744,90.3191146850586
2023-01-19,89.92264707243187,92.78724574591155,89.83343416594599,92.23217010498047
2023-01-20,94.26413670489272,97.43601550407813,94.18483803338714,97.1584701538086
2023-01-23,97.08908644403112,99.1607207694037,96.64304464751609,98.91291809082031
2023-01-24,97.23777917234118,98.73450961634089,96.34568792882023,96.84129333496094
2023-01-25,94.73000174467127,95.31481996198589,92.93591288382635,94.3830795288086
2023-01-26,95.65184064234623,96.7124358785813,94.54168184198296,96.66287231445312
2023-01-27,96.45471331121503,99.43825971343786,96.45471331121503,98.49661254882812
2023-01-30,96.62322160019781,97.42609984090785,95.5527122376928,96.08796691894531
2023-01-31,96.01857390444783,98.01090177303531,95.96901034932732,97.97125244140625
2023-02-01,97.8424184378622,100.30062458138316,96.7223529416814,99.54730224609375
2023-02-02,104.8700863300786,106.90206355804081,104.68175389285314,106.79302978515625
2023-02-03,102.02531630709647,106.86242173682118,101.67839407914221,103.85905456542969
2023-02-06,101.49997723038128,103.44274929562647,100.98454343127975,101.9955825805664
2023-02-07,102.31276695764967,107.229170992123,102.21364740273903,106.69391632080078
2023-02-08,101.15305759656383,102.23347365780366,97.17830046850436,98.49661254882812
2023-02-09,99.12107385512309,99.15080896730558,92.80705872811015,94.17493438720703
2023-02-10,94.61106278381658,95.89963977995525,93.42161291225615,93.73880004882812
2023-02-13,93.90730468774592,94.36326072696573,93.01521349695155,93.77845001220703
2023-02-14,93.6000290448755,94.01633573432831,91.44910358703162,93.84783172607422
2023-02-15,93.6594961857254,96.26638514602948,93.32248818030943,96.08796691894531
2023-02-16,94.53177095740106,96.8214653459122,93.90730335156145,94.67053985595703
2023-02-17,94.0163267505867,94.72008539046281,92.39074192224304,93.52072143554688
2023-02-21,92.18259462414863,92.28171418116946,90.91384614467198,90.98323059082031
2023-02-22,90.89402316340856,91.30042320267887,89.81360707091751,90.84446716308594
2023-02-23,91.11208656749149,91.13191501658295,88.97107536820448,90.09114074707031
2023-02-24,88.65388384050988,89.09992561252551,87.8014420680175,88.34660339355469
2023-02-27,89.0801010131836,89.36755300004886,88.55475303297936,89.0801010131836
2023-02-28,88.54485304599933,90.42815487570596,88.534938821612,89.2684326171875
2023-03-01,89.18915376446422,90.22992059802009,88.88187326493379,89.56581115722656
2023-03-02,88.87195398014434,91.46892114468274,88.80256197209034,91.1913833618164
2023-03-03,91.66718179977899,92.90619534963233,91.63743912221811,92.82689666748047
2023-03-06,93.19362456165446,95.1264899199855,93.1738036755349,94.29386901855469
2023-03-07,94.14519285358496,94.82912307414622,92.70793284331539,93.0350341796875
2023-03-08,93.29276092219925,95.11658511938656,93.17381290668519,93.42161560058594
2023-03-09,93.2233655789375,94.69035312052974,91.09226114790435,91.5085678100586
2023-03-10,91.35988513059155,91.97443846501345,89.60544558188205,89.83341979980469
2023-03-13,89.29817253447952,91.75637851356447,88.63406314919474,90.30921173095703
2023-03-14,91.74646272743232,93.53064506595086,91.62752227975622,93.14407348632812
2023-03-15,92.40066793697098,96.07805893634688,91.82576388320213,95.26526641845703
2023-03-16,95.35447189407667,100.30061902134946,94.66062738841612,99.43826293945312
2023-03-17,99.3787824324158,101.93610017608884,99.2201850976227,100.7268295288086
2023-03-20,99.24002247655834,100.85569326789229,98.99221979039645,100.33035278320312
2023-03-21,100.36008414076306,104.17624385241345,100.33034902951017,103.9978256225586
2023-03-22,103.35352451794222,105.65313277592884,102.42179170910212,102.46144104003906
2023-03-23,104.13660499777403,105.36571184374247,103.54188002584578,104.67185974121094
2023-03-24,104.06721812674961,104.56282351890222,102.92732421233099,104.51326751708984
2023-03-27,103.70046700155793,103.83923589570183,101.03410777688019,101.5594482421875
2023-03-28,101.53962423516843,101.54953089706174,98.86335086819658,100.14201354980469
2023-03-29,101.38103253800085,101.58918588440255,99.7653617660232,100.49885559082031
2023-03-30,100.02307094070733,100.27087360474158,98.90299805937673,100.00324249267578
2023-03-31,100.40964837247186,102.9768804923042,100.1519314693277,102.81829071044922
2023-04-03,101.49007770962147,103.61126831074107,101.03412162887356,103.44276428222656
2023-04-04,103.41301947651381,104.6520329153803,103.12556745121624,103.79959106445312
2023-04-05,104.85026426841469,105.16745138275883,102.7489024717613,103.5517807006836
2023-04-06,104.33483456983963,108.21046425787682,103.41300836785234,107.46705627441406
2023-04-10,106.03972551827178,106.6443570965018,104.19607298512094,105.50447082519531
2023-04-11,105.6134990800635,105.79191730174914,103.75993241934815,104.42404174804688
2023-04-12,105.643234620716,105.8117386190125,103.42291728349981,103.72028350830078
2023-04-13,104.90974215422128,106.54524140425345,104.90974215422128,106.48577117919922
2023-04-14,105.95050836328302,107.98249327038609,105.90094480463668,107.9131088256836
2023-04-17,103.7401135343835,105.22692955632782,103.60133708165166,105.0385971069336
2023-04-18,105.55403506755718,105.6035986320666,103.15530676712977,103.58152770996094
2023-04-19,102.66961069827711,104.05730725261225,102.16409110128505,103.26433563232422
2023-04-20,102.99670263824548,105.31613193758433,102.95705330462381,104.36457061767578
2023-04-21,104.54299836188882,105.0683388461455,103.85906052869694,104.48352813720703
2023-04-24,104.56281265248298,105.69279222417367,103.77975530677848,105.0385971069336
2023-04-25,104.89981799760842,105.7522597054686,102.92730348910072,102.93721771240234
2023-04-26,103.99781824829445,105.41524976209612,101.72794498144636,102.79845428466797
2023-04-27,103.53195477534291,107.41750647367289,102.62995696914422,106.64435577392578
2023-04-28,106.09919436658583,106.40646726401752,104.16632896179492,106.39655303955078
2023-05-01,105.90093792848754,107.0408316423043,105.88111704371835,106.25777435302734
2023-05-02,106.19832091951841,106.2577911455612,102.79846768787561,104.39431762695312
2023-05-03,104.60246858657061,106.54524073699993,104.03747876508014,104.48352813720703
2023-05-04,104.56282340312815,104.67185719426804,103.05618634008118,103.76985931396484
2023-05-05,103.89869713575139,104.94937797553015,103.1949385013395,104.64210510253906
2023-05-08,104.2555520857097,107.01111689548593,104.2357311971691,106.82278442382812
2023-05-09,107.43733903114305,109.18187217322726,106.2478890847401,106.40647888183594
2023-05-10,107.02103138919628,111.94735027992186,106.98138204967745,110.76780700683594
2023-05-11,114.38571831983981,116.88356600068316,113.40442182690181,115.5454330444336
2023-05-12,115.65446614587465,116.99259909422787,115.08947634268829,116.4771728515625
2023-05-15,115.08947611768251,117.43864822230549,114.9903565591719,115.4859619140625
2023-05-16,115.46614156745153,119.6887016048796,115.40667134063953,118.45960235595703
2023-05-17,118.55871573573606,120.60060741468727,117.8450428018749,119.77790069580078
2023-05-18,119.88693103307176,122.22618888797108,119.7679905890739,121.75041198730469
2023-05-19,122.464079972312,124.8628079526781,121.07638353692812,121.68102264404297
2023-05-22,121.85944209965614,125.31876521794419,121.66119542840033,123.95089721679688
2023-05-23,123.0687158906877,123.5345785360901,121.1358506178756,121.48277282714844
2023-05-24,120.05543938411122,120.83849672292195,118.80651181921867,119.83737182617188
2023-05-25,123.42555925112126,124.21853087598284,120.88806215130478,122.39470672607422
2023-05-26,122.08742462698592,124.15905899914881,121.37375168657263,123.5147705078125
2023-05-30,124.53573257508796,124.55556102731383,120.92772562853516,122.58304595947266
2023-05-31,121.67112156567815,122.96960524960811,121.42331887409836,121.79006958007812
2023-06-01,121.74050008884288,123.32643572526102,121.54226097016722,122.6325912475586
2023-06-02,122.90020285421588,125.04122142678463,122.67222864615749,123.57422637939453
2023-06-05,122.92003685811163,126.30997552224953,122.75152529744679,124.90245819091797
2023-06-06,124.90247058230369,127.16242235359813,124.25818207275529,126.1910400390625
2023-06-07,125.85402231319067,127.90582057329998,121.04665198703012,121.42330932617188
2023-06-08,121.15569544544086,122.14690621299393,120.17439134067995,121.06648254394531
2023-06-09,121.17550631108766,122.67223656375475,120.83849830791537,121.15568542480469
2023-06-12,121.71075615460212,122.9596836862708,120.59069084683541,122.55328369140625
2023-06-13,123.881524443717,124.05994268348793,122.09734204600761,122.74163055419922
2023-06-14,122.01805606845585,122.95971092837638,120.38255662740545,122.58304595947266
2023-06-15,122.05768927234496,124.35729787447553,121.32419544608322,123.99054718017578
2023-06-16,124.82317467353323,125.00159291763548,122.19646457627043,122.44426727294922
2023-06-20,121.84953188431368,123.47511683040602,121.06647452234982,122.01803588867188
2023-06-21,121.32419395167761,121.58191085699323,119.04440626489465,119.4904556274414
2023-06-22,118.94528872348243,122.15680940156187,117.78557397338955,122.0676040649414
2023-06-23,120.31314813901791,121.71075881058304,119.99596102780514,121.26470947265625
2023-06-26,119.69860126412782,120.92770036348257,117.23048127903954,117.29986572265625
2023-06-27,116.0509569547925,118.03337846384325,115.07956708792895,117.28997039794922
2023-06-28,116.0608579876023,119.33185634380241,115.82296953551025,119.12370300292969
2023-06-29,118.19196103083988,119.00475349739705,117.26022812090297,118.05319213867188
2023-06-30,119.11379660317279,120.0158020352129,118.63801966773421,118.6479263305664
2023-07-03,118.19196580370979,119.13362053840451,117.77565911039436,118.8461685180664
2023-07-05,118.1919601816183,121.53234291871821,118.18205351963279,120.67990112304688
2023-07-06,118.74705599266238,119.24266138902185,117.35935937038825,119.05432891845703
2023-07-07,119.04440879722722,119.98606354107629,118.35056430162291,118.42986297607422
2023-07-10,117.2602367523764,117.27014341516231,115.11921786589225,115.4264907836914
2023-07-11,115.2678850745914,116.67540235428439,114.33614466240792,116.11041259765625
2023-07-12,117.75583466197419,119.27238582914387,117.36926309239514,117.88468933105469
2023-07-13,119.86711735011022,123.73284082144414,119.39133285851337,123.44538879394531
2023-07-14,123.703104019214,125.6656970596948,122.4046128006824,124.3176498413086
2023-07-17,124.83308323552517,125.98288376353565,123.10837110000271,123.5544204711914
2023-07-18,123.5048392260822,123.58413788902924,121.87925444735147,122.67222595214844
2023-07-19,123.50484670115512,124.07975069881186,120.72946139106028,120.95743560791016
2023-07-20,120.35279444013278,122.99932504158681,117.18092340794111,118.15230560302734
2023-07-21,119.55984327813516,119.92658641540363,117.68645556733492,118.9651107788086
2023-07-24,120.59070000224004,121.9189187390688,119.91667640915657,120.46183776855469
2023-07-25,120.29333663689901,122.06760477820553,119.95632105113091,121.1358642578125
2023-07-26,128.92679121548855,129.82878151515044,127.19217238007396,128.13381958007812
2023-07-27,130.51270190226427,132.0689098519843,127.65801044654415,128.2626495361328
2023-07-28,129.6305212614067,132.56451129686621,129.42237550489725,131.41470336914062
2023-07-31,131.56341923741195,132.35639098665902,130.62177190222775,131.5535125732422
2023-08-01,129.63054701957142,131.4642930466913,129.5314198898495,130.39378356933594
2023-08-02,128.31222025946755,128.9465944934301,126.4388326681817,127.25163269042969
2023-08-03,126.8452374919422,128.25275490430315,126.30006856910073,127.32101440429688
2023-08-04,128.1437081443391,130.35410359894246,126.78575443058828,126.98399353027344
2023-08-07,128.02475256698008,130.45321528140613,127.88598370114637,130.37391662597656
2023-08-08,129.47194349388803,130.35412045755103,128.4014340675314,130.24508666992188
2023-08-09,130.50282267876545,130.87947251276492,127.86619821738373,128.52040100097656
2023-08-10,130.16578804061726,130.88936757032903,128.31221386564667,128.55010986328125
2023-08-11,127.52916585454872,128.78799249024013,127.04346719118266,128.42124938964844
2023-08-14,128.25273871650413,130.21533146634363,127.8265254190536,130.17568969726562
2023-08-15,129.94774884721215,130.26492845526437,128.14373783533682,128.63934326171875
2023-08-16,127.5688247680664,129.13493962042415,126.7461255654186,127.5688247680664
2023-08-17,128.6591509873898,130.82990482519432,128.15362385412445,128.77809143066406
2023-08-18,127.38049612525968,128.11399757171444,125.26921981615214,126.33972930908203
2023-08-21,126.0621788706278,127.59855093945741,125.4476255056934,127.24171447753906
2023-08-22,127.3804753860569,129.13492247421263,127.19215806698841,127.94547271728516
2023-08-23,129.03580432978123,132.23742584663677,128.72853142638633,131.20655822753906
2023-08-24,132.77269070278274,133.07005698354735,128.43119745245764,128.63934326171875
2023-08-25,128.40142596774677,129.61070421801392,126.13156014533209,128.7384490966797
2023-08-28,130.15585618309913,131.37504093670455,128.99614164313212,129.85848999023438
2023-08-29,131.07771469222826,135.36965904379704,131.07771469222826,133.38723754882812
2023-08-30,133.59537690208668,135.08219295170898,132.89162577508347,134.6857147216797
2023-08-31,134.8145624474285,136.78707719387538,134.59649488250773,134.97315979003906
2023-09-01,136.2518027850217,136.2518027850217,133.66474275984183,134.46762084960938
2023-09-05,134.24957408258942,135.22095629355618,133.39713231081367,134.57667541503906
2023-09-06,134.82446908845833,135.32998104598227,132.495118145148,133.27818298339844
2023-09-07,132.4158467757284,134.38836170715467,131.78147247047056,134.0711669921875
2023-09-08,133.72425434486345,135.4588732667458,133.66478411606147,135.18133544921875
2023-09-11,135.33991830158746,136.27165888953823,134.59651018881954,135.71658325195312
2023-09-12,135.06236368343136,135.66700281159663,134.00177610596597,134.15045166015625
2023-09-13,133.9026210602515,135.69670962179202,132.97088078251468,135.50839233398438
2023-09-14,136.39060981836033,137.48093260507594,135.0425625482196,136.88621520996094
2023-09-15,136.7672716735491,137.30253401342628,135.28045536783313,136.19236755371094
2023-09-18,135.40928098547076,137.93687104627568,135.40928098547076,136.99522399902344
2023-09-19,136.21219057489975,137.1934947424291,135.4192188852002,136.8267364501953
2023-09-20,136.86634887994856,136.86634887994856,132.4455433555256,132.5644989013672
2023-09-21,130.28472870460357,131.06777845392287,128.92677497016894,129.29351806640625
2023-09-22,129.61072142408077,130.86956340083478,128.46092836722917,129.10520935058594
2023-09-25,128.6888930557924,130.0171118264149,127.82654454608127,129.9576416015625
2023-09-26,128.6294294858362,129.21424022670868,126.10183892610962,127.43997955322266
2023-09-27,127.43999803724336,129.749506221742,127.43999803724336,129.39266967773438
2023-09-28,128.69880291155567,132.12839883500152,128.64923934805705,131.1470947265625
2023-09-29,132.10856705829798,132.87180356786632,129.21423349403221,129.7098388671875
2023-10-02,130.05676271040824,133.2385405902459,130.01710581255713,132.99073791503906
2023-10-03,132.76277495232893,133.0799545386721,130.68122625412332,131.2660369873047
2023-10-04,131.62288239657767,134.37846248014134,131.36517301991339,134.05136108398438
2023-10-05,133.8828125,134.29911910438386,132.27704116917965,133.8828125
2023-10-06,132.832158631349,136.94569267381706,132.832158631349,136.37078857421875
2023-10-09,135.73641188198502,137.71883351864395,134.41809967864563,137.20339965820312
2023-10-10,137.28270808695942,138.49198658116535,136.12299316212477,136.84657287597656
2023-10-11,137.36199550625815,139.86975763903897,137.36199550625815,139.31468200683594
2023-10-12,139.8102704594491,139.9787744613181,137.04478417224522,137.74855041503906
2023-10-13,138.15495992166953,138.7695057500951,135.4192085570894,136.1527099609375
2023-10-16,136.9555770964501,138.4027513362433,136.7771664348634,137.87741088867188
2023-10-17,137.41154259753543,138.6703692822643,135.97427499935674,138.49195861816406
2023-10-18,138.22433080496884,139.48317264449588,136.17253249534386,136.7474365234375
2023-10-19,137.28269950188223,138.43250769080962,136.17254821584305,136.53929138183594
2023-10-20,136.12297828131832,136.6582254478533,133.8927540255162,134.40818786621094
2023-10-23,133.85310324956066,136.45008589771163,132.77268707945487,135.30027770996094
2023-10-24,136.6185834917505,138.13513477372655,136.21218344241674,137.5899658203125
2023-10-25,127.03356406868409,127.18223962045136,123.97071914254384,124.50597381591797
2023-10-26,122.18655016094156,123.23723873561569,120.20412859059402,121.20525360107422
2023-10-27,121.79996533864069,122.22618623249376,119.15343464446192,121.09620666503906
2023-10-30,122.12708298416779,124.29783707786582,121.67112691907994,123.36609649658203
2023-10-31,123.96081560140948,124.26809608033074,121.61165093298484,122.98943328857422
2023-11-01,122.97951373794584,125.37824186558063,122.63259149838505,125.33859252929688
2023-11-02,127.29128739355363,127.8463630140724,125.81438543905156,126.36946105957031
2023-11-03,126.8948300199694,128.3915531091847,126.73623263808891,127.96533966064453
2023-11-06,127.91575939110132,129.19441469449498,127.53909443947174,129.10520935058594
2023-11-07,129.56115358521535,130.75060336661838,128.73844691253734,129.81886291503906
2023-11-08,129.81886492088287,131.04797161797262,129.63053247035484,130.68121337890625
2023-11-09,130.80017480614322,131.38498550790692,128.92678712827234,129.0952911376953
2023-11-10,128.95651664701234,131.63278248151076,128.27257885187583,131.42462158203125
2023-11-13,130.62172799705198,131.42460614060172,130.09638760374972,130.9290008544922
2023-11-14,133.01056927107837,134.50729201715737,132.1482207824069,132.44557189941406
2023-11-15,133.68458551793623,133.84318286371249,132.3960236763613,133.43678283691406
2023-11-16,134.0017891113594,136.0139458049548,133.13944056401175,135.7264862060547
2023-11-17,134.8046347205288,134.86410493354612,132.47528387953295,134.12069702148438
2023-11-20,132.5149776822315,135.45887504396703,132.44558566460094,135.05247497558594
2023-11-21,135.09211259340776,135.9742895959558,134.76502634077858,135.76614379882812
2023-11-22,136.26174217835015,138.19460010408307,136.26174217835015,137.2727813720703
2023-11-24,136.8168204777558,136.91594760397751,134.79475717504624,135.4886016845703
2023-11-27,134.83440986857084,137.20340318020305,134.8046747532318,135.21107482910156
2023-11-28,134.8839589217478,136.0436736692128,134.2297562053289,135.99411010742188
2023-11-29,136.36082196090845,137.07447953407072,133.65480667968023,133.80349731445312
2023-11-30,133.8630133792204,134.35861874891418,130.1261446568203,131.3651580810547
2023-12-01,130.70103454589844,130.94883720390865,129.52149147382195,130.70103454589844
2023-12-04,128.73845875055255,128.88713431514626,126.7758581121976,128.13381958007812
2023-12-05,127.81662097598935,130.97858563372688,127.1227764879299,129.8386993408203
2023-12-06,130.28474525326413,130.68122350903377,128.73845888121613,128.87722778320312
2023-12-07,133.8530984180632,137.34216463354636,133.5160903794074,135.7264862060547
2023-12-08,133.02043262879235,135.20109248342757,132.8519286757861,133.80349731445312
2023-12-11,131.21646382988015,132.16801753433697,130.20542478480553,132.1184539794922
2023-12-12,130.65148882726206,131.83103206038206,130.10631988027265,131.35525512695312
2023-12-13,132.20769395702044,132.32663440647838,130.41360492921032,131.40481567382812
2023-12-14,132.20768021650815,132.5446882047304,128.55011052905618,130.78033447265625
2023-12-15,130.46317274869438,132.33656072935105,130.02703753632088,131.4345703125
2023-12-18,131.46427872099582,135.94454015229283,131.26602448315583,134.60641479492188
2023-12-19,135.63729183585517,136.26175952392094,134.8839770194559,135.44895935058594
2023-12-20,137.74856738121363,140.45456865574852,136.85648370269604,137.1240997314453
2023-12-21,138.26400273042307,139.45345268951988,137.95671467148622,139.18582153320312
2023-12-22,139.53275641715152,140.74203487129944,139.4732861857471,140.24642944335938
2023-12-26,140.3455151877592,141.42593118854055,139.94903696948103,140.27613830566406
2023-12-27,140.34552403156647,140.83122273553664,138.6604688106895,139.13624572753906
2023-12-28,139.54263593061398,139.8994723742898,138.5216901576727,138.99746704101562
2023-12-29,138.40274901874815,139.12632856419143,137.56021390956434,138.46221923828125
2024-01-02,137.33226187460795,138.22434556103968,135.28044822126745,136.95559692382812
2024-01-03,136.0436547238705,138.40274078957884,135.87515073698754,137.698974609375
2024-01-04,137.20339508752366,137.93689651353586,135.15159662676552,135.1912384033203
2024-01-05,135.54807229763554,135.9544723417591,133.96212902161366,134.5370330810547
2024-01-08,135.09206967470004,137.78816339048043,135.0623345702715,137.61965942382812
2024-01-09,137.28270282254584,140.24642871103555,136.93577297492843,139.71116638183594
2024-01-10,139.76070104634456,141.74312233778207,139.67149571815168,141.02944946289062
2024-01-11,142.2288487056122,143.94363922184246,139.4038917651352,140.83123779296875
2024-01-12,141.416007645168,141.94134802777754,140.57348775073416,141.39617919921875
2024-01-16,140.75191120368166,143.08126226290798,140.20674232549314,141.23760986328125
2024-01-17,140.10765256153263,140.59333617350276,137.6791740029759,140.22659301757812
2024-01-18,140.80149369743117,142.9425126026269,140.74202347084398,142.2189178466797
2024-01-19,143.4678445948608,145.16280645077472,143.11100813182492,145.0934295654297
2024-01-22,145.80710794511032,147.0857631627537,144.55817271543333,144.7068634033203
2024-01-23,144.6077484744681,145.88640379995493,144.22117685283933,145.7476348876953
2024-01-24,147.23440805359084,148.53290657538915,146.79828811746683,147.39300537109375
2024-01-25,148.75097410565905,151.70477730195304,148.22561860084704,150.53514099121094
2024-01-26,149.7719550941985,151.19928591444616,149.68273462913356,150.8523712158203
2024-01-29,150.7234988316385,152.42838247060587,150.0990312415879,152.16075134277344
2024-01-30,151.45701832492836,152.26980334325071,149.8611682786259,150.12879943847656
2024-01-31,142.35765687548871,142.73432173106326,138.6406172470756,138.8686065673828
2024-02-01,140.8708500003378,141.8025904131777,139.55253804649774,139.91929626464844
2024-02-02,138.03599811357188,141.3664667061821,135.30026199719302,141.1285858154297
2024-02-05,141.56473326856243,144.1914358303926,141.5250763668689,142.4171600341797
2024-02-06,143.3786346695141,144.08240098500607,141.93147538647906,142.83348083496094
2024-02-07,143.48766006197988,144.34010189614554,142.66495333978824,144.26080322265625
2024-02-08,144.54826480197747,145.0438701746272,143.82468519281807,144.6275634765625
2024-02-09,145.39075296784708,148.12650370455327,144.89514770391304,147.69036865234375
2024-02-12,147.11551446539002,148.02742664435084,146.07474003434774,146.23333740234375
2024-02-13,143.6462817573447,145.38090083167214,142.42709658572724,143.86434936523438
2024-02-14,144.79605648646725,145.23219160120888,142.82354180831294,144.65728759765625
2024-02-15,141.88187978821253,142.25854464312403,139.22544273162563,141.51513671875
2024-02-16,141.7332189292563,141.9314580380152,138.90826247425002,139.28492736816406
2024-02-20,138.432479628036,140.83120752749184,138.26397563661223,139.879638671875
2024-02-21,140.20675080076072,141.43585751636738,139.44351432516038,141.29708862304688
2024-02-22,143.65616072853092,143.7255527379726,141.5448922041246,142.82354736328125
2024-02-23,142.40724256933106,143.40835995334845,142.16934655124388,142.6947021484375
2024-02-26,140.89067986576057,141.18804608290887,136.18242932238044,136.36085510253906
2024-02-27,136.80689055869198,138.0260753556502,135.88505684049912,137.65933227539062
2024-02-28,136.6879649944579,136.79699878882042,134.21985975111554,135.18133544921875
2024-02-29,136.0734054858856,137.63952022756177,135.20113521845195,137.2430419921875
2024-03-01,137.21330186571015,137.64943703156058,135.7165790235201,135.9346466064453
2024-03-04,134.46765773338637,134.46765773338637,130.7506173169925,132.17796325683594
2024-03-05,130.7208868800359,132.06893419092674,129.52151514124904,131.50393676757812
2024-03-06,131.94997037211849,132.4059339725702,129.6999328564518,130.24508666992188
2024-03-07,131.62286181229678,133.75397388585452,130.45324044956945,133.1988983154297
2024-03-08,133.03039878127268,136.87628613042892,132.82223787303235,134.2198486328125
2024-03-11,134.93351836260592,137.8774153719074,134.93351836260592,136.45997619628906
2024-03-12,135.8256335556507,138.15498530864716,135.8256335556507,137.28271484375
2024-03-13,137.7782905156126,139.84991729704038,137.7683838532644,138.56134033203125
2024-03-14,139.9490235510771,142.32792288200474,139.22544406599317,141.8422393798828
2024-03-15,141.24752279739727,141.9215388042357,138.7992311922684,139.93911743164062
2024-03-18,147.3038223387608,150.81270155253688,145.87647651462308,146.38198852539062
2024-03-19,146.8577896722865,147.4822421656298,144.79606947876087,145.7377166748047
2024-03-20,146.69917689330697,147.5516186613226,145.45025691328723,147.43267822265625
2024-03-21,148.15624755525624,149.0483310331233,145.6088290884326,146.3026885986328
2024-03-22,147.8093327695821,150.24771771386577,147.67056387842288,149.44483947753906
2024-03-25,148.622129594887,149.0582647076252,146.52076782406607,148.75099182128906
2024-03-26,148.89963094203895,150.9216935499545,148.66173499565505,149.34567260742188
2024-03-27,149.85121819279237,150.30718174477965,147.59125913003174,149.5439453125
2024-03-28,149.52414052577765,150.09902942352818,148.85010938322958,149.60342407226562
2024-04-01,149.36553782442945,154.3711547175217,149.28623915611158,154.12335205078125
2024-04-02,152.15082675469168,153.3402764470575,150.8126863978592,153.20150756835938
2024-04-03,152.24998969483624,153.7169774898391,151.38762598706683,153.55838012695312
2024-04-04,152.15083657251893,153.40967834779974,149.12764102936788,149.20693969726562
2024-04-05,148.71134571985755,152.07154951460475,148.28513236262637,151.15963745117188
2024-04-08,151.4371697426533,153.9052898339039,151.26866573838439,153.48898315429688
2024-04-09,154.71807515609422,157.16636680492698,153.825991572372,155.22360229492188
2024-04-10,154.83704643510924,155.23352470706243,153.32047998943062,154.7676544189453
2024-04-11,155.5308692093835,158.27651186403895,155.0848274346832,158.00889587402344
2024-04-12,156.57163251549102,158.81176301923506,155.75883256632315,156.34364318847656
2024-04-15,157.46372881803066,157.8403937153416,153.23125499058935,153.49888610839844
2024-04-16,152.8347772006078,154.28193632388786,152.08144740386092,153.0429229736328
2024-04-17,154.25222171449875,155.69939615479163,153.22136912493693,154.10354614257812
2024-04-18,153.97466932035476,155.5606125191913,153.26099639334586,154.63877868652344
2024-04-19,154.8271274373676,154.98572479887758,150.96141127979288,152.7356719970703
2024-04-22,152.9537163543577,156.2544497066036,152.7059136863934,154.90640258789062
2024-04-23,155.58045659149803,157.57278489006907,154.90642537067149,156.8690185546875
2024-04-24,156.10578401898567,158.16750416167633,155.7885893241061,157.7313690185547
2024-04-25,149.99992338282905,155.11457444082362,149.5439597867095,154.62887573242188
2024-04-26,172.83743392594712,173.1744571152618,168.15891742679023,170.43870544433594
2024-04-29,167.5740627254869,168.05976136758494,163.7579109650259,164.68963623046875
2024-04-30,164.15440172797688,166.62252177219705,161.17086301864083,161.34927368164062
2024-05-01,162.85591967019158,165.65112595593658,161.6565480783854,162.41978454589844
2024-05-02,163.34161532186556,165.26456662605938,162.44953168316837,165.15553283691406
2024-05-03,166.08726012108556,166.4837534702782,161.61690537224646,165.77008056640625
2024-05-06,165.98815382038057,166.6621698501134,164.5707146259979,166.62252807617188
2024-05-07,167.01896789996292,170.25030865896167,166.9099341408574,169.7447967529297
2024-05-08,167.51461620426056,168.65450251317668,167.2569068549834,167.8912811279297
2024-05-09,167.9011587181858,169.18973549080403,166.70178726740875,168.46615600585938
2024-05-10,166.5531482403928,168.35715914244224,164.72932401226194,167.16769409179688
2024-05-13,162.81625335334653,167.79213497268913,162.55854403329832,167.6533660888672
2024-05-14,168.27785221350925,169.7448398794561,167.3163765820282,168.84283447265625
2024-05-15,169.13029325056647,171.13252805375882,169.01133767709646,170.99375915527344
2024-05-16,171.7669014209654,173.58081887894542,171.17218405543662,172.64907836914062
2024-05-17,172.64909207464802,174.7207341676862,172.16340845627886,174.5125732421875
2024-05-20,174.6414258747219,177.19875144536334,174.53239208635316,175.36500549316406
2024-05-21,175.34517242175946,176.584185836624,174.2647563539197,176.28683471679688
2024-05-22,175.08745176039344,175.5929637561036,173.6700277652412,174.82974243164062
2024-05-23,175.51367817186207,176.6832994864589,171.42987998310477,172.0246124267578
2024-05-24,173.44202828735197,174.22509313899903,172.12371636120923,173.4519500732422
2024-05-28,172.91669064448408,175.71191186906103,172.83739197945985,174.84954833984375
2024-05-29,173.88808788543193,175.2856986187846,173.1843367499764,174.3539581298828
2024-05-30,173.6601277568323,173.67995620758435,170.28009532573515,170.5972900390625
2024-05-31,170.34946671720675,171.53891649882755,167.9507387056137,170.9838409423828
2024-06-03,171.02348165926512,172.99599632951654,169.6556212249439,171.64794921875
2024-06-04,171.75698494771635,172.3219822936052,170.37920271129525,172.2624969482422
2024-06-05,173.66010997413338,175.09736245061762,172.4012681621193,173.86827087402344
2024-06-06,174.35395954744376,175.59297294708358,174.2052839893571,175.17666625976562
2024-06-07,175.493867979147,176.30665293703487,172.76803839075907,172.9266357421875
2024-06-10,173.63119590631558,175.70520037025813,171.43809934111798,173.67088317871094
2024-06-11,174.8716214180017,175.48687252833415,172.440371072749,175.2685546875
2024-06-12,176.88609812176736,179.0295742492246,174.76247320161096,176.4296112060547
2024-06-13,174.76246052696914,175.38764480431132,173.5418763520932,173.81973266601562
2024-06-14,172.8869134698266,175.7051788680774,172.8174418240933,175.43724060058594
2024-06-17,174.1174710141037,176.995275550129,173.4724354166938,175.88385009765625
2024-06-18,175.78456099585281,176.0326480479042,172.76782910540194,173.750244140625
2024-06-20,174.02812743639052,175.93343447480135,173.65104535533175,174.95101928710938
2024-06-21,175.64562786394288,179.46617441384126,175.25861267941545,178.25550842285156
2024-06-24,178.78147315371626,179.5058831721026,177.30286873730756,177.84866333007812
2024-06-25,178.24561193946573,182.87987707702328,178.04714529101605,182.6218719482422
2024-06-26,181.23260215798607,183.09820694625952,181.0837408053558,182.47303771972656
2024-06-27,182.77071833286294,184.62642010992184,182.61195409916436,183.99131774902344
2024-06-28,182.90965002904287,183.71344974735644,180.56770738280355,180.75624084472656
2024-07-01,181.6294852381344,182.47298724360064,179.9127271353494,181.5897979736328
2024-07-02,180.65700787416756,184.1500780686585,180.17075176456586,183.82260131835938
2024-07-03,183.43558380831382,184.6660859724945,182.59208172180752,184.39816284179688
2024-07-05,184.43783517383432,189.39957612315513,184.37829670516754,189.14157104492188
2024-07-08,188.4469411036859,188.71487939155085,186.34316749742393,187.58360290527344
2024-07-09,188.85379104005673,189.89575971995774,187.27596097330996,187.53396606445312
2024-07-10,187.7026970108747,190.2828089517807,187.58362004629095,189.7171630859375
2024-07-11,188.39733505757295,189.39960141202818,183.66382932012837,184.15008544921875
2024-07-12,183.66383343758727,185.67829936578423,183.07835154835516,183.65391540527344
2024-07-15,183.50502571552826,186.79962897877238,183.50502571552826,185.1027069091797
2024-07-16,185.9263913901426,187.2362833659617,181.96691593885006,182.51271057128906
2024-07-17,181.569963789314,182.14552760174087,178.52344733868037,179.6348876953125
2024-07-18,180.53793067512186,181.10357651103143,175.11971708479683,176.33038330078125
2024-07-19,177.51126425121495,178.91046381081307,175.77465477022162,176.30059814453125
2024-07-22,179.20816928485795,181.30202472668176,178.85092330428975,180.2799072265625
2024-07-23,180.65700705961783,182.20506795075516,180.15089974687697,180.39898681640625
2024-07-24,172.27169172735933,174.8418705004524,170.5053127515472,171.30911254882812
2024-07-25,171.19994131459546,172.09304877138803,165.9107228003057,166.00003051757812
2024-07-26,165.8710294311091,166.8038393522412,162.80467650128674,165.72218322753906
2024-07-29,167.5381777702437,169.12592608314606,166.70460877031735,168.23281860351562
2024-07-30,168.93739420618675,169.91980941464726,167.15116408802947,168.98699951171875
2024-07-31,171.91443658888358,172.91670298864665,168.7091404604878,170.22743225097656
2024-08-01,168.9473226614739,172.71824977865398,167.58781013807817,169.4534149169922
2024-08-02,165.16644779514462,167.22060083165107,163.40998712477472,165.384765625
2024-08-05,154.3101724717456,163.17183620146415,153.7445266292353,158.03147888183594
2024-08-06,158.11087775486118,159.3413952637539,155.2132221455675,157.07882690429688
2024-08-07,160.01616866155442,161.7329270375027,157.2574415077753,157.72384643554688
2024-08-08,159.28181801513983,162.4374934400702,158.9841256428161,160.79019165039062
2024-08-09,158.7856348991968,162.5367099988413,157.84290710869936,162.41763305664062
2024-08-12,163.09245277727376,163.638232240746,160.60164879815585,161.04820251464844
2024-08-13,162.15965411245918,163.46954611395418,161.72301839794923,162.90391540527344
2024-08-14,161.15734902797854,161.9710818575429,156.5032484754406,159.14288330078125
2024-08-15,159.27189898700752,160.40317542086007,158.38870962322818,160.06578063964844
2024-08-16,160.23448454041534,163.79701137732062,159.8970897454957,161.7130889892578
2024-08-19,164.01533548402497,165.4145503036196,163.0031359185699,165.3946990966797
2024-08-20,165.62290056465164,167.34959180081188,165.54352603745377,165.9007568359375
2024-08-21,163.8863376356894,165.57334208523812,163.41001462767,164.58099365234375
2024-08-22,165.9801781592332,166.3076549289941,162.06040523845343,162.54666137695312
2024-08-23,163.45962992213603,164.90845010892556,162.57644045039766,164.3527374267578
2024-08-26,165.106913416324,166.26795909914733,163.20160651563705,164.8885955810547
2024-08-27,164.57104961527048,165.1664646925233,163.201619164844,163.419921875
2024-08-28,163.77717314609376,164.33290096897073,160.29403571593602,161.60394287109375
2024-08-29,163.05273886524938,164.70004059767595,159.02380738480878,160.54209899902344
2024-08-30,161.37567316665184,162.4077238619854,160.45279653031872,162.12986755371094
2024-09-03,160.48255309061489,160.61156320284906,155.28264303988357,156.15591430664062
2024-09-04,155.4612989897302,157.78339053713182,154.76665816042646,155.25289916992188
2024-09-05,155.1040401638185,158.2299312085826,154.78648144405375,156.03684997558594
2024-09-06,156.09641631309816,156.62235978730988,149.39806418549696,149.76522827148438
2024-09-09,151.54385960268255,152.4282209390493,146.2873778721235,147.7679443359375
2024-09-10,149.4969156283568,150.31172831197244,147.40028159964342,147.71826171875
2024-09-11,148.97030315644795,150.54029618362716,146.58551245007402,150.20245361328125
2024-09-12,152.82570635319718,153.83924907315188,151.682982309114,153.71006774902344
2024-09-13,154.44535510677574,157.37667920350046,154.2267627397466,156.46250915527344
2024-09-16,156.31343656303738,157.24748407606418,155.6079429135806,157.05868530273438
2024-09-17,158.0126121899254,159.53291842353528,157.37666719784102,158.3107147216797
2024-09-18,158.84732423336595,159.483269373917,157.5953115022546,158.79763793945312
2024-09-19,162.67293084972206,162.7524107202581,160.31793409819053,161.1128692626953
2024-09-20,162.46425419413836,162.69279293629415,161.03337393309369,162.55368041992188
2024-09-23,163.30888534572622,164.44166309263446,160.64585466572302,160.82472229003906
2024-09-24,161.9972194853163,162.18601827960998,159.67204679818846,161.26190185546875
2024-09-25,160.44710243338025,161.77861000791742,160.27818118844277,160.46697998046875
2024-09-26,162.60335078741144,163.0405658423745,161.25196569121914,161.69911193847656
2024-09-27,161.77859943711212,164.6502907376612,161.5997470113798,162.911376953125
2024-09-30,162.2853907035285,165.09744958161895,162.22575806160205,164.7993621826172
2024-10-01,166.62770671794624,168.08839566011457,163.53740758234116,165.93214416503906
2024-10-02,165.36574568962988,166.4587833748385,163.68644922877587,164.80929565429688
2024-10-03,163.3684842780683,165.5843532266716,162.88158291608877,164.80929565429688
2024-10-04,166.99535885279488,167.16428010496523,164.4317010051406,166.00169372558594
2024-10-07,166.65753420806615,167.41271432730716,161.71901678363855,161.9475555419922
2024-10-08,162.901468985077,163.68645779124333,161.8382399845631,163.33868408203125
2024-10-09,162.41456443992033,163.7957583809211,158.72807525360884,160.8346405029297
2024-10-10,159.85089649743236,162.03697180217182,159.38387269706766,161.05323791503906
2024-10-11,161.10293319324816,162.86170956550862,160.21857182956228,162.20590209960938
2024-10-14,162.6033481425783,165.1769369826469,162.36486307226147,163.9149932861328
2024-10-15,164.7397308583214,166.61775729768382,163.58709086133464,164.41183471679688
2024-10-16,163.48772512033995,164.74968410008972,162.70273632699872,164.11373901367188
2024-10-17,164.68012315374543,165.3160682513299,161.7289364078274,161.89785766601562
2024-10-18,162.1562268737477,163.66660222742627,162.04692309495266,162.384765625
2024-10-21,161.9177244301946,163.45790836208016,161.58981312891888,163.0306396484375
2024-10-22,161.9475365199372,164.71987068710104,161.9475365199372,164.09385681152344
2024-10-23,163.71626254064074,164.76956032222017,160.90418838301372,161.74880981445312
2024-10-24,161.7985127672051,162.295345386955,159.99003475349392,161.689208984375
2024-10-25,162.63318258273335,164.5410179603954,162.38476628102538,164.22305297851562
2024-10-28,167.68098784367282,167.68098784367282,162.91139226813863,165.66384887695312
2024-10-29,166.66744336321563,169.30066498158368,166.03149830422933,168.60508728027344
2024-10-30,179.53537952844496,180.86690211165708,172.95732227794772,173.35479736328125
2024-10-31,172.03323918990733,175.69986574053596,169.91672772946706,170.02603149414062
2024-11-01,168.99265264899384,171.228399412592,167.810188601417,170.2049102783203
2024-11-04,168.8535086611848,169.64844379948434,166.9456734265419,168.1678924560547
2024-11-05,168.3566697123956,169.44970738138483,167.77041094544956,168.6647186279297
2024-11-06,172.69900637438644,175.81911434381482,172.4009037964916,175.39183044433594
2024-11-07,176.2861274447148,179.93287650946746,176.06751991171046,179.60496520996094
2024-11-08,179.50558656989898,179.75400283427035,176.9518752564666,177.2201690673828
2024-11-11,177.44871282536081,179.40623425717754,177.3394090594478,179.20750427246094
2024-11-12,178.6808517336083,181.3339355258592,178.25356788936566,180.4694366455078
2024-11-13,179.3167881349091,179.8136206226171,177.40893803944098,177.74679565429688
2024-11-14,177.15062051532624,177.68720818344102,173.21571503907634,174.4677276611328
2024-11-15,172.62942807176185,173.03683438867833,170.1353342086739,171.3972930908203
2024-11-18,172.32140362031606,174.32861141194803,171.80469351153303,174.1894989013672
2024-11-19,172.61950254558704,177.73687175049812,172.46051249052883,176.9916229248047
2024-11-20,176.21658918387422,176.55443172495526,172.6791433722535,174.86520385742188
2024-11-21,172.79836977486937,173.02692368437366,162.662987910428,166.56809997558594
2024-11-22,164.79936934193785,165.40550568311707,162.8617101914929,163.7162628173828
2024-11-25,165.03785161237923,167.5617697445597,164.56089655546532,166.5879669189453
2024-11-26,166.5680936524055,168.74422275300518,166.5184073625678,168.04864501953125
2024-11-27,167.92942023182215,168.40637528649307,166.95563257291508,168.157958984375
2024-11-29,167.43256870496816,168.35666996658753,166.10106111500806,167.8797149658203
2024-12-02,167.70088536324786,170.98991485352522,167.50215534937632,170.40365600585938
2024-12-03,170.40363650165742,171.5860852555961,169.7676914327812,170.25457763671875
2024-12-04,170.06579296034354,173.80198381709815,169.97636673123043,173.26539611816406
2024-12-05,174.24912670582898,174.94468929994056,171.23832242107443,171.54635620117188
2024-12-06,170.9402105427862,173.97089221181594,170.77128929069295,173.60324096679688
2024-12-09,173.05610866341627,175.34414569527965,172.74770667593938,174.45877075195312
2024-12-10,181.89991783336416,185.39167441568316,180.109267593904,184.20785522460938
2024-12-11,184.3471064632806,194.59358956818772,183.88950517431252,194.38467407226562
2024-12-12,193.98676747620544,194.16582489848338,190.71386920648584,190.9625701904297
2024-12-13,190.01746770750015,191.72853145186417,188.65459136371652,188.8336639404297
2024-12-16,191.8678225512729,197.96597529078676,191.6191215772895,195.6381378173828
2024-12-17,196.22506444695088,200.37339478634232,193.96685539925252,194.40457153320312
2024-12-18,194.20562099415744,195.97637074387896,186.76449197962535,187.42105102539062
2024-12-19,190.63427019379503,192.0269895380088,187.40115762090377,187.5304718017578
2024-12-20,184.81468445746083,191.88774144921763,184.2575966505468,190.41543579101562
2024-12-23,191.6191324608379,194.08625719212253,189.16196548395996,193.6186981201172
2024-12-24,193.82759815006608,195.09100341796875,192.7731083908338,195.09100341796875
2024-12-26,194.13597478356786,195.72766709348628,193.36998671071595,194.58364868164062
2024-12-27,193.9370152813754,194.3051030426647,189.65935551931798,191.75839233398438
2024-12-30,188.81380244155494,191.54951344453465,188.13732782747584,190.24632263183594
2024-12-31,190.0871254076539,190.96255767118524,187.53047217416017,188.31637573242188
2025-01-02,189.65935593229025,191.00234725825092,186.52572974438567,188.44569396972656
2025-01-03,190.37561071207793,192.20606135937345,188.99283394745663,190.79342651367188
2025-01-06,192.97209320199258,197.1900680098333,192.84277899230688,195.84707641601562
2025-01-07,196.08577466190047,199.9555607782396,193.58882262625528,194.4741973876953
2025-01-08,191.5693958945213,195.27005246800397,191.3803807232366,192.9422149658203
2025-01-10,193.29039598946073,195.49886180679007,189.32112306274666,191.04212951660156
2025-01-13,189.08241402888427,190.18663195766106,186.38648836072548,190.01751708984375
2025-01-14,190.24630678281764,190.98245196740993,187.33152340912505,188.6745147705078
2025-01-15,192.08668076451275,195.33969375687735,190.8630762218721,194.53390502929688
2025-01-16,193.13124318936406,194.4642768734046,191.8081520804567,191.9076385498047
2025-01-17,195.508842843618,196.20520265736116,192.74328874081982,194.98159790039062
2025-01-21,198.03562405056638,201.23887871445535,196.84184720049228,197.0209197998047
2025-01-22,198.02568110227872,199.43830095568052,196.50363220208854,197.33926391601562
2025-01-23,197.11045095911172,199.25923110054313,194.18572496319172,196.95127868652344
2025-01-24,197.07067128135972,199.85611023612495,196.97118481318788,199.16970825195312
2025-01-27,191.41021235620636,195.85698677854776,189.73893399543607,190.81332397460938
2025-01-28,191.74847919956753,194.46428998544008,189.6892275453475,194.2852325439453
2025-01-29,194.54386784853932,195.76747251851242,192.4249304706921,194.3946533203125
2025-01-30,196.97118096512546,200.3535083038363,196.6428938419765,199.82626342773438
2025-01-31,200.95039173473552,204.41230512426117,200.75143398674038,202.95989990234375
2025-02-03,199.6471997728737,202.6912973186069,199.06026910715457,200.18438720703125
2025-02-04,202.33317837712485,205.97416454187623,201.75619025433605,205.30764770507812
2025-02-05,190.0772023789456,191.74846576717462,187.05298980095407,190.33584594726562
2025-02-06,188.51533691421105,191.10183309670842,187.73939109536238,190.60443115234375
2025-02-07,190.05729013281342,190.18660431911357,182.28787402069702,184.376953125
2025-02-10,186.37651565839897,187.22208986080463,184.89425239135454,185.50108337402344
2025-02-11,184.0685692836796,185.96864842614565,183.3224663388948,184.35707092285156
2025-02-12,182.26797191010567,184.14815067534644,180.88519509524076,182.65594482421875
2025-02-13,183.36225538928474,185.3120624610406,182.18837893712364,185.17279052734375
2025-02-14,184.0984174978102,185.43145115453234,183.36227228593566,184.2675323486328
2025-02-18,184.63561754552705,184.99374757151398,180.79567372558517,182.81512451171875
2025-02-19,183.11358075743158,184.49635771924724,182.63606390508187,184.30734252929688
2025-02-20,183.83978687302678,184.3471314612023,181.77059267929346,183.6010284423828
2025-02-21,184.18795032658747,184.37696551099646,178.14949807767616,178.7264862060547
2025-02-24,181.04437173412518,182.16848984705686,177.96047349552646,178.318603515625
2025-02-25,177.11488051844918,177.81125539535978,173.7822965453186,174.5084991455078
2025-02-26,174.16032642215686,175.16507289862997,170.68845533929954,171.8324737548828
2025-02-27,173.08594510447406,173.65297546387492,167.06737815788244,167.6244659423828
2025-02-28,167.80352548017922,169.72350502540073,165.9034614440167,169.3952178955078
2025-03-03,171.0366301036563,172.46915017235435,165.06780660374991,166.14219665527344
2025-03-04,165.37621562667857,172.38957139478455,164.93849945595062,170.03189086914062
2025-03-05,169.63394693975988,172.87700183854412,168.1815267237944,172.12095642089844
2025-03-06,169.64393238622674,173.90169247961578,169.61408947927114,171.45448303222656
2025-03-07,170.3701228624436,174.06085227932917,169.38527664457013,172.9566192626953
2025-03-10,167.57848498247546,167.77768707285077,163.02700292073365,165.1981658935547
2025-03-11,164.24206639490993,166.074610170201,160.71639599552714,163.37557983398438
2025-03-12,165.9052839213103,166.96098805134596,162.86763464348198,166.43313598632812
2025-03-13,165.36748287025196,165.45712989370372,161.4534078114044,162.10076904296875
2025-03-14,162.60870791000892,165.81566708355933,161.79202188086273,164.81971740722656
2025-03-17,164.36156568984055,165.6264259709924,163.00707358955603,163.6245574951172
2025-03-18,163.01702900544848,163.5847275921019,156.08522805432327,160.01922607421875
2025-03-19,161.10481855769754,165.19817244671944,160.34790225399752,163.2261962890625
2025-03-20,160.91558075554488,164.22212545502225,160.3080509045436,162.14059448242188
2025-03-21,160.55705156299513,163.57477782056455,160.2383403768693,163.32579040527344
2025-03-24,166.3933245024789,167.63826163368083,164.47113366947016,167.00083923339844
2025-03-25,168.29556886017417,169.93889491315255,167.63825363596857,169.86917114257812
2025-03-26,168.31547745607713,168.92300730211159,164.17232359449744,164.3914337158203
2025-03-27,163.96320493120362,164.7499985121227,161.34385234187698,161.5828857421875
2025-03-28,159.8399637284922,161.1645785777556,153.0077485673884,153.7049102783203
2025-03-31,152.489854834344,154.91000524190235,150.04978117819655,154.01365661621094
2025-04-01,152.99776917438965,157.45963422172338,152.99776917438965,156.43380737304688
2025-04-02,154.52158638151343,157.7683920561543,154.07341206604673,156.4039306640625
2025-04-03,150.49796262916686,152.16119683607278,149.78087761580798,150.1095428466797
2025-04-04,147.41049617328275,150.45811474262314,144.79115903527634,145.01026916503906
2025-04-07,140.97665934325744,152.2308920981867,139.960786565107,146.1555938720703
2025-04-08,150.60750263275938,151.62337549950988,142.45067281990836,144.11390686035156
2025-04-09,143.8350407612742,158.90376321404577,143.32711193141117,158.06716918945312
2025-04-10,155.90595330498695,157.0811818078422,149.322725435418,152.20103454589844
2025-04-11,152.28069286385934,157.03137687020202,152.2010302665367,156.50352478027344
2025-04-14,159.35194610703772,161.06498074344722,156.92182649738766,158.42572021484375
2025-04-15,158.48548058954378,159.00336349160088,154.58135959003184,155.67689514160156
2025-04-16,152.47990494067977,155.2585979132132,150.8963333701315,152.70896911621094
2025-04-17,153.6650878055648,154.05350761930674,147.8985451558595,150.5477752685547
2025-04-21,148.2769899279801,148.346698501599,145.50825109483685,147.07188415527344
2025-04-22,148.2869392297591,151.5735760354548,147.93835078181212,150.8564910888672
2025-04-23,154.9797361333446,156.8919577671247,153.18702360261742,154.72079467773438
2025-04-24,155.51752994672043,158.94359913409957,155.15898746904153,158.63485717773438
2025-04-25,164.40140465983956,165.4272315126956,160.3877138664607,161.3040008544922
2025-04-28,161.77207767108948,162.48916256089402,157.95760427833062,159.95945739746094
2025-04-29,159.6706623611363,160.0889594093041,156.88200017636458,159.5113067626953
2025-04-30,157.34011335090173,158.62489684356424,154.7705615625615,158.15679931640625
2025-05-01,159.80011945187778,161.29404393761732,158.26636366652554,160.6466827392578
2025-05-02,162.7481319399907,164.3018109241553,161.21436100650547,163.36561584472656
2025-05-05,162.33980079480253,164.72011996544808,162.06093609508568,163.54490661621094
2025-05-06,161.51314352018753,164.13249581033162,160.53711717512775,162.56884765625
2025-05-07,163.41541831659652,164.33169015930102,147.24119073545722,150.76686096191406
2025-05-08,154.37219053033292,155.29841637896206,152.28069025725696,153.6551055908203
2025-05-09,153.5455638933439,154.4220044950508,151.58354176260508,152.13131713867188
2025-05-12,156.85210396646104,158.45558338936252,155.61712102310727,157.81817626953125
2025-05-13,158.1468266808066,159.919630909492,155.52748962665564,158.8838348388672
2025-05-14,159.3121190412647,166.32359816964652,158.9635305710967,164.7001953125
2025-05-15,165.16827329805872,165.53678497348048,161.71232706903228,163.2958984375
2025-05-16,167.0506320085185,168.66408078965867,164.94917762065725,165.51687622070312
2025-05-19,163.84368649742183,165.9650643097772,163.55486775907139,165.86546325683594
2025-05-20,165.75590012466307,167.817523283891,162.24019892385144,163.31582641601562
2025-05-21,163.02700354080346,172.43872486137178,162.89752522096424,167.8772735595703
2025-05-22,171.15394376538748,176.05401394301808,170.0185618363875,170.1779022216797
2025-05-23,168.3752347830085,169.2715985296926,167.2099755896054,167.78762817382812
2025-05-27,169.47079940418584,172.46860243837372,169.3114438097941,172.19969177246094
2025-05-28,172.45864324425892,174.56009759174123,171.21370619473115,171.66188049316406
2025-05-29,173.29524158580244,173.71353862116436,169.93889608019336,171.16390991210938
2025-05-30,170.65598330984582,171.51250064033223,166.76181642373982,171.04440307617188
2025-06-02,167.16018492149544,169.18196148692468,166.7120106202351,168.34536743164062
2025-06-03,166.81163447021882,167.79761502839838,164.6105787651643,165.50692749023438
2025-06-04,166.0646474005772,167.5386486033552,165.68618167672102,167.3693389892578
2025-06-05,169.6500488073603,170.23765541573877,166.9111874462575,167.5286865234375
2025-06-06,170.1380845314093,173.79321800916722,170.1380845314093,172.97653198242188
2025-06-09,174.04348698482235,175.96800471005412,173.87397240224888,175.58908081054688
2025-06-10,175.6987675223273,180.5948038838724,174.41244383100403,178.09194946289062
2025-06-11,179.2586188457646,179.8569029175766,176.24720547354727,176.8455047607422
2025-06-12,175.6788103288989,176.21728270194464,174.25288557862032,175.20018005371094
2025-06-13,171.9494740114175,176.6261351195968,171.8996131999643,174.17312622070312
2025-06-16,174.23294549738824,176.43666545813562,174.15317124562452,176.26715087890625
2025-06-17,175.2002045527736,176.8554862045177,174.08339534937244,175.44949340820312
2025-06-18,175.50931582595604,176.0577543370001,172.70731159680278,172.8269805908203
2025-06-20,173.45517315134433,173.8440631360939,164.98933381824614,166.1659698486328
2025-06-23,165.7970377232315,166.86398612208345,161.53917977382372,164.72010803222656
2025-06-24,166.44516047022438,167.7414654003419,165.65741447979076,166.29559326171875
2025-06-25,167.15316152434053,171.86970222006798,167.07338726794845,170.19447326660156
2025-06-26,171.9394978428303,173.19592338119924,169.4565906415466,173.0463409423828
2025-06-27,173.046329910377,178.17170771682706,171.241481190895,178.0221405029297
2025-06-30,180.265759020371,180.71447592478233,174.08339834249907,175.72869873046875
2025-07-01,175.24009156508697,175.58908681807281,173.0363714854685,175.3397979736328
2025-07-02,175.04063318866915,178.35119606008848,174.5719841997796,178.13182067871094
2025-07-03,177.9922335542414,179.15890351135596,176.54636131074304,179.01930236816406
2025-07-07,178.5506411042797,178.78996387462078,175.18025102838192,176.28709411621094
2025-07-08,177.3440914457585,177.44379785510552,172.3184197808512,173.864013671875
2025-07-09,174.75147104078385,178.92955429499338,172.27853009035698,176.11756896972656
2025-07-10,175.1303863111691,177.92240891673904,173.8839422139032,177.11471557617188
2025-07-11,176.2870917998284,180.91389212460822,175.97797606848104,179.67742919921875
2025-07-14,180.4950948080724,183.147531843333,179.1688762904421,181.0435333251953
2025-07-15,182.28996266650833,183.69595532751242,181.08341324296114,181.48226928710938
2025-07-16,182.71874486155866,183.80564050002502,181.51218023918355,182.4495086669922
2025-07-17,181.62187886390834,183.53641535247564,179.96659729454643,183.0577850341797
2025-07-18,184.87259850820493,185.88970124039062,183.1874187229756,184.5335693359375
2025-07-21,185.720180506412,189.74868135121883,185.62045888710102,189.55923461914062
2025-07-22,190.9552485801447,191.10481579575136,186.9267476808465,190.7957000732422
2025-07-23,190.95524958744798,191.9823183810532,188.64184187130752,189.68885803222656
2025-07-24,196.46952792005337,197.3869090653604,190.45668205461735,191.62335205078125
2025-07-25,191.43389443706346,193.77721577448722,190.71594131306063,192.63047790527344
2025-07-28,193.0991291078416,193.49800038051387,190.29712498462092,192.0321807861328
2025-07-29,191.88259792418754,195.36267559548023,191.53360267868564,195.1931610107422
2025-07-30,195.04360005779435,197.0379108346005,194.13618500265545,195.970947265625
2025-07-31,195.15328548422434,195.43248777249184,190.54641729704366,191.35411071777344
2025-08-01,188.49227361862017,190.2871562824159,187.28572417197353,188.5919952392578
2025-08-04,189.7486955367273,194.7145404143055,189.57918094353215,194.4851837158203
2025-08-05,194.1561209300893,197.2971541323202,193.33844625639603,194.11622619628906
2025-08-06,193.94670749735778,196.07065317332066,193.11906676548202,195.5321807861328
2025-08-07,196.49944049707085,196.97807082829456,193.77721051804474,195.9609832763672
2025-08-08,196.65896623314958,202.03363260270996,196.60910542589713,200.84701538085938
2025-08-11,200.36839577051538,200.90685295750995,198.50372015999918,200.42822265625
2025-08-12,200.7971688962253,203.9182700251912,200.01938893683175,202.76156616210938
2025-08-13,203.5493232968563,203.94817934449617,196.94814463612107,201.385498046875
2025-08-14,200.92679533252792,203.85843438375156,200.65755913802832,202.36270141601562
2025-08-15,203.270115954676,205.85274455493158,200.70741950553764,203.31996154785156
2025-08-18,203.61911775674488,204.68608127587706,201.91399064284568,202.92111206054688
2025-08-19,202.45245084896237,202.86128819689205,199.39119181596234,200.99661254882812
2025-08-20,200.15898342104597,200.70742189093835,196.04074228977996,198.7530059814453
2025-08-21,199.18177795410156,201.9040077554449,198.86268094385764,199.18177795410156
2025-08-22,202.15329588435108,207.9467659198768,200.7273710651735,205.5037384033203
2025-08-25,205.84278916147125,209.9211664546662,204.69606649727584,207.89694213867188
2025-08-26,206.91969332896332,207.258737698756,205.11484464858782,206.55075073242188
2025-08-27,205.11485047791405,208.31572581537765,205.0649896678173,206.88978576660156
2025-08-28,206.66043741838072,211.61630051242363,206.31142697470574,211.03794860839844
2025-08-29,209.91118489504095,214.03940778242327,209.60206914501953,212.3043670654297
2025-09-02,207.84705371453168,211.07782715720617,205.61342035910417,210.748779296875
2025-09-03,225.5665071716633,230.6519900738744,224.1505332557257,230.00384521484375
2025-09-04,228.996719869086,231.70898363627637,225.46679662750995,231.63919067382812
2025-09-05,231.53947436612376,235.08934505645462,231.24032471140728,234.33151245117188
2025-09-08,235.01017746372742,237.66498669397225,233.21368944217105,233.5829620361328
2025-09-09,233.71268917705035,240.00038899582756,232.77452245999913,239.1620330810547
2025-09-10,238.4334648921733,241.1880848518513,237.38552753776509,238.70294189453125
2025-09-11,239.41155563146188,241.77692250779666,235.78863959738683,239.9005889892578
2025-09-12,239.90060472674395,241.60727216892423,237.53523769524105,240.32977294921875
2025-09-15,244.18224230445617,251.91710844331666,244.18224230445617,251.11866760253906
2025-09-16,251.58774200911427,252.54585880051692,248.98283818718852,250.66954040527344
2025-09-17,250.72942686827483,251.10868968975305,245.7990711050268,249.042724609375
2025-09-18,251.18851917528045,253.49402106561863,249.31220074129322,251.537841796875
2025-09-19,252.75544937708653,255.50007913340238,251.3182589953225,254.2225799560547
2025-09-22,253.93314887572123,255.28051872493555,249.81122418035432,252.036865234375
2025-09-23,252.54585863312587,253.8632882566711,249.9908602190898,251.16856384277344
2025-09-24,251.16857220037895,251.85722723296598,245.95876438662486,246.6573944091797
2025-09-25,243.92272782855147,246.0086580355356,240.26988667693965,245.3100128173828
2025-09-26,246.58752699597628,248.93292875938775,245.4896689933639,246.0585479736328
2025-09-29,247.3659922504587,250.65953566268354,242.295910900337,243.5734100341797
2025-09-30,242.33584768941728,242.8149061000678,238.78280195485732,242.6252899169922
2025-10-01,240.2798631456683,245.81902814560354,238.1440427490887,244.4217529296875
2025-10-02,244.6712510924991,246.32801300536266,241.82682587144092,245.210205078125
2025-10-03,244.0125741538274,245.8190372139174,241.18809864914257,244.8708953857422
2025-10-06,244.30198799944458,250.82922509816828,244.10238160883648,249.94094848632812
2025-10-07,247.78518329877946,249.95094390133718,245.04055349112926,245.2800750732422
2025-10-08,244.4816510919942,245.52958847857047,243.3438778825467,244.14230346679688
2025-10-09,243.99259549865826,244.28202248032238,238.68297718710045,241.05833435058594
2025-10-10,240.9585114020794,243.61332042411627,235.37943159764913,236.10801696777344
2025-10-13,239.74092459803205,244.02254038501275,239.2419009980627,243.6732177734375
2025-10-14,240.75892736637323,246.63742490132327,240.04033214741565,244.97068786621094
2025-10-15,246.76716258187247,251.61767243328853,245.5096286311317,250.53977966308594
2025-10-16,251.27835582828322,256.4582081692579,249.61161877856424,250.96896362304688
2025-10-17,250.27031046967195,253.72356048353365,247.32607427452788,252.80535888671875
2025-10-20,254.19265795496185,256.82748687148535,253.73354951664797,256.04901123046875
2025-10-21,254.2425576881656,254.3822836916651,243.67322591369708,249.97091674804688
2025-10-22,253.87326076642051,255.85936494298178,248.8031791754094,251.19850158691406
2025-10-23,252.48597410141812,254.54194887812838,251.35819113136333,252.58578491210938
2025-10-24,256.07894057309267,261.16898745224296,254.82142179583195,259.4124450683594
2025-10-27,264.30287916974333,269.61249783187736,263.76392512831256,268.7441711425781
2025-10-28,269.1633281612099,270.2013056862688,265.9795554362353,266.9476623535156
2025-10-29,267.22712459889897,274.80229881772505,267.14729422835535,274.0338134765625
2025-10-30,291.02057063774566,291.02057063774566,279.5130879862653,280.9303283691406
2025-10-31,282.6569440736325,285.44150434001006,276.48901957648127,280.6408996582031
2025-11-03,281.6289230119746,284.972386884343,279.2535660437013,283.1659240722656
2025-11-04,276.20955057551157,280.7207127582489,275.72051721535576,276.9980163574219
2025-11-05,278.32544209852534,285.8607173914154,276.79843096748175,283.75482177734375
2025-11-06,284.772762601716,287.78688430464956,280.59097331869594,284.19390869140625
2025-11-07,282.6569436244069,283.225837847663,274.65261591386644,278.2854919433594
2025-11-10,283.8645774088431,290.2320924976737,282.30759586857965,289.5334777832031
2025-11-11,287.18807388729897,291.34994399814246,286.75892091303916,290.7411193847656
2025-11-12,291.11038092678234,291.43975353768866,283.1359940674285,286.15008544921875
2025-11-13,281.7886586854728,282.2876823136169,276.69861158680555,278.0260314941406
2025-11-14,270.8799731285475,278.01600396166356,270.1713681999226,275.8702087402344
2025-11-17,285.2219350622342,293.3759943011471,283.01625922074476,284.4634094238281
2025-11-18,287.3577289930973,288.23598483976616,277.65671014644306,283.7248229980469
2025-11-19,286.5992292728396,303.21670857801746,286.07026549054086,292.2381896972656
2025-11-20,303.94529376978943,305.8216273232207,288.1062900504894,288.884765625
2025-11-21,295.84113571634185,303.32648898994427,293.2761473513388,299.0747985839844
2025-11-24,310.52242205466104,318.85612204740676,308.9954110970811,317.9578552246094
2025-11-25,325.5729598317621,328.187838552192,317.0296784660599,322.8083801269531
2025-11-26,320.053780820363,323.86632857763385,316.1713929045335,319.3252258300781
2025-11-28,322.73852157316225,326.2117368304371,316.1713843298485,319.55474853515625
2025-12-01,317.0796263275952,319.2254218425781,313.27706870792247,314.2751159667969
2025-12-02,316.1214443613123,317.75825630619534,313.29698432996054,315.1932678222656
2025-12-03,315.2731421058358,320.9520026070636,313.4866291038915,319.0058288574219
2025-12-04,321.6007694211511,321.73048997615604,314.0854750084747,316.999755859375
2025-12-05,318.8661162174194,322.5289631420099,318.5467642354111,320.64263916015625
2025-12-08,319.63392187795114,320.02342950621124,310.8154143139121,313.3121643066406
2025-12-09,311.96391713296777,317.57660631064704,311.4945269093235,316.66778564453125
2025-12-10,315.4194206321133,320.8923078304596,314.27092168020465,319.7937316894531
2025-12-11,319.66391441105065,320.70257104825845,308.19885677560706,312.02386474609375
2025-12-12,313.29221022339095,314.46067218572114,305.1627773855729,308.887939453125
2025-12-15,310.91531224146183,311.0151883437652,304.4836813703359,307.8193359375
2025-12-16,304.55358908476643,310.3660001485481,302.1966411442108,306.1714782714844
2025-12-17,307.60959033164653,307.6894729197007,295.7350329501308,296.3342590332031
2025-12-18,301.32777470817274,303.56485302569047,298.8410213827925,302.0668029785156
2025-12-19,301.33777770154796,306.85059101726483,300.5787559089981,306.7607116699219
2025-12-22,309.4771954426739,309.7268704705607,304.90313186415943,309.3773193359375
2025-12-23,309.2274800840275,314.5305745464577,308.91788552805923,313.94134521484375
2025-12-24,314.360779810128,314.67037436380235,311.5145092668577,313.6816711425781
2025-12-26,314.0712183432231,314.6804107746781,311.8740659325972,313.10247802734375
2025-12-29,310.9652491009125,313.6117983030154,310.2162240166622,313.15240478515625
2025-12-30,312.09376543928346,316.5379928503015,312.0538089034933,313.4420166015625
2025-12-31,312.4433102220648,314.17104176667254,311.03513952358344,312.5931091308594
2026-01-02,316.4880203907529,322.0807464242433,309.9265541489014,314.74029541015625
2026-01-05,317.2470486555906,318.60526603903236,314.2209888461081,316.1285095214844
2026-01-06,315.9886856047422,320.5227923064431,311.3746963103618,313.9313659667969
2026-01-07,313.9513421990662,325.72602466406613,313.78158025326775,321.56146240234375
2026-01-08,328.54234711069296,329.8905982345552,321.08205673508803,325.0169372558594
2026-01-09,326.6647962522232,330.3999246926398,325.37646465172014,328.14288330078125
2026-01-12,325.37646891287716,333.6057781716088,324.5775210522192,331.4285888671875
2026-01-13,334.5145706345901,340.04734658205444,333.18628259299794,335.5332336425781
2026-01-14,334.62442706687915,336.08252056576845,330.05039437456895,335.4034118652344
2026-01-15,337.2110766328429,337.25103316994193,330.3100554080323,332.347412109375
2026-01-16,333.97528525413946,334.2149635116852,327.27401649506595,329.5710144042969
2026-01-20,320.4528849486331,327.30398324237245,320.01345448184367,321.5814208984375
2026-01-21,320.50283121296127,332.0478012719212,318.9348648307384,327.953125
2026-01-22,334.0152109953496,334.7142826747097,328.3226090802118,330.11029052734375
2026-01-23,332.05776231305794,333.2562145369407,327.0243361197249,327.5036926269531
2026-01-26,327.3838548641184,335.4034148973675,326.5749102768944,332.8267822265625
2026-01-27,334.93402312381306,337.4707297257924,333.04649592160257,334.1150817871094
2026-01-28,335.6231039588608,337.10119086219134,331.5084650266126,335.57318115234375
2026-01-29,339.857625711299,341.8450595994438,326.11553330804276,337.810302734375
2026-01-30,339.5580079569619,339.5580079569619,331.8580393103398,337.56060791015625
2026-02-02,335.7829045969607,344.38169669555197,335.193675272949,343.2431945800781
2026-02-03,346.8884575284791,348.5463032010534,337.0312933144156,339.26837158203125
2026-02-04,342.51417399710857,342.8637251238478,328.0929422734009,332.6070861816406
2026-02-05,311.81413592946416,332.2575275064077,306.06161379445837,330.81939697265625
2026-02-06,326.75466854448496,329.95052083207565,319.50412705068965,322.4402770996094
2026-02-09,320.5127991892576,327.2740180221729,316.84758707958963,323.8984069824219
2026-02-10,320.5527401483992,321.25184233940706,314.2009923012897,318.16583251953125
2026-02-11,318.5553213774315,320.6426005966259,309.25742736560915,310.55572509765625
2026-02-12,311.684307255737,315.82890653132813,306.80067966689137,308.59832763671875
2026-02-13,307.32996759040856,308.2287915112591,303.31517401115394,305.32257080078125
2026-02-17,299.6499434457439,304.0442171582303,295.86486207725466,301.6273498535156
2026-02-18,301.6972906518214,304.983022308801,300.8583862777236,302.9356689453125
2026-02-19,301.42763905495286,305.0728879320441,299.64995428739604,302.456298828125
2026-02-20,303.9244103176242,316.0885697634931,303.5049428811186,314.570556640625
2026-02-23,318.6352220336332,319.1046122516075,309.4671633706354,311.0850524902344
2026-02-24,310.11633870149166,311.8640638461802,305.53230897934316,310.495849609375
2026-02-25,311.65435118745364,313.23231441520727,309.03776179839537,312.4932556152344
2026-02-26,312.2335794136705,312.73292940852764,301.95694798569707,306.98040771484375
2026-02-27,303.7446468483449,311.9639287272481,303.4050620118916,311.354736328125
2026-03-02,302.83581985466094,308.0889612664211,300.908305641281,306.12152099609375
2026-03-03,298.2018299939976,303.5448811012492,296.3242691134317,303.1853332519531
2026-03-04,302.49628364637806,305.07291645770977,300.3590508331652,302.7359619140625
2026-03-05,302.6460874794852,302.90572878105803,297.60263367704704,300.4888916015625
2026-03-06,295.7050936872067,300.1393243405422,294.7962729857715,298.1319274902344
2026-03-09,294.1842573074437,306.6168332730834,293.9044256827884,306.1770935058594
2026-03-10,305.98724420005084,309.3252467158022,305.3875962722132,306.8567199707031
2026-03-11,306.56689883882945,311.23412470378855,305.7374076911934,308.5157470703125
2026-03-12,306.636841807898,308.7555713296518,300.8502897843219,303.3687744140625
2026-03-13,306.8267356773544,307.50632242162294,300.26065041451466,302.09954833984375
2026-03-16,304.16832484157635,306.3070315122431,302.8391017033621,305.3775939941406
2026-03-17,305.67739809365116,311.2341070358109,305.3176276402165,310.7344055175781
2026-03-18,309.0853604878573,312.28346234614037,306.74676108497374,307.5063171386719
2026-03-19,303.8285227221892,307.8760927647981,302.16951004441273,306.9466552734375
2026-03-20,305.2776414809433,305.8173276578073,298.0919312440676,300.8203125
2026-03-23,301.92965766257777,305.7973733016039,300.75036931754545,301.87969970703125
2026-03-24,299.02141279307426,299.7409842283802,290.15668188195673,290.2666320800781
2026-03-25,293.2648285118823,295.82329783701033,289.0673235725591,290.7563171386719
2026-03-26,287.7381369232671,287.7781215852462,278.33375052565475,280.7523193359375
2026-03-27,277.1144865271076,279.203235317384,273.7864876697142,274.1762390136719
2026-03-30,276.2550012483934,276.9245842043685,271.9475460941929,273.33673095703125
2026-03-31,277.87403020607053,287.9080147834651,276.9245851168754,287.3883361816406
2026-04-01,290.6663854824321,300.34059988895723,290.23664948178913,297.2124938964844
2026-04-02,290.5164904801884,297.90206355243157,289.2772403921399,295.59344482421875
2026-04-06,295.69337737406744,300.4405418912755,295.0037868253031,299.8109130859375
2026-04-07,302.54929810267237,305.4475608650088,297.5422790326475,305.27764892578125
2026-04-08,320.25872115869026,321.88772251879675,314.8319393907938,317.1305847167969
2026-04-09,315.72141928886384,319.3492572184689,310.8743084256086,318.29986572265625
2026-04-10,319.8289680511782,321.6378852163977,316.1311948927162,317.0506286621094
2026-04-13,316.9507009019676,321.43801087893695,315.28168437302884,321.1181945800781
2026-04-14,324.59612530340485,333.09105123243734,323.5567375910905,332.7112731933594
2026-04-15,332.69130668872015,337.278563176308,330.70247381548376,336.91876220703125
2026-04-16,338.5477782390461,339.67710854893676,334.3202924195682,335.81939697265625
2026-04-17,337.4484504303517,342.1156763245155,336.0392884001999,341.4760437011719
2026-04-20,340.55660000710446,341.1962021124509,336.40905286572576,337.2185974121094
2026-04-21,337.48841459650436,339.13742351057505,331.1522029907326,332.0916442871094
2026-04-22,336.818816762841,339.6171637007564,334.96994545488326,339.1174621582031
2026-04-23,340.9763246437424,341.7558578013153,335.97930940305434,338.6877136230469
2026-04-24,338.5277988797623,345.06387272769797,335.1897964239415,344.19439697265625
2026-04-27,345.77347673538645,352.9691603649003,342.5254168368208,350.130859375
2026-04-28,348.34192077884484,352.20963620070955,345.91337868788094,349.5711975097656
2026-04-29,347.36252924438134,355.5776236260777,344.0045190996302,349.7311096191406
2026-04-30,373.8467067603946,385.6096696957082,365.60163158627074,384.5702819824219
2026-05-01,381.4022037517389,386.52914645154755,378.82372671588394,385.45977783203125
2026-05-04,385.39979379858875,387.14874909409923,379.56328378663693,383.0212097167969
2026-05-05,385.99945170269467,392.58551415458055,383.79074899852696,388.1981201171875
2026-05-06,394.0146525811788,399.61131576273664,392.52555179602564,397.8023986816406
2026-05-07,399.6812819584635,399.8611671879692,392.4455831227277,397.7524108886719
2026-05-08,396.7630105926761,401.76002583943523,396.1233780013978,400.56072998046875
2026-05-11,393.41500861238904,397.2027547509894,388.23810807955056,388.40802001953125
2026-05-12,387.10877062384725,388.28805889354703,382.541491402114,387.1187744140625
2026-05-13,385.3698394939953,403.4590416115898,384.77019153718186,402.3796691894531
2026-05-14,397.04285074569174,402.6894719958145,395.6037078837972,400.8305969238281
2026-05-15,396.0834349796574,399.30151410906007,392.9452946767326,396.54315185546875
2026-05-18,395.4538101055549,408.36608091552193,394.29449886421145,396.70306396484375
2026-05-19,396.72302500471704,396.91291402359946,385.8794958446922,387.4285888671875
2026-05-20,387.4685872554011,393.62488340369265,382.6714341601505,388.6778564453125
2026-05-21,385.46976743485186,392.2656959548347,382.7913440893277,387.4285888671875
2026-05-22,387.1187843592316,388.5079387636157,381.54209816202837,382.74139404296875
2026-05-26,384.2804712769477,389.0276356997364,382.3716078175452,388.6478576660156
2026-05-27,386.4391861502527,393.64487351491664,385.66962629134815,388.5978698730469
2026-05-28,387.76839182151133,391.6360768291116,384.9300907577927,389.8971252441406
2026-05-29,385.0100143138995,385.0100143138995,378.2340629764561,380.1129455566406
2026-06-01,376.2952290661171,378.3340198477676,373.2970198869562,376.14532470703125
2026-06-02,366.371163421305,373.31702687507857,358.2260345973877,361.6340026855469
2026-06-03,361.81388965190393,366.2312646097652,357.8662353535933,358.77569580078125
2026-06-04,358.68575901079333,373.0271992966173,357.99616844622375,371.96783447265625
2026-06-05,366.1213024821565,371.8578661166277,363.90262653478294,368.30999755859375
2026-06-08,365.17999267578125,366.20001220703125,360.5299987792969,363.30999755859375
2026-06-09,367.0899963378906,372.0799865722656,357.29998779296875,364.260009765625
2026-06-10,363.19000244140625,368.55999755859375,355.20001220703125,356.3800048828125
2026-06-11,355.92999267578125,358.79998779296875,346.3599853515625,357.7699890136719
2026-06-12,362.6199951171875,366.57000732421875,354.94000244140625,359.67999267578125
2026-06-15,367.92999267578125,372.989990234375,366.54998779296875,369.3500061035156
2026-06-16,369.6000061035156,376.0,367.05999755859375,373.25
2026-06-17,369.1300048828125,372.3299865722656,362.0199890136719,363.7900085449219
2026-06-18,365.75,369.4800109863281,358.6700134277344,368.0299987792969
2026-06-22,357.95001220703125,358.9200134277344,341.7200012207031,349.67999267578125
2026-06-23,340.69000244140625,349.2900085449219,340.20001220703125,346.1300048828125
2026-06-24,349.0400085449219,353.4800109863281,341.92999267578125,345.2900085449219
2026-06-25,336.7300109863281,345.57000732421875,335.8399963378906,343.7099914550781
2026-06-26,342.54998779296875,346.3599853515625,330.20001220703125,337.3900146484375
2026-06-29,341.8299865722656,354.3500061035156,340.6700134277344,353.6499938964844
2026-06-30,353.8699951171875,358.6199951171875,350.3999938964844,357.3699951171875
2026-07-01,358.3699951171875,362.9700012207031,356.42999267578125,361.2099914550781
2026-07-02,359.4800109863281,364.2049865722656,353.4200134277344,356.4700012207031
