date,open,high,low,close
2021-07-02,694.8295686879264,696.8181381606023,691.0863790923012,692.67724609375
2021-07-05,697.1456124467544,703.9535610583405,694.6190052787583,699.7190551757812
2021-07-06,700.4442889036197,720.5639311366563,699.9763902470376,718.0840454101562
2021-07-07,717.7566959868007,723.0673354757794,714.8089109597926,720.3301391601562
2021-07-08,713.5455269010719,719.4878176227463,708.1412739982538,711.4165649414062
2021-07-09,707.7203517615021,709.3345797725428,700.6784519850811,702.7839965820312
2021-07-12,702.7839848018767,702.7839848018767,694.3618065552497,695.7655029296875
2021-07-13,700.0232664310304,704.7022536501623,694.408481768072,702.7136840820312
2021-07-14,700.6783341056623,705.2871250803108,697.683770870483,701.4503784179688
2021-07-15,704.187582188956,714.3643794730821,701.6843354297325,711.5335693359375
2021-07-16,714.9258856885684,715.8616832062033,710.6446577386265,712.3056640625
2021-07-19,695.765432641751,696.6310338952321,685.93955901332,688.279052734375
2021-07-20,674.7098909390189,680.3246750522425,671.9726951071301,675.2479858398438
2021-07-22,681.3073105627461,687.1092660782373,676.113646226117,677.8448486328125
2021-07-23,679.1549656917061,681.9389401209187,671.5750295688387,675.0608520507812
2021-07-26,669.0951591045279,675.645741081775,668.2061401271644,671.22412109375
2021-07-27,671.9493238181005,678.4063488416765,671.9493238181005,673.6571655273438
2021-07-28,671.4580955262957,673.1658801980516,656.9298171089981,663.1528930664062
2021-07-29,668.2763382138219,669.0717431809376,661.281275286732,663.5973510742188
2021-07-30,663.9483202569891,669.9140292656406,658.7780162695392,667.4341430664062
2021-08-02,671.4346657200673,671.4346657200673,662.6615646871396,665.6561279296875
2021-08-03,659.7371752995092,673.7273580288141,659.7371752995092,671.2942504882812
2021-08-04,674.2420380634766,689.9166447776518,673.7741393555907,685.6119995117188
2021-08-05,686.4541971765548,705.1467852148428,681.915602462393,694.7593994140625
2021-08-06,694.151190555678,701.848101893155,689.6827347936737,698.4090576171875
2021-08-09,698.1049062784269,705.2871403721247,690.6185265864331,703.6729125976562
2021-08-10,696.7011680096034,711.089053111212,696.7011680096034,705.427490234375
2021-08-11,708.8197821888172,710.6679592857763,697.660409142684,699.4851684570312
2021-08-12,700.4443471096191,705.4040618582296,696.8415500011622,702.5031127929688
2021-08-13,702.4095267761425,716.3529313032537,702.3159698799373,714.1069946289062
2021-08-16,714.0837058786648,718.2245984922649,711.884547430942,716.1658325195312
2021-08-17,709.8959273107525,713.0776615079304,704.3279781405072,708.7028198242188
2021-08-18,728.3778752099084,732.4252103424661,705.7549847439424,707.9307250976562
2021-08-20,695.3209025897706,711.112484091962,695.3209025897706,708.7495727539062
2021-08-23,715.8149280363475,717.3590168372876,705.8954968733947,713.3584594726562
2021-08-24,715.8849845251787,732.0274890781974,714.691820037688,729.3838500976562
2021-08-25,726.225497560273,732.1678448023556,724.3071244807564,728.7053833007812
2021-08-26,725.2430767810307,735.0689507245156,722.1783170615628,727.489013671875
2021-08-27,726.1788245585184,729.2903625174678,723.0205081501615,724.5177612304688
2021-08-30,727.8632353130765,734.6009882849862,725.9916404384651,733.7821655273438
2021-08-31,731.5595996095356,740.8473771547274,730.9513084677536,739.9349975585938
2021-09-01,736.9405741904347,747.7022460675014,736.7066248018028,738.8589477539062
2021-09-02,736.5193258393732,744.8947239198199,735.185825979282,743.4910278320312
2021-09-03,742.1342331690153,747.7022399965548,733.8056692712737,737.431884765625
2021-09-06,739.2564843015584,739.7243829737621,730.8343082018926,732.5889282226562
2021-09-07,731.0918054706792,740.2158312029533,727.6761217089012,734.2501220703125
2021-09-08,735.5133365404894,739.5138932608036,732.5421912271912,737.5955200195312
2021-09-09,736.4725873700415,739.0226125546611,730.3899039927794,733.9459228515625
2021-09-13,730.8578287988149,741.1516010354179,726.950885759595,727.8399047851562
2021-09-14,729.9220541014536,732.0275984882848,723.6521993929138,724.5646362304688
2021-09-15,718.2245000665279,727.4889171159565,718.2245000665279,723.7457275390625
2021-09-16,719.5112913673174,731.9340258288291,718.8328610372279,729.8986206054688
2021-09-17,734.133070294954,743.4910444223593,729.5476401259087,740.2859497070312
2021-09-20,731.7936589486027,740.0754441348419,728.9862663950914,729.8518676757812
2021-09-21,730.857800489461,733.9693384001288,715.3937249500291,726.1553955078125
2021-09-22,724.7752071581899,725.3133021762269,715.885130375746,717.6163330078125
2021-09-23,721.4998486172622,735.5368106526174,721.4998486172622,734.6010131835938
2021-09-24,738.812081199107,752.3577263390091,736.940486313232,749.3632202148438
2021-09-27,755.9838820536164,765.2482988576648,752.3810850278968,760.3821411132812
2021-09-28,763.6107312729913,763.6107312729913,740.215794653108,755.6798706054688
2021-09-29,747.2342683926307,751.7260847567792,741.6896798907969,745.7603759765625
2021-09-30,742.0872931149418,751.6090196581471,740.7303755440723,746.2749633789062
2021-10-01,740.6836663870009,743.4910586790553,732.3784641896735,740.5432739257812
2021-10-04,743.4910076345233,749.2695449489665,740.9643433218346,741.9703369140625
2021-10-05,744.8947444690965,747.4681873677021,737.5253398049078,746.5089721679688
2021-10-06,746.7665032838946,761.2011701978696,742.5554139796621,755.6098022460938
2021-10-07,761.084061436561,761.5987386153337,751.9132577682348,753.5509033203125
2021-10-08,754.2527101071383,758.9316971425425,748.7081218934927,749.8778686523438
2021-10-11,748.5911042955163,769.693323191939,748.1699840631675,764.452880859375
2021-10-12,760.3354092752614,768.079155828651,760.3354092752614,762.4877319335938
2021-10-13,765.9502737348906,771.0971601191812,762.6749823994329,767.0732421875
2021-10-14,766.4181393559124,790.7488739386398,766.4181393559124,789.5323486328125
2021-10-18,797.7672503332213,807.1252239441683,780.0105182530649,781.5311889648438
2021-10-19,783.9409057808846,791.8951842055869,781.8587792751537,790.1405639648438
2021-10-20,790.3277778106263,794.8430122320457,778.7940620449946,783.1923217773438
2021-10-21,782.2330180003586,786.9821437994193,777.1094933027936,784.3385620117188
2021-10-22,786.1166307748242,799.1710165314034,781.7417891509615,786.4207763671875
2021-10-25,790.748886264946,790.748886264946,755.0950244172517,775.3082275390625
2021-10-26,772.0329805142471,783.1923549001885,770.3251385582845,773.3197021484375
2021-10-27,773.3196320532794,779.0748093238908,766.090619464881,768.6640625
2021-10-28,772.0328702050767,772.0328702050767,742.6254477542099,745.6433715820312
2021-10-29,743.9589515672715,749.5737361074018,729.9219902169456,740.6134643554688
2021-11-01,741.6194917607675,753.7848588180418,740.9410614445757,751.1178588867188
2021-11-02,751.4454016168362,758.931781707664,748.6614268671785,751.7963256835938
2021-11-03,751.0242516160887,753.2701884011461,737.197878202498,739.9584350585938
2021-11-04,746.2985064756734,747.6320064902674,744.0057911766709,745.8071899414062
2021-11-08,744.9414970446072,750.8370091478968,734.8114789267887,748.7548828125
2021-11-09,746.1112723146045,746.1112723146045,734.1564945316613,735.6537475585938
2021-11-10,733.6652329307989,734.1331316762905,725.2430555119505,727.6995239257812
2021-11-11,725.2663935153197,727.5356907580181,718.5052231167788,724.4475708007812
2021-11-12,725.2430323240301,729.4775386819591,722.9269564545162,726.646728515625
2021-11-15,730.904612413564,735.4666251415645,727.3018149519153,728.6353149414062
2021-11-16,727.582480851994,728.6118351487053,721.3126268284178,724.3071899414062
2021-11-17,719.113631524848,722.435701370795,715.183270430868,716.2594604492188
2021-11-18,714.0369490025669,722.2017597861827,713.6626071356496,720.2833862304688
2021-11-22,723.3714420794946,726.5063407477103,701.4036193856,709.0303344726562
2021-11-23,702.7839115916332,714.8557220008774,700.1402722718575,709.1239624023438
2021-11-24,713.0776145384648,718.8561520256227,708.4220453479039,710.2936401367188
2021-11-25,708.7730260715878,717.4291526623336,705.1233930948175,713.9900512695312
2021-11-26,701.8481415514178,704.9830404037283,694.8296601359037,697.1223754882812
2021-11-29,699.4150593721698,705.4275467576333,684.0679578541319,702.4329833984375
2021-11-30,699.5086305355009,715.4171880192514,695.554908948658,698.8302001953125
2021-12-01,699.5085091034117,705.1467109030004,696.7478955371545,704.0237426757812
2021-12-02,703.9535762181189,715.3235371851069,701.8480321217536,713.8964233398438
2021-12-03,713.9199310376165,718.6690576265519,705.1468295311404,708.1881713867188
2021-12-06,707.9307438918171,710.6445792398034,700.6081177018816,703.6260986328125
2021-12-07,708.3752369718545,716.8208316271332,706.4802814453766,713.873046875
2021-12-08,718.6924370302457,727.6059305314374,717.7566395861959,727.0210571289062
2021-12-09,722.9970627041388,727.4421004421224,712.1418354958904,714.4111328125
2021-12-10,713.4987815442046,714.9492561772763,705.8018132009037,712.3992309570312
2021-12-13,714.0134703454731,719.464502037147,705.2169512717943,707.065185546875
2021-12-14,703.0178025474343,709.3344350495244,700.4677774580217,702.994384765625
2021-12-15,703.2517185058593,712.7734452539385,699.8126746191084,701.8480224609375
2021-12-16,707.8371842532578,709.8023359689812,699.0406657466433,701.8948364257812
2021-12-17,700.4444335425557,704.6555223213686,686.7349772271347,689.23828125
2021-12-20,679.3888720066274,682.1962640397126,661.6555009076649,667.0597534179688
2021-12-21,673.5402650834045,678.8041261339001,669.0952268629861,674.616455078125
2021-12-22,679.5294023303934,681.2606049221063,671.7622371030151,676.207275390625
2021-12-23,679.9737894341596,682.1027513772324,672.3002392895576,675.6925048828125
2021-12-24,676.3475804899253,679.3889220832733,668.1593531232193,673.2594604492188
2021-12-27,668.580460708177,680.3247065996217,665.4221444980343,678.8274536132812
2021-12-28,683.4596341615539,686.3606404814903,680.0440077919508,683.5064697265625
2021-12-29,681.2839891435909,683.6000650800983,677.2366535841128,680.2545776367188
2021-12-30,682.4303491144119,686.3372923809242,676.1137157835619,683.8340454101562
2021-12-31,683.8340127004611,694.7360762558859,683.8340127004611,692.2094116210938
2022-01-03,694.8295953810808,712.6097466433577,692.7240511526534,711.0422973632812
2022-01-04,711.2060471421149,717.2419519918268,705.4977056629859,715.2066040039062
2022-01-05,719.066759647386,735.5367713761124,714.9960066045779,732.1912841796875
2022-01-06,721.96769225549,727.4655019664439,715.9084269525865,720.447021484375
2022-01-07,722.4356068198455,733.0803024514203,718.6456386996041,725.5003662109375
2022-01-10,728.9861970473102,735.536779049019,723.137463117213,729.5242919921875
2022-01-11,730.6472083128816,733.9926381894911,724.2136014478044,732.6825561523438
2022-01-12,733.6651922663265,737.7125276138084,726.1788127534048,728.3545532226562
2022-01-13,727.5824837410013,727.5824837410013,711.393200027693,714.94921875
2022-01-14,715.8850170593487,724.634699976791,710.7381313157847,722.9736938476562
2022-01-17,715.8850984200419,728.0504661056112,710.8084083284119,711.907958984375
2022-01-18,717.2887388550224,725.664137379117,712.6097516478794,715.5341186523438
2022-01-19,717.7566833789662,720.4471011947609,708.0945627563246,710.4808349609375
2022-01-20,715.1598118180823,715.183229601881,701.8948938601593,706.0592041015625
2022-01-21,701.8481105455162,715.791515854972,695.1103572609701,711.9547119140625
2022-01-24,706.5036291281489,711.790907358927,686.6647696631117,695.6016235351562
2022-01-25,682.5004800615633,699.5085871279545,675.6457523831212,696.2567138671875
2022-01-27,678.4531469966787,694.8296022690124,671.4346661656787,690.127197265625
2022-01-28,691.3203890833227,695.6250346492707,683.1321611246369,684.65283203125
2022-01-31,689.0978994263672,697.8944189691098,686.3139246484154,695.1571655273438
2022-02-01,705.8251093454813,709.8022478469309,689.4252389134788,700.4442749023438
2022-02-02,707.439422122886,718.2245100884196,704.468276778076,716.4464721679688
2022-02-03,715.3001889256323,720.5406318948554,706.0591889378767,709.0303344726562
2022-02-04,715.1364024737923,717.2185288944974,708.4454280490403,713.07763671875
2022-02-07,707.5096208566665,710.7381333465257,683.1321097339879,686.9454956054688
2022-02-08,690.8056910143061,691.7648491334083,675.9031280031979,683.9977416992188
2022-02-09,689.6827595813908,701.7077346460622,686.4074683215063,700.7251586914062
2022-02-10,708.398621088093,718.4584429859755,702.6200836537802,713.59228515625
2022-02-11,701.9651241551181,713.5456186212665,701.6142000803864,710.6680297851562
2022-02-14,697.1690690864813,701.5906889934671,687.4835887585406,689.5422973632812
2022-02-15,690.6185075252026,713.4987662506672,689.238229154205,710.1766967773438
2022-02-16,717.9203728269758,718.1075437339092,705.1233545574205,709.2174682617188
2022-02-17,707.9775856519622,712.1418959411561,702.7839209616402,704.8894653320312
2022-02-18,701.0527049227635,709.8023885133234,697.3796541208723,707.6266479492188
2022-02-21,703.7196436005554,716.2125160226459,699.7659224389105,712.1885986328125
2022-02-22,697.0755159478297,712.1886099012698,696.209857647376,706.8545532226562
2022-02-23,713.592352667638,713.873080486644,699.8127577039627,702.2692260742188
2022-02-24,678.4062852472927,690.1271125259541,658.4036173350398,664.1353759765625
2022-02-25,673.7507362909885,685.8927422957805,670.4286668157401,681.3073120117188
2022-02-28,667.2236014871822,673.0957535053741,661.6322344054892,667.340576171875
2022-03-02,648.7415244963162,654.3095302517596,633.7219881833586,643.009765625
2022-03-03,646.1681843541296,651.315070688594,637.6992282634567,641.4891967773438
2022-03-04,636.3422642528815,648.5076310694807,625.5338151583654,639.3836059570312
2022-03-07,616.9244686053191,623.4048545200336,606.8880638056838,619.8722534179688
2022-03-08,609.2976870802052,624.1768891432812,604.5251430083352,621.2759399414062
2022-03-09,622.3052236727108,643.2202711254723,617.0881421411699,641.5592651367188
2022-03-10,667.6915283883826,667.6915283883826,645.8172614282165,651.642578125
2022-03-11,649.4434424176493,659.2458980426811,642.284568944958,653.5609741210938
2022-03-14,662.0766532654897,678.4531075865442,662.0766532654897,674.96728515625
2022-03-15,675.4118058493968,678.219198184067,660.5560214117672,666.2877807617188
2022-03-16,677.0494904640341,680.7926804596888,671.9961611232817,677.5875854492188
2022-03-17,688.746881415176,697.0755010615136,688.0684511517023,692.5134887695312
2022-03-21,695.7653214050149,698.8768589798646,689.1211831460807,695.5313720703125
2022-03-22,693.0984136042903,700.912299571318,681.8220084853747,699.1109008789062
2022-03-23,705.123411414872,710.6446394736307,689.4955818487248,692.1392211914062
2022-03-24,685.93952279829,687.6473645478017,671.22413091639,675.0140991210938
2022-03-25,678.9210493269327,679.3889480514861,663.948290141225,669.5162963867188
2022-03-28,669.5163154473864,672.8383850629837,655.8068595810566,670.4053344726562
2022-03-29,674.2420203619799,683.2490702523118,669.0951347103618,679.2953491210938
2022-03-30,688.7469124751822,693.7768236906089,680.3481533388308,691.06298828125
2022-03-31,688.2789990989702,694.6891885485168,685.8927271127579,687.974853515625
2022-04-01,690.8056661643701,706.5270513810643,687.9514954595828,704.6554565429688
2022-04-04,739.2799561112737,805.7683508673401,731.1151465312183,775.214599609375
2022-04-05,779.8467649375319,779.8467649375319,749.573740943305,752.4981079101562
2022-04-06,742.882804158136,743.8654372020744,724.0031014858087,725.6407470703125
2022-04-07,721.172423917958,721.1957845873989,708.2583716915509,709.6854858398438
2022-04-08,707.5096552211411,713.8964842819717,700.5847883163185,708.7028198242188
2022-04-11,704.6554829326345,706.5270778408221,698.6897741627865,700.0466918945312
2022-04-12,694.3616640533457,705.0531378211556,692.5602654991568,698.8067016601562
2022-04-13,697.1690664926792,702.9242433781278,684.3720484068768,685.4481811523438
2022-04-18,663.8781019646151,669.8672285581865,650.4026528038955,652.9292602539062
2022-04-19,646.1213875528598,650.1687231151512,620.901633806875,628.013671875
2022-04-20,633.7454320872375,636.2955145164841,624.8085774843098,633.67529296875
2022-04-21,638.681677462046,645.6066005478093,633.2072859304143,643.0565185546875
2022-04-22,636.3422741404268,643.524508237747,631.2655843325418,634.2835083007812
2022-04-25,631.663309565486,641.3254301314081,618.6791193133066,639.03271484375
2022-04-26,641.9570509671229,646.6126204361926,635.0087663212903,641.98046875
2022-04-27,636.3422646708045,645.2323404272349,634.5174482238076,642.2144165039062
2022-04-28,641.9570386552584,645.2323296688057,637.3248299413617,641.6528930664062
2022-04-29,645.8639695553754,657.2807094431166,641.7464951987836,647.8525390625
2022-05-02,637.3014329492237,658.0760890720459,637.3014329492237,656.7893676757812
2022-05-04,655.0582480641592,656.7426721358721,631.6633106332964,634.470703125
2022-05-05,643.3607691923194,643.3607691923194,630.0256550672423,633.0435791015625
2022-05-06,622.3053126249852,624.6448062814701,614.3510341929365,616.5033569335938
2022-05-09,608.2683134837084,620.6676291047224,606.1627693216494,617.5560913085938
2022-05-10,615.3102195153957,633.0669526579659,615.3102195153957,627.4755859375
2022-05-11,633.0670056593522,634.0028031547836,621.6736825757839,631.0082397460938
2022-05-12,625.328158341983,628.0262253837076,612.0273436365588,616.784423828125
2022-05-13,620.0977504004504,623.8607721581939,609.1872638600877,611.2462768554688
2022-05-16,614.8672826957121,621.0206889120664,608.382562333807,617.754638671875
2022-05-17,621.3047820818717,623.3874853125446,614.4886886817793,621.9674682617188
2022-05-18,626.7245072423251,631.1028928608465,620.0740713797754,621.9201049804688
2022-05-19,608.8086141504247,613.6367067414336,605.0692821799639,609.2109985351562
2022-05-20,616.7607290100877,626.7954928932373,611.7196570057959,625.2571411132812
2022-05-23,621.9673984270154,629.5171317872963,614.9146363103386,617.2340087890625
2022-05-24,615.3407945588818,627.1742713773219,613.873454989525,624.310546875
2022-05-25,629.5408230008094,632.3571667282956,626.3220949288518,628.9728393554688
2022-05-26,635.2919163568214,648.9477342187919,634.2742260052379,646.912353515625
2022-05-27,649.3263854232065,660.1658009984677,648.8293564205711,658.9114990234375
2022-05-30,667.5263515483781,672.3780764931545,661.940928011891,663.4083251953125
2022-05-31,660.7338934097787,664.9466218858126,653.2077920753914,657.4441528320312
2022-06-01,653.2078050088518,662.887564224445,652.8054784242131,660.2368774414062
2022-06-02,656.6395165606611,656.9945208046117,652.5451227243029,655.621826171875
2022-06-03,661.8699556291225,663.0296130823147,651.4564974904033,653.349853515625
2022-06-06,651.4564275288357,656.521131240136,644.0486613195667,652.4740600585938
2022-06-07,644.6877488651877,650.5098419561832,640.9483590300321,644.9717407226562
2022-06-08,650.0364861317101,653.6811733997421,642.3210371494931,647.2437744140625
2022-06-09,644.8060759244232,654.178211573515,642.3920584937911,652.119140625
2022-06-10,643.7883713722422,647.5040710182226,635.9782777627149,639.5283203125
2022-06-13,626.5114406288128,629.5408215518057,619.2693891545304,627.9314575195312
2022-06-14,620.6658087125638,627.6475594683392,617.7074397482523,621.0208129882812
2022-06-15,616.1217338404382,622.819492387173,614.5833820581435,618.8670654296875
2022-06-16,620.0740634178733,625.0678127660508,604.9272160672077,606.4892578125
2022-06-17,603.5072629824699,614.867399697434,601.8978987250547,610.489013671875
2022-06-20,617.5653345357969,627.174138793338,612.5716430424657,625.8251342773438
2022-06-21,632.8069534891858,640.9010392530179,626.72455857973,632.6412963867188
2022-06-22,630.6058576498191,632.8305277490141,626.3221167580701,629.6591796875
2022-06-23,629.777599579211,638.0610328694298,624.0975310373467,631.9786376953125
2022-06-24,633.5879159905552,644.5220348931247,633.5879159905552,640.8063354492188
2022-06-27,648.4744145125288,651.3144484447005,639.9543127160139,641.9660034179688
2022-06-28,636.1676608819845,639.4810341157448,633.5169738511049,637.0670166015625
2022-06-29,630.1325387583134,639.3626491851958,630.1325387583134,636.1439208984375
2022-06-30,632.3809061022116,640.9010081305348,632.3809061022116,638.0609741210938
2022-07-01,636.1439692159108,643.7410837950139,629.564602892815,640.78271484375
2022-07-04,640.7589611464242,643.8356645501927,635.3392528781949,641.6820068359375
2022-07-05,645.6343570808499,652.9000987367396,638.202958341074,640.23828125
2022-07-06,638.0609693695875,650.0837914761512,637.6349527152158,649.0661010742188
2022-07-07,653.2078053283803,661.7279071370114,650.5807508251304,660.6865844726562
2022-07-08,667.4079643038475,667.4079643038475,660.1895448317669,661.3018798828125
2022-07-11,659.8345520397675,667.3606535366644,659.4795477972783,665.5856323242188
2022-07-12,665.1596606593656,665.1596606593656,657.6572487168633,658.7932739257812
2022-07-13,657.9411875229638,659.9291881427924,641.0193188510601,642.7233276367188
2022-07-14,644.6877388120965,649.7288108809627,638.6526663672696,639.5046997070312
2022-07-15,640.4276239716492,646.0603692493304,637.4929454810771,644.7113647460938
2022-07-18,638.0609408531288,646.6283647787831,635.2445970528642,637.8479614257812
2022-07-19,632.8542972859561,643.0547767232044,632.8542972859561,638.084716796875
2022-07-20,643.6937013470418,648.9950749004665,641.492663496681,646.1314086914062
2022-07-21,644.0014246445072,648.237785747247,642.8417093809554,644.0960693359375
2022-07-22,646.5810889636165,661.2545983032007,644.877080080309,659.1245727539062
2022-07-25,660.3078547606243,664.8518972587639,654.7698119942409,661.065185546875
2022-07-26,660.7812603349215,663.6212944051289,656.189895033676,659.7162475585938
2022-07-27,657.4205091247603,665.5145939819267,655.219471350983,664.7572631835938
2022-07-28,669.7984150425293,674.0347762331419,667.8813688658449,670.650390625
2022-07-29,680.6614431431668,680.9454349708267,669.916671568808,678.8627319335938
2022-08-01,681.1348405708483,685.6078711371147,676.898479511382,684.5192260742188
2022-08-02,682.5548362631915,683.7855061039321,673.5850853482716,676.9931030273438
2022-08-03,674.4844023747412,679.5964868191563,670.7213803397141,678.5787963867188
2022-08-04,681.6081431357295,684.7794912450086,668.8043003902649,677.7741088867188
2022-08-05,678.2947985756512,680.1644645453026,672.6857428860559,675.4784545898438
2022-08-08,675.9281321026083,693.2050066276399,675.502115421205,692.0453491210938
2022-08-10,691.7138832613585,696.5182853005304,685.8918486744243,694.0569458007812
2022-08-11,703.6185014831334,705.7485272192075,697.962122918484,703.2398071289062
2022-08-12,702.9084187458374,704.9437995689399,698.6246776607533,702.9794311523438
2022-08-16,707.5471540191029,714.0318751491698,704.3521157975206,711.0261840820312
2022-08-17,710.0084517055847,716.0435235450822,703.2633714143817,714.6945190429688
2022-08-18,710.0084658675503,716.5878892073837,709.8428087816419,715.5465087890625
2022-08-19,714.7418221764153,715.6885000865827,705.275043074741,706.71875
2022-08-22,702.8137823590608,704.494101169479,694.7196390958088,695.9739990234375
2022-08-23,687.9035146287083,698.6245955512792,686.5308201265982,693.8202514648438
2022-08-24,691.9742490093071,698.4116474192263,690.6961991270781,697.1572875976562
2022-08-25,700.4944420172992,703.7604928802608,689.654966674725,693.3706665039062
2022-08-26,696.778693332773,701.3937485514476,691.642918993121,693.4889526367188
2022-08-29,680.188193509513,684.4482448258565,676.2121340581302,681.32421875
2022-08-30,684.661114814141,705.2513595511165,683.075440856041,703.4290161132812
2022-09-01,693.3232687724303,705.014718429371,690.6015696459982,696.8259887695312
2022-09-02,696.8260165078848,705.5117755531663,693.5362758079048,703.1450805664062
2022-09-05,703.4290477623429,709.5351321703702,702.482369800808,707.6654663085938
2022-09-06,709.4878176550125,713.156194796427,703.5947126110668,704.9674072265625
2022-09-07,696.4237030597683,705.2751193650466,696.4237030597683,701.6304321289062
2022-09-08,705.3223942153467,710.0084616181538,701.5593724810251,708.8724365234375
2022-09-09,708.2098000210051,714.2685624302175,707.1921673792319,709.3458251953125
2022-09-12,710.0084575913257,711.9018134782359,705.2750678740501,706.9554443359375
2022-09-13,709.4878378356536,717.5346008263482,709.3221807419732,716.209228515625
2022-09-14,707.1921240116534,728.4213656433966,706.3874130797399,723.5696411132812
2022-09-15,724.2087167212493,729.3917559933695,715.6886141715876,719.806640625
2022-09-16,711.4758292509372,716.9665500169183,701.9617270420313,706.5767822265625
2022-09-19,704.8017372069685,716.6352116395905,700.5416864112245,711.2391357421875
2022-09-20,716.6352922326611,721.3686825380287,714.694613763589,719.806640625
2022-09-21,713.7951670816074,720.1852431794865,712.3751501709676,718.6942138671875
2022-09-22,710.9551991274026,714.8129236481702,701.8434231066286,703.3817749023438
2022-09-23,696.9206851182904,698.1750450604594,680.1881625436476,684.5192260742188
2022-09-26,674.6736987181858,679.9277498021432,671.1946687964193,675.2890625
2022-09-27,678.0107465776804,681.6081111638067,665.9879252829694,669.2302856445312
2022-09-28,665.5146136488581,667.6919614261478,656.0005115959231,657.7282104492188
2022-09-29,660.9232428535685,663.7158966193714,652.6398106789119,654.3201293945312
2022-09-30,652.6398551450152,677.5611079896381,646.1077536442672,672.7803955078125
2022-10-03,667.3842557736752,671.1236451823496,663.1952174570123,668.922607421875
2022-10-04,676.638129699665,690.1282917818199,675.0524555373647,687.7615966796875
2022-10-06,691.0512787778197,692.3056387362966,678.8627990191503,680.1881713867188
2022-10-07,676.9931194360024,679.2177896720063,672.3070516782196,677.2534790039062
2022-10-10,666.4613460689046,674.9814485044445,661.8226005195202,669.7747192382812
2022-10-11,663.1952792481815,670.7213811074919,662.4142583209682,662.9822998046875
2022-10-12,664.1892100752841,669.7036205529012,661.3965564168059,667.3132934570312
2022-10-13,663.6449517568307,665.6329523957306,655.1011599044915,659.6452026367188
2022-10-14,670.7213084715949,684.9214773171474,669.8929652889377,681.134765625
2022-10-17,679.2414685381723,689.9389184377674,675.4547565184473,684.7085571289062
2022-10-18,690.1519908382136,692.4476735610679,681.6081982959277,683.4305419921875
2022-10-19,692.9682650667686,699.3110189397639,687.9508834468661,690.4359130859375
2022-10-20,683.5015092803935,687.7142378951055,682.7915007873737,685.7735595703125
2022-10-21,687.2881883606218,689.9625651125049,678.768086852019,680.9454345703125
2022-10-24,688.3769222390107,692.4949483754677,688.3769222390107,691.5719604492188
2022-10-25,691.5956743576099,694.7670806608081,683.9749272091937,686.7676391601562
2022-10-27,693.204906271337,694.5539107499477,686.9331650572058,688.4241943359375
2022-10-28,686.3415077571179,694.3882702618566,685.1108379889911,690.4595336914062
2022-10-31,696.7550817774064,709.06189708054,694.506721289334,708.446533203125
2022-11-01,711.6652179833346,723.7353630173054,709.487870043139,716.2802734375
2022-11-02,718.0552306509842,723.3802941610854,715.4991886100082,716.7298583984375
2022-11-03,708.9197790999174,719.5935963898347,708.5884649206265,713.5822143554688
2022-11-04,711.5231511022943,717.6292356675809,705.0857523541924,708.6594848632812
2022-11-07,714.7418117505617,715.6884896469201,706.2690330220277,714.173828125
2022-11-09,717.1322824659693,718.5049193556288,711.9018633497144,713.9608764648438
2022-11-10,708.6358579695811,722.7887066767477,707.6655476159063,721.7236938476562
2022-11-11,731.3087317757319,774.8559183927981,727.9953588809551,762.6201171875
2022-11-14,763.0224185196467,770.5958420285266,756.3956729493768,764.4661254882812
2022-11-15,768.3001837702703,768.3001837702703,759.8274043968535,766.3358154296875
2022-11-16,766.170202291269,777.2226566503574,763.022486309608,772.915283203125
2022-11-17,765.9098426520217,772.2762870225876,763.9218419167568,765.9335327148438
2022-11-18,767.2825092660813,768.2291872540715,759.8274201106582,763.9218139648438
2022-11-21,760.9634273308967,763.0224403501558,752.7036274118254,756.0880126953125
2022-11-22,757.3424030172414,759.4014161193165,753.0823520002695,754.9757080078125
2022-11-23,759.7091462925441,759.7091462925441,754.5024169410065,756.9401245117188
2022-11-24,760.1587437409996,772.4892478000642,756.9400732102165,769.2468872070312
2022-11-25,771.400538611901,772.3472166038309,764.0164618309748,765.6968383789062
2022-11-28,758.7150531969597,760.8687108608916,754.5260148319932,757.460693359375
2022-11-29,756.040654176102,763.1880609189634,753.9579511951042,756.3246459960938
2022-11-30,755.9697158820187,763.448495298528,755.9697158820187,761.3421020507812
2022-12-01,767.7558572644913,774.8559422576894,764.4424842676656,766.572509765625
2022-12-02,762.075758564348,766.1464622403034,759.7800760651729,760.7030639648438
2022-12-05,762.052089952201,764.2531278294877,755.5436787874839,763.4721069335938
2022-12-06,757.8157149339461,763.827096930786,757.342375948978,762.6201171875
2022-12-07,764.0400850893843,766.146420325006,759.4486625615901,762.2886962890625
2022-12-08,762.0757892699328,769.6492132626774,759.7090942722001,766.572509765625
2022-12-09,769.6491658684815,773.8382042003839,766.8091320460886,772.03955078125
2022-12-12,769.175858298182,782.7133418481023,767.4718494913106,778.0509643554688
2022-12-13,781.0093040192777,784.322676824208,778.6426091586131,780.2046508789062
2022-12-14,782.4293535828931,788.3460909814328,781.0093366072435,786.8077392578125
2022-12-15,784.3464638441227,790.1921893164714,770.1462929247442,772.3946533203125
2022-12-16,766.8327975258877,778.6899036859147,761.6023789583885,776.1102294921875
2022-12-19,778.169287755073,779.4236476156718,769.7438307486328,778.5242919921875
2022-12-20,766.9038071781762,774.5719334714851,766.9038071781762,773.1519165039062
2022-12-21,776.7493009218134,778.5480122385196,760.4427954437242,765.6731567382812
2022-12-22,767.850487106121,770.3592068674686,761.6024355451656,763.046142578125
2022-12-23,751.1889697537788,759.3067449086949,750.455271214228,756.2300415039062
2022-12-26,757.105686415071,775.8025758263841,752.6089661769071,771.2821655273438
2022-12-27,772.9625880792587,774.3589150189524,763.732477566371,772.063232421875
2022-12-28,768.2764702109968,772.9625375674409,768.2764702109968,771.4478759765625
2022-12-29,766.8564752725806,777.9326190377025,762.5491020807658,776.8912963867188
2022-12-30,778.6426203561981,778.6426203561981,766.8091458826996,770.6668701171875
2023-01-02,770.1224709214521,776.1575425282429,766.1227799099893,770.9271240234375
2023-01-03,767.85048648393,777.6959605884185,767.85048648393,775.96826171875
2023-01-04,773.9092723546631,778.9976666530196,760.6557802287117,762.0994873046875
2023-01-05,764.4425498800358,765.8862570648225,752.3250820077258,757.200439453125
2023-01-06,758.2890149353148,761.6497099996876,747.0235245599769,754.691650390625
2023-01-09,755.4491100902288,762.809555296411,752.6090758417694,756.1591186523438
2023-01-10,757.3424088115413,757.3424088115413,740.7755436187888,742.3375854492188
2023-01-11,742.17186935277,756.3957295571362,738.4088473774297,753.0350341796875
2023-01-12,751.5676897826115,759.1884361515325,749.8399908708047,757.0584106445312
2023-01-13,756.7506688261795,762.0284098318215,750.7155970341335,757.6500244140625
2023-01-16,764.4424213611721,767.4244799251755,748.0175825407742,750.38427734375
2023-01-17,752.5143515673539,762.5491150718101,746.6922588614403,761.5551147460938
2023-01-18,759.709052840869,777.033247723356,757.2003331678316,774.9979248046875
2023-01-19,774.8559185317824,781.0093253374716,772.9625625915704,778.2166137695312
2023-01-20,778.2167531127029,790.0029075070139,777.8854388760976,786.1925048828125
2023-01-23,788.701120801895,796.4402020140254,786.4054381729433,791.9434814453125
2023-01-24,792.8665656285084,805.812376548019,792.8428755647417,802.5463256835938
2023-01-25,800.6055411527631,801.3391818839766,778.784626308036,780.3703002929688
2023-01-27,772.4892355564111,774.8559305182873,752.5853078147762,764.8211669921875
2023-01-30,754.975647383291,769.3178411010082,748.8222408528942,764.0401000976562
2023-01-31,766.6672147917049,768.087231902103,754.9757636950177,758.9991455078125
2023-02-01,768.7025579600521,788.1094575144623,760.1824557166525,770.3829345703125
2023-02-02,761.17633848247,768.9391086609663,752.0172415420808,758.927978515625
2023-02-03,762.5491167048964,785.9793968271139,760.6557607354243,785.1747436523438
2023-02-06,785.7427543408033,790.1921525781385,779.2106529093284,781.8377075195312
2023-02-07,785.4587118076032,788.0620761871278,772.7732040823922,782.997314453125
2023-02-08,783.0211057559179,789.6241622418436,781.0094148389086,782.9027709960938
2023-02-09,785.7427448206556,786.5237657315753,774.1696293119086,781.2697143554688
2023-02-10,780.441316337142,785.0326812308807,777.3172329126792,784.3699951171875
2023-02-13,783.3759350154724,786.5709728168949,778.4295662721893,784.9616088867188
2023-02-14,788.1093910341734,794.0261282040997,784.7723281580804,792.2274169921875
2023-02-15,794.262851292887,794.262851292887,784.204397425203,790.6181640625
2023-02-16,791.9907552742181,796.1088390532639,786.2160428519792,787.75439453125
2023-02-17,786.2160191131189,789.6004042614547,777.6722277016523,783.802001953125
2023-02-20,785.7427119293137,790.2157422072587,773.8145926677021,776.4415893554688
2023-02-21,776.2759576421577,786.8550727038969,773.4359236507838,779.3526611328125
2023-02-22,775.8026119130404,777.1989388344294,761.6261321413451,764.0637817382812
2023-02-23,763.4957310605046,766.2647523789618,753.6029353883428,758.8806762695312
2023-02-24,765.8151364213195,765.8151364213195,750.336917326773,752.1119384765625
2023-02-27,750.6683165199346,756.8690457387776,746.5976127581428,753.981689453125
2023-02-28,753.5557112171675,759.8511432233867,751.993669356785,757.153076171875
2023-03-01,763.0224897194503,763.4958287329239,755.3307307505042,756.41943359375
2023-03-02,754.5023440243442,760.1587217973406,748.8222761897821,749.98193359375
2023-03-03,755.4490119813835,766.8091474999005,751.6623001418777,764.8684692382812
2023-03-06,766.8091895470669,776.0156100994345,765.8862015978312,770.2645874023438
2023-03-08,766.8091679963849,776.039278351897,766.8091679963849,771.8029174804688
2023-03-09,771.5188361022016,779.0922596719008,770.1225092437928,771.8738403320312
2023-03-10,762.2887875145955,763.8508293638935,750.2423327911828,751.9700317382812
2023-03-13,751.6149691826986,759.1410704335563,740.7518050492812,742.4558715820312
2023-03-14,743.2606073239067,749.5796717797343,738.0775680892785,740.4678955078125
2023-03-15,746.9289573593102,749.248330063132,727.3327108002192,729.8414306640625
2023-03-16,728.4686837227395,737.982785579755,725.1790009533352,734.5747680664062
2023-03-17,737.2255693270333,747.4970035851742,728.9421359638083,744.3966674804688
2023-03-20,742.1718613024195,742.2428737084866,731.4981015299404,739.2371826171875
2023-03-21,744.0651919987587,749.0589413869266,736.6101030086518,747.615234375
2023-03-22,749.768929690198,750.7392976925187,740.9175140491653,745.8875732421875
2023-03-23,742.0772502845497,752.7747006046328,737.7225544029504,739.89990234375
2023-03-24,738.4088098056723,744.9882331927605,736.0184248411618,738.7164916992188
2023-03-27,739.4501509534972,747.6152485739262,737.8881669466679,741.9351806640625
2023-03-28,741.1067998011212,749.2482647269658,740.3494690077168,747.97021484375
2023-03-29,749.7689157853254,758.2890171010677,748.7749155212824,751.567626953125
2023-03-31,755.2596794028502,763.4720993070749,753.7450177500838,761.86279296875
2023-04-03,760.916103659407,764.7737701383646,758.6440534334533,762.3361206054688
2023-04-05,766.1464258287228,783.8493144132652,764.9157560941043,782.7843017578125
2023-04-06,780.3230137466818,790.0974176490104,779.6366375439686,788.7484130859375
2023-04-10,787.2810222797373,790.9493992060369,782.9026369160893,785.0089721679688
2023-04-11,785.2694286862951,790.1921660159843,781.5300388983272,787.3048095703125
2023-04-12,789.5294292037479,799.0908536154229,789.4347845187364,797.5288696289062
2023-04-13,799.1382893920855,803.280005810938,794.3338867900884,801.1026000976562
2023-04-17,814.1430655398879,814.1430655398879,782.571377912893,788.8904418945312
2023-04-18,790.4762044164357,793.9079124895011,784.0388049665387,785.553466796875
2023-04-19,788.1094206815565,790.6181404482337,784.3937211551915,788.4407348632812
2023-04-20,791.280785812552,794.0024850715804,788.7721237726142,791.37548828125
2023-04-21,790.0028164885751,793.7658385477291,787.2811171507625,792.6535034179688
2023-04-24,798.5228483313539,800.6291836512714,792.4167640167948,799.0671997070312
2023-04-25,798.8541908386393,798.8541908386393,786.6420795569525,787.7070922851562
2023-04-26,785.7427625625156,792.8428477663938,783.3760674945562,791.3281860351562
2023-04-27,790.7127411596693,797.6944908945422,788.5117034159383,795.6828002929688
2023-04-28,797.4341291793601,800.4161877634709,790.4760695239482,798.8068237304688
2023-05-02,799.3274927082318,804.202907194295,796.1561447326687,798.6411743164062
2023-05-03,797.5524846534473,802.7829034515152,795.0438227485433,801.4338989257812
2023-05-04,798.5702121515963,820.9828021558743,798.5702121515963,817.8351440429688
2023-05-05,775.8025843027785,786.192351749063,767.8031440250422,769.4835205078125
2023-05-08,773.9092936156137,781.1750359781396,771.5425985281042,778.38232421875
2023-05-09,780.9619868467801,783.8493430397727,776.2522293745058,778.4059448242188
2023-05-10,778.4059920594077,783.210394506021,773.0099158578086,782.0033569335938
2023-05-11,788.1804223550088,798.9962066051175,780.6543209380866,782.5239868164062
2023-05-12,779.5892797778581,791.8014482563958,778.2875976167232,789.4347534179688
2023-05-15,791.4227853213184,795.5645014526352,788.1567347587811,793.2214965820312
2023-05-16,800.4030139627808,800.4030139627808,787.0932626645074,788.6732177734375
2023-05-17,789.9658807338478,789.9658807338478,778.1642575542323,784.4360961914062
2023-05-18,789.0083230433131,791.8569644245696,785.1781855528116,787.572021484375
2023-05-19,789.0083216684993,789.9658560394562,781.1326248446826,788.481689453125
2023-05-22,787.5720763787239,791.3543491028732,781.6832161993159,785.6809692382812
2023-05-23,789.4871228939105,789.7743715289307,782.0422694614203,783.837646484375
2023-05-24,779.2175554402136,782.6646557954235,772.538718142512,773.592041015625
2023-05-25,773.5441253964981,775.6268094273125,764.7587591498904,770.6236572265625
2023-05-26,775.1240726305493,775.1240726305493,767.1047222806039,773.592041015625
2023-05-29,779.6723723310973,785.6569622323185,777.9248603912886,783.0237426757812
2023-05-30,782.1141249746089,786.446991726549,779.6963855607993,783.6222534179688
2023-05-31,780.3427069263231,782.7604463317739,768.2538345692759,771.22216796875
2023-06-01,775.5550374999791,775.5550374999791,766.0275580579801,767.942626953125
2023-06-02,771.9881066411427,773.1132562550899,766.5062458740007,769.1394653320312
2023-06-05,772.9696926063541,773.9272270660708,767.2005241092544,768.1341552734375
2023-06-06,769.6900635841799,770.7433279959911,762.3170373717256,765.740234375
2023-06-07,767.6792286969496,772.0360568877586,764.1124365028589,769.7139892578125
2023-06-08,767.5834912360843,778.4754447215801,767.5834912360843,770.1927490234375
2023-06-09,773.639906451702,774.8846894448892,769.3788668136775,771.1024169921875
2023-06-12,772.035975323251,773.5919685289341,765.764079031894,766.4104614257812
2023-06-13,761.287754551761,770.3364668139276,761.287754551761,767.7032470703125
2023-06-14,771.0306076745784,771.772720205927,766.1232439139638,766.8653564453125
2023-06-15,767.9425712071014,768.8761438484094,755.9733914813049,757.4336547851562
2023-06-16,759.8753597118556,770.4321412189463,758.3672313699111,767.3441162109375
2023-06-19,771.2940091758765,772.8500026766968,765.2375920147995,768.0144653320312
2023-06-20,768.0144276761805,771.2939713592292,761.5510703742875,769.6182861328125
2023-06-21,773.6878294269613,783.8616328770374,771.2939933210611,783.0716552734375
2023-06-22,785.1781832214814,793.580570693625,784.7233777731387,786.9017333984375
2023-06-23,784.0052404143834,794.7056754911911,782.3295552385844,786.8538818359375
2023-06-26,787.5720562251119,790.324967667844,779.7681273666705,783.0477294921875
2023-06-27,786.5904732599496,800.9295846059396,784.4839445343489,794.0831909179688
2023-06-28,799.5412267594668,804.2810337444777,794.9929383437692,802.4856567382812
2023-06-30,815.8193680827392,818.1174741870392,805.8849479608397,814.5745849609375
2023-07-03,819.8888261766497,841.4333500761821,818.6919081822313,823.3838500976562
2023-07-04,825.1313123295552,836.406303333363,820.5112555769142,827.4054565429688
2023-07-05,821.6842446245804,823.4796217067899,798.8470715161803,801.1212158203125
2023-07-06,800.9774632331506,808.0871439109142,794.9450086715105,801.9349975585938
2023-07-07,797.1473857846021,801.9350577712964,792.9821345334826,794.945068359375
2023-07-10,795.2323081500037,802.772891445225,789.8222154878739,793.0538940429688
2023-07-11,796.1898182223189,802.4137915457645,787.8113925946035,789.1998291015625
2023-07-12,792.5273150200137,797.7698512050471,779.0261026386073,781.8029174804688
2023-07-13,793.1735905563402,793.5326659534852,784.2446291019418,785.704833984375
2023-07-14,791.6893499559882,791.6893499559882,782.7842926275915,787.3325805664062
2023-07-17,789.9659226138649,805.2864738403157,781.826879774813,803.8023071289062
2023-07-18,812.9466853634967,815.8192884919896,799.5412040971963,803.1319580078125
2023-07-19,804.8555610048314,808.5181419226229,801.9350926545632,806.7706298828125
2023-07-20,804.8795083270657,810.0741208768967,804.3289143458549,808.5181274414062
2023-07-21,804.3288278103088,809.0207693498382,801.0971494842852,802.2940673828125
2023-07-24,803.6107312414538,806.555161158962,799.5890751426567,803.5628662109375
2023-07-25,806.555244106114,813.425542324676,803.5629488503581,812.2764892578125
2023-07-26,813.7126998116902,813.7126998116902,808.1590121278992,809.45166015625
2023-07-27,813.8564004422645,815.3405671200665,798.3203692500316,801.0493774414062
2023-07-28,795.4716913114755,799.0145802289601,785.7048288838802,786.8538818359375
2023-07-31,789.98986972854,793.2215484430462,784.5558150613891,790.5404052734375
2023-08-01,792.0963421090329,798.3203154846697,789.9658515231379,795.8307495117188
2023-08-02,786.1358144400288,790.6841032568256,781.8987360204031,785.4176635742188
2023-08-03,785.1781976196645,790.6121935791729,777.0391553272656,779.7442016601562
2023-08-04,782.8562191326811,793.0778874299197,780.0314808905504,791.0191650390625
2023-08-07,796.2376491558498,796.2376491558498,788.7928549114002,790.5642700195312
2023-08-08,790.779775695363,792.6469794990385,786.1597188833139,789.9180297851562
2023-08-09,791.4021792268796,792.1203300247262,780.917165889668,790.2052612304688
2023-08-10,788.5535731452575,792.0006737522444,780.8693358862994,783.1913452148438
2023-08-11,784.4121451817492,784.4121451817492,773.7834789124577,775.0283203125
2023-08-14,771.2939587813216,773.2090275802822,766.1472113841155,771.24609375
2023-08-16,757.9363390305685,770.6476315074848,757.0745931406195,768.995849609375
2023-08-17,764.8783973270507,770.7672567276965,763.1548472527722,764.7348022460938
2023-08-18,760.0668453838622,764.2560581283789,759.085349306415,761.598876953125
2023-08-21,766.2669276465182,766.2669276465182,759.803570243689,761.00048828125
2023-08-22,764.2799958764373,765.069973432526,756.4521639695814,757.7448120117188
2023-08-23,756.4521477981758,761.5031649471699,753.2204693186583,759.6119995117188
2023-08-24,762.8198062571005,764.2081843881693,754.6089370548672,756.1170654296875
2023-08-25,753.8429674845817,755.2553074397301,746.1108650097785,747.5950317382812
2023-08-28,747.5949116699142,757.720848675132,747.5949116699142,755.3748779296875
2023-08-29,761.0961768187698,762.5085750919843,757.1463475103358,761.3834838867188
2023-08-30,767.918583020737,767.918583020737,753.4358760513546,755.8297119140625
2023-08-31,755.9734194012763,757.9603149977916,748.3610091258726,752.3587036132812
2023-09-01,752.1432576208482,755.9733951516992,746.5656081528945,753.9146728515625
2023-09-04,761.2398731833899,761.9340622690505,754.0104999128797,758.630615234375
2023-09-05,760.4738554447009,760.4738554447009,751.9517756465584,754.010498046875
2023-09-06,754.9201238552107,766.0274992165465,754.010454511239,763.873046875
2023-09-07,763.8731027987624,772.730296406896,759.8754081832036,771.22216796875
2023-09-08,770.0013395921213,781.7790014587035,769.6661674737783,777.230712890625
2023-09-11,779.8639437312936,783.5025629490954,777.5179726424265,781.2523803710938
2023-09-12,785.1782585237241,786.5666951817179,778.0207118004635,783.694091796875
2023-09-13,781.0129551372609,790.7318942113928,779.7202486339522,787.04541015625
2023-09-14,787.2129744267565,789.965885847133,782.8322428256791,786.566650390625
2023-09-15,789.9658552054733,799.5411989049336,789.9658552054733,795.5913696289062
2023-09-18,791.7611944741388,792.3596534268783,778.5232707508934,779.9356689453125
2023-09-20,765.548760092835,765.548760092835,747.0683576854377,748.6482543945312
2023-09-21,743.5254363384076,751.161749541656,735.8891231351594,743.6929931640625
2023-09-22,746.3981201499366,748.9834749103087,729.5215750984387,732.3463134765625
2023-09-25,730.1199506265053,737.636571986799,730.1199506265053,732.9925537109375
2023-09-26,730.1200354084478,737.301543953449,730.1200354084478,736.1764526367188
2023-09-27,729.1624342668326,733.7107225961398,725.3322967263633,731.0056762695312
2023-09-28,734.4288841265327,736.1524343562999,726.9361657647512,729.49755859375
2023-09-29,729.4974682510089,735.1229821491729,728.8272410092354,730.7423095703125
2023-10-03,731.0774358654312,731.0774358654312,721.0233257454744,722.0048217773438
2023-10-04,715.7569705893197,734.9076587656226,713.0040591639762,732.2984008789062
2023-10-05,734.931548964496,742.8312070682638,733.758534361922,735.2666625976562
2023-10-06,739.2165913446855,739.6953585670591,732.4420234594476,734.452880859375
2023-10-09,731.556239372939,732.513773717668,723.8959646151071,725.9307250976562
2023-10-10,727.989492834349,732.035052316478,725.4280415474352,730.0481567382812
2023-10-11,732.5616968533279,738.330865115236,731.7956810054357,737.1099853515625
2023-10-12,735.4342849776942,743.046695154072,733.2798325755078,742.017333984375
2023-10-13,737.3014230183237,741.5145973843024,732.4897897050897,735.2666625976562
2023-10-16,733.2319349541434,734.6442747554978,727.9654959828763,732.322265625
2023-10-17,744.842001006296,744.842001006296,734.9075825451804,737.8759155273438
2023-10-18,737.8759782779842,737.8759782779842,726.8164677513256,727.6064453125
2023-10-19,720.7361578942352,730.7184423716426,719.682834983418,725.308349609375
2023-10-20,720.5445716148215,731.0774490736428,720.5445716148215,729.066650390625
2023-10-23,729.4018275247573,731.9153553189844,718.1986633818357,721.04736328125
2023-10-25,728.2048937755804,729.066698092264,714.0572999767982,716.47509765625
2023-10-26,713.9615844716288,714.3206598703572,699.1198013241884,700.6279296875
2023-10-27,703.548416210113,707.6179375015631,702.3036331507926,703.380859375
2023-10-30,700.5560993380782,713.3391600901615,699.9097753123232,711.0171508789062
2023-10-31,720.0659406218252,720.0659406218252,705.7029231892091,706.8998413085938
2023-11-01,700.0773018118728,707.354539496317,700.0773018118728,705.9421997070312
2023-11-02,710.9692996573848,713.6025192857455,702.4233167339939,707.0194702148438
2023-11-03,712.4055490469672,714.0333691138175,709.3653892057476,710.3707885742188
2023-11-06,717.193263319672,717.193263319672,710.0117553425058,715.517578125
2023-11-07,715.2781260341811,715.2781260341811,707.234814492639,712.0464477539062
2023-11-08,710.466607940081,715.0148966273784,709.0542679881736,714.1052856445312
2023-11-09,711.4480744130556,714.607926311971,710.2511563874616,711.280517578125
2023-11-10,708.6232803377466,716.2356900692465,708.5993770450763,714.0812377929688
2023-11-13,714.3684707875195,716.2117126727126,711.4001377601898,712.78857421875
2023-11-15,720.1137317170233,723.3932753387419,718.4141432279705,720.2573852539062
2023-11-16,722.794761480394,727.2473194666765,719.9461202422743,722.1484375
2023-11-17,713.3630955591337,721.7415211781168,712.8843283809061,720.5924682617188
2023-11-20,724.3747884733571,724.3747884733571,718.8929272981045,720.640380859375
2023-11-21,727.2473578304415,728.6836593929769,723.9438525479579,726.74462890625
2023-11-22,727.7260937743376,727.7260937743376,719.8503972552013,724.1593017578125
2023-11-23,722.2202676591917,729.5693319457266,722.2202676591917,728.3485107421875
2023-11-24,728.3005912289228,734.0218939418301,727.6542672419772,733.5191650390625
2023-11-28,735.0033827728541,735.9848789111071,730.5030178431152,731.8674926757812
2023-11-29,734.3809775281464,748.3130905581396,733.950075384279,746.4698486328125
2023-11-30,751.2575357769422,752.8374324125391,738.3308218551477,746.3023071289062
2023-12-01,745.8713563542594,749.6296668015766,743.0944835007002,744.6744384765625
2023-12-04,760.2823241901957,771.7727371502491,753.4120264631497,770.5279541015625
2023-12-05,783.5024495070049,784.6993673950388,773.9271064027336,777.3742065429688
2023-12-06,784.4361042559843,784.4361042559843,773.9990142449448,779.3372802734375
2023-12-07,777.9966383401941,782.3055427986936,773.7834639368028,780.6058959960938
2023-12-08,780.605970823838,792.3597291563016,780.605970823838,791.4979248046875
2023-12-11,789.9898356540881,796.5249611291558,788.5295723280279,790.4446411132812
2023-12-12,791.9766596766761,792.9581557902037,781.2762247045517,782.5928344726562
2023-12-13,781.563465201162,783.2631120796166,773.2568662574292,780.8214111328125
2023-12-14,788.0507632436652,794.2507747290626,787.5719960728002,790.0376586914062
2023-12-15,789.9659189837218,798.5837290089988,788.3380987347389,793.1018676757812
2023-12-18,795.0887214217845,797.0037903560872,790.4207408944219,792.6948852539062
2023-12-19,789.9658725265142,794.1072204559873,787.1172310907685,791.3543090820312
2023-12-20,793.796027948429,799.0385054794685,787.3087089265515,793.3172607421875
2023-12-21,793.31719852569,808.9968233004131,790.0855201370065,807.5365600585938
2023-12-22,806.052401579033,807.1535894553359,798.1527432166448,799.9481201171875
2023-12-26,801.0971963079616,807.1775162105685,798.8470139045111,805.5018310546875
2023-12-27,805.0470435987298,817.0162235511344,803.6586070355986,815.4841918945312
2023-12-28,818.3567550440999,824.1498261689791,814.8617312916912,816.417724609375
2023-12-29,812.4679265922668,821.0378710363707,811.9891593992248,818.3328247070312
2024-01-01,816.7768404269046,818.2849687904367,810.0740996496615,812.9945678710938
2024-01-02,813.3297325444754,815.2448013204753,808.4941371304667,813.4733276367188
2024-01-03,814.8616776060998,816.154325515247,799.0384001483739,800.9295654296875
2024-01-04,803.3713517790169,811.4864323425077,799.8763278844378,809.5234985351562
2024-01-05,807.7520125475409,816.2501294993504,798.6314749205501,805.382080078125
2024-01-08,803.6107431564817,805.4539851831421,794.7535499790049,796.4052734375
2024-01-09,798.1767467752176,803.2756291285802,788.4098842358525,790.2052612304688
2024-01-10,786.6145023545687,794.7295829425168,785.8484865302768,792.8145141601562
2024-01-11,794.7534993983096,796.1419358750667,786.6144575370016,789.487060546875
2024-01-12,790.9233945544381,792.8384633063858,782.1140666068262,785.752685546875
2024-01-15,788.8646116180252,804.7597161030749,786.9016779868482,800.8817138671875
2024-01-16,800.9775061380469,806.0763883828079,793.8438633427261,803.9219360351562
2024-01-17,751.6645491933435,764.4955343021028,731.7478441645169,736.1046142578125
2024-01-18,715.2782083529884,725.3323197153799,708.5994291824192,711.5198974609375
2024-01-19,720.9993837290294,723.058105901483,703.0217118745396,704.0989379882812
2024-01-23,701.3938811843236,706.0378992046238,682.2431950086424,683.3682861328125
2024-01-24,660.8184204446432,698.2579916906107,660.8184204446432,697.0371704101562
2024-01-25,695.4093846155678,697.7313939357863,679.5622013776972,686.9830932617188
2024-01-29,693.2788081065851,700.3406237032543,692.2015819986186,696.4386596679688
2024-01-30,696.3908845219285,700.53217422801,689.8557002681358,691.4835205078125
2024-01-31,689.1854007024332,706.1576749666016,687.8927526091608,700.2210083007812
2024-02-01,701.4178599181299,705.5112841214318,697.1089554241759,702.0402221679688
2024-02-02,706.1816237651476,708.9824002114282,690.4062678183428,692.3692016601562
2024-02-05,692.2973590957444,695.1220972150085,686.5761145330804,691.7467651367188
2024-02-06,692.0819428119112,694.0687799185687,685.8818725644124,691.3876953125
2024-02-07,695.6487669186412,696.0318040698868,683.0332624281431,684.6131591796875
2024-02-08,684.5652392978377,688.9220089386799,670.5134342809237,671.7343139648438
2024-02-09,666.515758652701,677.0725401801844,664.0500959229506,671.9976196289062
2024-02-12,670.1065041980137,676.8092448082598,662.3025756816373,665.4863891601562
2024-02-13,666.4200252792418,672.3567506453555,662.7814060042901,667.616943359375
2024-02-14,658.7837177497752,666.2046099191948,652.8230890297091,662.6378173828125
2024-02-15,663.0925229141347,677.6949214331826,662.78131256852,677.000732421875
2024-02-16,681.7166435513678,683.5359238875297,674.31965507416,679.8015747070312
2024-02-19,684.1583399970523,684.1583399970523,677.5513291516161,678.4609985351562
2024-02-20,677.4555450204665,697.6834579371554,675.9235134549672,696.2711181640625
2024-02-21,700.9151754054046,700.9151754054046,687.0309267122648,689.017822265625
2024-02-22,678.7721678686664,684.0625685726841,676.1149866485335,679.6339721679688
2024-02-23,681.0702888003248,686.5042847124961,678.8918747107963,680.1366577148438
2024-02-26,676.761348833584,686.9590543726445,676.761348833584,680.9505615234375
2024-02-27,676.7614735040879,683.0572161231547,676.5220898777122,679.9213256835938
2024-02-28,679.9212222820232,681.8601942948292,672.1891206373224,674.7744750976562
2024-02-29,671.2794957514693,675.2532869853846,668.9814482015562,671.9019165039062
2024-03-01,670.2740637422462,685.9536891619308,670.2740637422462,684.9961547851562
2024-03-04,685.0918449690896,687.9884096675396,681.9080901062357,685.9296875
2024-03-05,680.806915575396,690.8610261429652,680.6393587545882,689.8316650390625
2024-03-06,686.3366868886952,695.5768580281541,686.3366868886952,690.6694946289062
2024-03-07,692.0579662212759,694.7151474764962,690.0950324505662,692.34521484375
2024-03-11,684.6370656855901,692.2733788101641,681.2856954339823,683.5838012695312
2024-03-12,686.5521430195154,700.9151585638567,684.2779988916614,698.78466796875
2024-03-13,701.6332902428926,704.5537583020961,694.2602641088363,699.1915893554688
2024-03-14,700.0055299615263,701.8727337796063,691.4835086418929,696.8217163085938
2024-03-15,694.2124563732988,698.665014815619,690.5020104857863,695.481201171875
2024-03-18,692.7760944963727,697.0849990233024,687.4139255734966,692.3212890625
2024-03-19,687.2703309378574,695.361508487081,687.2703309378574,693.9012451171875
2024-03-20,693.757641226056,695.002424269405,682.0757097447741,685.1398315429688
2024-03-21,690.6696058865672,694.8109541841388,688.6109418290184,692.177734375
2024-03-22,689.9034770136652,694.5714568199686,688.3474837448974,690.7891845703125
2024-03-26,683.2965603924812,688.4433080631126,680.8788209713061,682.434814453125
2024-03-27,681.5490165895086,693.2308885833684,680.4478287400144,689.7598266601562
2024-03-28,689.7598723903825,699.2394862002545,689.7598723903825,693.20703125
2024-04-01,698.04251018733,705.6070545940972,696.8934573296461,704.027099609375
2024-04-02,701.4657698820595,715.685132245699,700.5561005197442,708.6472778320312
2024-04-03,704.793175292623,716.0681660997278,704.4580616337976,709.6766357421875
2024-04-04,720.065912216293,732.5138601668406,720.065912216293,731.3648071289062
2024-04-05,736.8227010597361,744.2435924609226,732.5856231419043,741.8737182617188
2024-04-08,744.4590593119542,745.5602472863112,738.0436253706997,740.4613647460938
2024-04-09,744.4111567395224,744.4111567395224,737.4451291623751,741.3949584960938
2024-04-10,742.0412738306298,742.0412738306298,733.9261349558433,735.553955078125
2024-04-12,728.2049458910936,732.4420241242923,724.5902299815868,727.2234497070312
2024-04-15,716.9778144689066,722.9384424882777,714.3445949763995,715.61328125
2024-04-16,711.9268363888184,724.3269187314523,709.6526921569106,722.5794067382812
2024-04-18,722.8427124294902,727.1755203466597,713.8658277959437,715.61328125
2024-04-19,711.7113984519393,734.8836839791993,708.6951417404246,733.13623046875
2024-04-22,745.6320106114753,745.6320106114753,722.12455398941,723.99169921875
2024-04-23,730.7423487447305,730.8380788006147,719.7067421926132,721.7893676757812
2024-04-24,725.332274400053,728.5639528503503,722.4836330693169,723.7523193359375
2024-04-25,721.1430939897369,727.5824894434112,721.1430939897369,723.2975463867188
2024-04-26,727.6304456461381,731.5563134799157,720.8080127488288,722.8427734375
2024-04-29,725.3322898363435,734.6442882658492,721.2867304749565,732.2744140625
2024-04-30,732.1308179153048,737.0621437156515,725.2844816560712,727.7740478515625
2024-05-02,728.6837005042626,735.8652087221101,727.8937229116466,733.591064453125
2024-05-03,734.0698523195007,737.5887797565925,721.59794265299,727.53466796875
2024-05-06,728.6836016758342,734.668191045708,726.3615926889743,728.9948120117188
2024-05-07,728.6597630545604,729.6652209931847,720.1377414179425,721.0952758789062
2024-05-08,716.2117457291306,716.6905129132654,708.7429893452799,709.8441772460938
2024-05-09,706.1576388307392,711.8071150125822,691.9622384959757,693.0155029296875
2024-05-10,698.3538309269745,704.6385064038308,692.4331341667237,697.8200073242188
2024-05-13,694.956710818051,708.4482125597933,694.1317160729689,706.2400512695312
2024-05-14,704.7841569928967,711.2144479759614,703.8378359787137,709.0062866210938
2024-05-15,708.3997097557044,708.3997097557044,696.8009672402238,698.1112670898438
2024-05-16,701.7752582341244,709.782790041372,696.655267230535,708.6665649414062
2024-05-17,701.8480628860959,712.4277355160416,701.8480628860959,710.5350341796875
2024-05-21,703.7407019802051,713.2526672307866,703.7407019802051,707.962890625
2024-05-22,707.5018935449791,711.2630073542172,702.7944586673697,708.1570434570312
2024-05-23,707.8900706969359,725.8463536828482,707.1135946322969,724.3661499023438
2024-05-24,721.8911533778286,737.6150464828621,721.1631959122375,736.3046875
2024-05-27,739.2893866819511,749.7962521608212,737.2026106511589,741.4004516601562
2024-05-28,742.5651435020584,745.4527436990592,739.9930626339711,742.75927734375
2024-05-29,736.692907911739,739.5319299971256,728.5640500675219,731.9854736328125
2024-05-30,727.569210732381,739.4106642295702,726.8170235494816,735.1642456054688
2024-05-31,737.1781981815107,745.4283820979595,734.7516735002022,743.268798828125
2024-06-03,776.0026570209221,776.0026570209221,752.2227131847588,762.9964599609375
2024-06-04,755.6198511271432,756.5904610836327,705.6334383679294,719.7800903320312
2024-06-05,725.06989130594,756.8815955434779,719.3917877908412,753.0962524414062
2024-06-06,759.4537360573207,759.7206182378197,750.5726316827747,756.9301147460938
2024-06-07,757.5852892641512,768.8928586568827,753.2175448676818,763.5545043945312
2024-06-10,763.8700759254958,767.0973660487972,755.9110620154896,757.7067260742188
2024-06-11,755.1345658211561,762.4141406844706,753.2903831592504,759.4052734375
2024-06-12,764.3553074238586,770.8098870497467,760.1816966411113,763.9428100585938
2024-06-13,767.6311790204475,769.5481100621035,763.8700652936205,767.1458740234375
2024-06-14,768.7230745298527,776.0026490992642,765.6656295141681,774.9835205078125
2024-06-18,774.983540294414,781.5836762242601,771.3679826211641,780.2733764648438
2024-06-19,782.9910236928816,810.4107535609992,778.4291452824868,804.5628051757812
2024-06-20,810.3622826499824,816.0160382972864,801.7238302737451,810.1438598632812
2024-06-21,811.8424431419929,811.8424431419929,797.4289085916951,808.3967895507812
2024-06-24,799.2972656586157,812.9343231272944,798.6906344612428,811.6240234375
2024-06-25,810.9931467609703,833.2443684249017,810.9931467609703,830.5266723632812
2024-06-26,828.876653523733,830.3083388227997,820.699276097629,825.7464599609375
2024-06-27,823.1257354693937,831.3274011881083,818.5153383232833,823.1500244140625
2024-06-28,823.8537284054296,828.2214732583296,814.8270675577021,817.1565551757812
2024-07-01,815.3123309202279,828.5611799942127,815.3123309202279,827.5419921875
2024-07-02,832.2980286836319,841.9556094944659,826.353042764463,839.8687744140625
2024-07-03,869.1812101031826,870.6371250279785,856.3934358619908,858.3346557617188
2024-07-04,854.0154497500956,854.0154497500956,837.0782938778042,838.1945190429688
2024-07-05,817.7388811097651,817.7388811097651,796.9678045280713,799.8311157226562
2024-07-08,798.4723137874327,803.1554594894733,789.6640164804963,793.6434936523438
2024-07-09,788.6205918556537,799.1516862165171,786.3639118522315,794.2015991210938
2024-07-10,791.0228312767126,795.9001700396465,786.5580491413152,789.1544189453125
2024-07-11,788.111050667459,789.0331420386741,776.9733243368038,787.1162109375
2024-07-12,787.1646437212287,795.1236568993513,781.8990967628511,787.5043334960938
2024-07-15,787.8926346206944,790.9500796896383,783.8645795922547,787.2131958007812
2024-07-16,786.5579978211608,789.5911537590798,784.6410669649267,786.0726928710938
2024-07-18,780.3704345530638,788.1110255525017,776.0754971813087,783.6705322265625
2024-07-19,784.252891584584,787.6500266347647,778.1865789949754,780.03076171875
2024-07-22,784.7381297391379,801.2384985771903,782.6270649860646,797.1376953125
2024-07-23,799.5642547535156,799.6855810002239,778.9145038672318,785.4176025390625
2024-07-24,780.4432298173384,786.6793870769927,770.6886113878456,778.4534912109375
2024-07-25,773.0907607058633,788.6205186108148,773.0907607058633,784.5439453125
2024-07-26,778.9144923179402,787.0433507268658,774.7651110455088,785.2962646484375
2024-07-29,783.7675425920842,791.9449196556922,775.6629731237323,778.9387817382812
2024-07-30,777.4585786816452,793.3523167913979,776.0026637402938,784.0344848632812
2024-07-31,783.2822470366172,790.0279981871195,780.9527594083772,784.1315307617188
2024-08-01,787.6014491725216,800.7774909815698,785.1991540216145,795.3178100585938
2024-08-02,791.5324392939043,810.7019864135299,791.5324392939043,805.1937866210938
2024-08-05,795.9486953170099,798.8120065813332,776.9732822215763,784.1315307617188
2024-08-06,791.0471196604719,792.4787456590307,773.2364505401089,777.0703125
2024-08-07,784.7381567736204,791.0471215466921,777.5556193354371,787.8926391601562
2024-08-08,788.1353303314752,802.3547907144078,785.8301315512568,797.2105102539062
2024-08-09,801.7238534511162,806.8438448558267,798.7149861722273,800.8502807617188
2024-08-12,801.7238266679481,813.3468572381819,799.4671466635041,805.65478515625
2024-08-13,790.0765423217451,792.2118961762867,777.0461148817201,778.0409545898438
2024-08-14,779.6424562895212,783.1366284755188,778.0409261468292,780.2733764648438
2024-08-16,790.3191371152319,793.061122021343,781.8263002104013,792.0662231445312
2024-08-19,794.759726022084,794.759726022084,787.9896858897818,791.7993774414062
2024-08-20,789.8095595425733,798.8119905444514,789.8095595425733,794.783935546875
2024-08-21,790.1250159925943,793.2552686183906,785.1264103072706,789.0088500976562
2024-08-22,792.0177293410987,795.0751744192786,790.0765094162431,791.6780395507812
2024-08-23,792.988292052303,792.988292052303,787.6499375770427,788.6448364257812
2024-08-26,792.1147410094821,799.7582942162704,792.1147410094821,795.8758544921875
2024-08-27,797.550212512406,799.4914324239653,792.1147612152419,794.8082275390625
2024-08-28,794.808257947526,795.7788679404401,791.1441815277424,794.4927978515625
2024-08-29,796.8707505966252,798.035494358065,791.6052035874162,795.1964721679688
2024-08-30,803.6650654368904,806.5768953841255,786.7521983416328,794.395751953125
2024-09-02,799.200245545704,799.200245545704,787.747000900005,789.56689453125
2024-09-03,792.9883149182248,795.8758557711201,788.4264363868309,794.6140747070312
2024-09-04,795.4148650304477,798.2296576209254,792.0177301584446,796.7737426757812
2024-09-05,798.8119853769339,800.7046866194709,796.8707654853739,798.5450439453125
2024-09-06,795.0751920423825,799.6613005199742,793.0368755313057,794.4199829101562
2024-09-09,794.9295949741877,800.0252975060735,791.0956736019307,799.0546875
2024-09-10,802.694470803164,802.694470803164,794.9295907953946,800.923095703125
2024-09-11,800.9473289635273,801.9664575454252,795.5118777911906,797.7928466796875
2024-09-12,802.6944342572692,810.4593139115112,799.32158835399,808.8092651367188
2024-09-13,812.400503038587,812.400503038587,804.1746076631325,808.4937744140625
2024-09-16,809.0033572167779,814.2446744093743,807.5717313009576,810.9202880859375
2024-09-17,814.3417964992565,814.3417964992565,807.6203340438791,809.8770141601562
2024-09-18,811.3570886275262,824.4846115422112,810.9931099061356,822.494873046875
2024-09-19,824.6301946967953,834.2392569551141,824.6059649927001,829.1435546875
2024-09-20,833.0259912779876,846.8328941482245,828.6825354394553,845.0130004882812
2024-09-23,848.7984163669939,857.2184459846895,844.5519977602407,854.0397338867188
2024-09-24,856.5633141386422,864.6436541344489,851.3462854547951,858.0435180664062
2024-09-25,854.2095613390953,867.7252930088929,854.2095613390953,863.4060668945312
2024-09-26,860.4700264333525,867.7253122548344,858.0435015109396,865.5171508789062
2024-09-27,862.3869272945984,862.9692695590985,849.2836931713828,850.5697631835938
2024-09-30,848.7013681367213,849.987378933711,836.8599148404105,840.572509765625
2024-10-01,836.6657512217993,845.4012405036974,834.7730500291224,837.7333984375
2024-10-03,832.6134208058019,837.7091226063172,812.0849984271958,816.2828979492188
2024-10-04,812.6431974622866,820.4808848190723,802.2091402837622,804.4658203125
2024-10-07,801.8208473760044,805.1209448670484,782.7969162571121,785.1264038085938
2024-10-08,791.0471237749532,804.0533210403008,787.164683903665,801.2628173828125
2024-10-09,800.510591541895,804.0290527657074,790.4162239204929,792.5758666992188
2024-10-10,795.4147877416559,808.2510795642027,792.2603056670246,806.7709350585938
2024-10-11,807.7658537028776,807.7658537028776,797.4774117796152,801.238525390625
2024-10-14,803.689357680797,821.1603374358971,802.6944587482099,819.2433471679688
2024-10-15,822.1066552857113,824.0478752509669,813.1285129464045,817.3021240234375
2024-10-16,815.3609038822862,828.8766360391955,815.3609038822862,824.9214477539062
2024-10-17,822.5676501021808,823.8780090897097,808.1298269832027,811.988037109375
2024-10-18,807.1106759435778,820.6506963237373,802.7429312558701,816.2101440429688
2024-10-21,832.2980010606213,848.3858722296796,830.3810701774502,838.9466552734375
2024-10-22,839.6018778313584,844.4306385333365,830.2111793718472,832.0796508789062
2024-10-23,827.4693270680456,847.5851959404977,827.4693270680456,842.3924560546875
2024-10-24,843.5085952441257,858.3346864549975,843.5085952441257,849.1138916015625
2024-10-25,851.7102756678665,853.0933830706845,838.9467304613248,846.0807495117188
2024-10-28,845.4013084513175,849.7690534433162,839.0438248112304,841.6159057617188
2024-10-29,837.7092042477628,856.0779859182065,837.1996103215174,850.1815185546875
2024-10-30,845.4013275164265,851.5889663946322,836.7628746409074,841.81005859375
2024-10-31,838.6069864702176,843.8968224808245,834.4333755848933,842.3438110351562
2024-11-01,841.0335262277963,846.4203996311912,837.6849100339031,843.120361328125
2024-11-04,846.8571409139798,846.8571409139798,830.3082539054162,831.8612060546875
2024-11-05,826.4744163440405,855.4471011946235,823.999372688282,853.0933837890625
2024-11-06,859.7177486791857,859.7177486791857,847.0270119492034,851.83154296875
2024-11-07,846.5174388742477,854.5977188117542,843.4599940256105,847.609375
2024-11-08,850.2543248355499,855.0103373353861,847.2696873607207,851.4432983398438
2024-11-11,851.4918803256005,865.2017460745226,849.8660612419557,857.1942138671875
2024-11-12,859.9603824917264,861.4162973605047,829.2163253609564,833.8509521484375
2024-11-13,833.1472753910937,839.2863948751228,811.9151837654287,815.9674682617188
2024-11-14,811.9637453515568,827.3721783747438,811.4784403744485,821.5
2024-11-18,825.0184258091194,834.190701332557,822.5919010273279,827.4934692382812
2024-11-19,831.8127176211167,851.1035901563789,826.3287477699067,845.5225830078125
2024-11-21,848.9925368361551,853.6514527573436,841.6158656563873,845.0130004882812
2024-11-22,846.1535367827626,851.370565411524,839.3592669406547,847.1483764648438
2024-11-25,866.2936036686173,875.2717450257129,856.5146973151911,866.5604858398438
2024-11-26,878.4019987795361,878.4019987795361,858.8927626136716,866.5363159179688
2024-11-27,868.6473457001546,881.9689429401197,866.3421471774458,879.5181884765625
2024-11-28,882.7697308653094,891.0684339141281,867.725276958314,870.224609375
2024-11-29,874.1798701470966,875.7813410106078,865.2502468100779,871.6320190429688
2024-12-02,875.2475527258944,877.5042327860683,861.4163604593637,875.8298950195312
2024-12-03,884.5652937811867,891.6993119709169,881.3622930133588,886.3124389648438
2024-12-04,891.9904710210482,905.0937042732616,888.6661440627331,902.7156982421875
2024-12-05,902.6672600453907,912.349070670313,890.6316728815866,905.457763671875
2024-12-06,901.2113107944992,904.7054828102569,894.9023463139778,900.6531982421875
2024-12-09,899.5855395249345,912.3733132102273,897.3288596413352,907.520263671875
2024-12-10,911.2571214453396,911.2571214453396,901.9635786325839,906.5982055664062
2024-12-11,903.492253077643,908.4423993938311,901.0900171351183,904.1716918945312
2024-12-12,898.2994568437374,906.8651010060448,897.183231769173,902.30322265625
2024-12-13,903.8804969466607,909.9468090067054,887.7441068669418,908.3695678710938
2024-12-16,905.1422772502634,907.4959944793276,900.3620351992098,905.1907958984375
2024-12-17,900.8958970749953,903.8077269850552,886.4095551207139,889.6853637695312
2024-12-18,888.0353013877913,891.0199388482123,877.0189020931173,878.74169921875
2024-12-19,873.3548187057529,874.0827761662058,863.3575480971324,870.3944702148438
2024-12-20,864.9104516314158,872.3599299504583,857.5581290877592,859.7177124023438
2024-12-23,864.8135067920166,876.4608267488114,864.4738169898098,874.0343017578125
2024-12-24,874.5438211790217,877.7710517489787,868.4775092184595,872.6268310546875
2024-12-26,872.8452779528201,879.3726061062491,864.2068257857081,869.0598754882812
2024-12-27,871.0253675774094,876.4364704987394,868.2590937552997,872.6996459960938
2024-12-30,869.7635560951499,880.8285332674382,859.4751142791366,862.82373046875
2024-12-31,859.1354326463724,864.7164399349241,856.8544636879918,860.3729248046875
2025-01-01,860.6640693133434,870.637110073425,854.6705648241472,865.1774291992188
2025-01-02,862.4354683380634,875.2232427161829,860.4457297678027,870.5158081054688
2025-01-03,869.181218624921,871.2437647886038,847.4881097293069,848.8954467773438
2025-01-06,844.4791507386858,852.7778537230372,827.8332261221516,830.1141357421875
2025-01-07,832.2980215119891,835.209851324859,825.0184469798143,831.5215454101562
2025-01-08,829.022239132803,830.6722879270967,816.9381331798057,822.2522583007812
2025-01-09,817.3263254727842,819.680042580419,804.6841081059047,809.3916015625
2025-01-10,810.9445873725031,812.8372885629307,802.6944030605147,804.0289916992188
2025-01-13,795.9002084068898,799.1760171914914,788.2809435229427,791.4596557617188
2025-01-14,795.8516298211142,803.7620652641559,794.4442335639691,799.1031494140625
2025-01-15,803.9076378434971,806.9165047926833,794.1045016943054,797.3803100585938
2025-01-16,802.1363163454865,805.873200199019,797.2832665938832,801.7481079101562
2025-01-17,797.5987456720695,800.9958805790999,790.31917087129,794.3229370117188
2025-01-20,789.1058522041777,806.0672365854673,789.1058522041777,801.3598022460938
2025-01-21,804.756952160241,806.115829748555,792.5272908307279,797.0648803710938
2025-01-22,797.0648841596673,811.3813805875693,788.8389294808721,808.5423583984375
2025-01-23,818.70954271768,818.70954271768,801.3598888041311,807.9843139648438
2025-01-24,805.6062761215885,810.6049411699597,798.0840488445496,800.6561889648438
2025-01-27,796.4339224655055,797.6471848113616,789.1058297447998,790.9500122070312
2025-01-28,799.2972941154203,817.3991933860295,799.2972941154203,810.6534423828125
2025-01-29,812.8857890816031,815.8704263644069,809.9011517987993,814.0020141601562
2025-01-30,815.7976086487123,823.999274028306,811.6968055795784,820.893310546875
2025-01-31,818.830797136207,827.2993450265934,817.2292670650723,824.4118041992188
2025-02-01,823.8051137424343,831.3273401123946,813.3953467527929,820.6263427734375
2025-02-03,810.4593568422229,818.6125046075882,807.2805853688532,814.341796875
2025-02-04,819.5345205841194,837.5393832746403,815.3366797744094,835.161376953125
2025-02-05,841.0334885893271,846.4688803989707,834.1907005592836,843.3629760742188
2025-02-06,842.2467875560731,848.7984047453597,836.6657803207547,846.299072265625
2025-02-07,849.2836809798144,857.5338653093327,837.1510569658171,840.9121704101562
2025-02-10,833.4142947814893,836.3988731190309,829.1435871127047,832.6620483398438
2025-02-11,826.4744131617251,830.3568531530897,819.5345279806279,825.6979370117188
2025-02-12,821.6213707720425,830.8421658368203,815.8947480352788,828.318603515625
2025-02-13,824.5332029174352,831.934104238501,821.8883143385714,823.9022827148438
2025-02-14,825.9405276867242,825.9405276867242,815.3123371576534,822.5191040039062
2025-02-17,817.8359099627821,834.7245465784594,815.918979031997,833.4384765625
2025-02-18,831.3516624481879,840.329803960056,828.003046468469,836.2047119140625
2025-02-19,833.2686021535318,843.4114874933574,831.0604409265417,838.2186889648438
2025-02-20,830.3568580312333,832.152462841255,817.884543182236,818.758056640625
2025-02-21,815.7491363030065,822.5676355898997,813.9777613134116,821.378662109375
2025-02-24,815.8461269965818,817.3505604700815,806.1400281464854,813.9049072265625
2025-02-25,810.9930781817751,819.1947435645432,810.9930781817751,816.4527587890625
2025-02-27,816.5498559350805,830.235431637752,816.5498559350805,825.3580932617188
2025-02-28,817.738902393146,843.0960879421323,817.738902393146,840.7423706054688
2025-03-03,844.3336683269105,845.9109095874281,822.1551941342151,825.770751953125
2025-03-04,824.0478005927906,831.9582949310542,821.7426020928991,829.8714599609375
2025-03-05,825.9647760106438,830.2597724194886,819.316121569752,820.1654052734375
2025-03-06,818.7094236378426,824.9698691345535,811.5511758615189,820.7476806640625
2025-03-07,816.2829914666041,825.576593853863,814.1476376668198,819.8014526367188
2025-03-10,819.6801059027778,824.969941998729,816.7925649870414,818.9521484375
2025-03-11,816.4770728267864,822.1065984888339,810.4835684463997,817.9815063476562
2025-03-12,820.9176607269924,833.9966062113717,820.9176607269924,830.4296264648438
2025-03-13,832.8076029783965,835.1128015457978,825.0427235934661,828.221435546875
2025-03-17,827.4449541690359,836.6657483797172,827.4449541690359,830.0656127929688
2025-03-18,830.0656127929688,830.0656127929688,830.0656127929688,830.0656127929688
2025-03-19,842.004146653194,849.7690263917825,840.6452690024086,846.42041015625
2025-03-20,851.2249302948321,860.9310298420936,848.9440205977578,858.3831787109375
2025-03-21,851.9771897387066,860.9795616616999,851.9771897387066,859.15966796875
2025-03-24,863.3576060994466,875.6843651061878,860.7612361643339,873.5490112304688
2025-03-25,875.9269782864857,894.7567761384419,874.2769294910811,883.958740234375
2025-03-26,885.681575218163,886.8948376499686,874.5195608455505,876.7277221679688
2025-03-27,873.548970937254,893.4464752752693,872.6268796196651,885.8514404296875
2025-03-28,887.6228257936006,891.0199607200933,876.3880034384333,887.2345581054688
2025-04-01,874.5195883202217,878.3535095734435,856.7331486628899,857.9464111328125
2025-04-02,859.3294691298255,873.16066049231,859.3294691298255,872.0444946289062
2025-04-03,864.3766781830471,875.490173946712,862.3869396359797,871.0496215820312
2025-04-04,879.8579280746396,893.9074835384829,878.9358367650708,881.9447631835938
2025-04-07,855.4956105111871,863.7700245665659,843.5570610557007,853.0205078125
2025-04-08,856.5633039940931,864.8134887917699,849.4293443655757,858.5773315429688
2025-04-09,856.5632934570312,861.4163432783175,850.982286162552,856.5632934570312
2025-04-11,861.2950087869681,882.9638878798253,861.2950087869681,876.8247680664062
2025-04-15,905.0938067366918,910.8204293176711,900.2407568346184,905.0452880859375
2025-04-16,914.2175024102767,914.2175024102767,902.9098732067754,911.4027099609375
2025-04-17,913.3439841876462,931.6399584740437,910.7718440638052,925.3309936523438
2025-04-21,933.7267676045618,946.6843866809207,926.9324979858176,935.231201171875
2025-04-22,939.0651467003056,956.3419923313835,939.0651467003056,952.0227661132812
2025-04-23,960.3699954066212,960.3699954066212,932.0281739470523,933.67822265625
2025-04-24,926.9324466168475,933.6781972127433,924.5544405338061,930.2325439453125
2025-04-25,934.1150265036636,938.094503546439,918.099962552793,927.5148315429688
2025-04-28,927.5148236825167,936.4929655182809,926.156005327847,931.882568359375
2025-04-29,931.2032084346736,936.0562581779409,922.1764885191324,926.3501586914062
2025-04-30,928.3883766867898,939.9871769317172,927.0780770079656,934.2120361328125
2025-05-02,936.5416240313868,942.4138027541906,931.7856112772921,932.7077026367188
2025-05-05,941.0063068714467,947.3152712805899,937.754787372496,939.9386596679688
2025-05-06,936.6386282625547,941.5401968005327,933.872413523286,937.463623046875
2025-05-07,938.5798247058746,945.7137841650697,932.9502988258117,944.2093505859375
2025-05-08,948.6741890736062,948.6741890736062,931.348765916796,935.91064453125
2025-05-09,926.9810441332826,931.3002703673066,915.6734734771652,917.080810546875
2025-05-12,930.6208021509265,951.149226156264,928.0487213449755,949.8388671875
2025-05-13,946.3447318748346,952.0227765695508,931.7855821536832,933.04736328125
2025-05-14,932.8047011833116,936.7356597192896,923.5353878045329,927.2236938476562
2025-05-15,928.6310733577037,943.8211428321799,920.6235412383402,938.4827880859375
2025-05-16,938.4827675522878,943.3358172154161,935.8621088859327,938.9194946289062
2025-05-19,940.0357230243618,943.9181627683963,937.1238932163359,940.8607177734375
2025-05-20,935.7165491131649,938.8710315810085,928.388455536133,929.310546875
2025-05-21,935.1827306623918,944.8403119658641,932.3194193274059,935.085693359375
2025-05-22,929.4560915529987,933.8238364554871,924.603041661345,931.737060546875
2025-05-23,931.8340640363383,940.0357299039,929.1163680438908,938.3856811523438
2025-05-26,939.0650610496285,946.2961165204464,935.1341028748952,941.588623046875
2025-05-27,937.415037254252,945.3740503477449,929.989907003196,934.8429565429688
2025-05-28,931.8826007257043,938.8224856498367,930.6693382733266,933.484130859375
2025-05-29,935.6680064952172,941.8799339693113,925.6222170514742,935.4253540039062
2025-05-30,937.560664423884,945.7623300992254,934.406182182701,943.86962890625
2025-06-02,936.6871049098005,939.5504160632175,925.9618769879231,937.65771484375
2025-06-03,940.5210428582492,947.3153125176999,931.7855532960983,934.0179443359375
2025-06-04,932.2708380103269,943.0931624292062,932.2223193620798,942.073974609375
2025-06-05,945.3740366284826,950.6638723983343,941.5886343458625,946.1505126953125
2025-06-06,943.4328899516395,968.8143643397722,942.8019697752012,960.27294921875
2025-06-09,968.1834546397668,968.1834546397668,958.9141411829606,960.3700561523438
2025-06-10,962.2627345803987,962.2627345803987,951.7315810074685,953.7698974609375
2025-06-11,954.8861016587219,954.8861016587219,944.8888305540286,946.5388793945312
2025-06-12,946.3446634564742,951.68301796828,939.2107043054103,943.1416625976562
2025-06-13,931.7855934494534,938.0945584051007,928.3884584733355,930.620849609375
2025-06-16,933.7267280054107,940.957783641244,931.8340268436207,939.2592163085938
2025-06-17,940.0357266330969,942.268117646221,931.3487558242051,936.4444580078125
2025-06-18,930.329645039179,939.6960548333931,930.329645039179,938.5313110351562
2025-06-19,938.5312545811619,944.7917002839463,934.5031997999406,939.210693359375
2025-06-20,937.4150552584099,956.0022590492599,937.4150552584099,953.4786376953125
2025-06-23,945.5681762695312,950.1785732937573,942.3651754483343,945.5681762695312
2025-06-24,953.6242600004867,960.4185295373859,949.0623814631601,951.634521484375
2025-06-25,954.1096083800328,961.8744882040819,953.0904797513926,961.0009155273438
2025-06-26,961.5832432953354,983.7616558949239,960.9038045145849,981.1895751953125
2025-06-27,987.666092322087,991.0024945345428,978.0494846238399,988.5983276367188
2025-06-30,986.9301202198938,988.0586250503452,979.0798184930638,982.023681640625
2025-07-01,983.740927917604,989.138010315157,983.250284063281,987.2244873046875
2025-07-02,991.0515399227539,991.0515399227539,970.4444979040134,974.418701171875
2025-07-03,978.7854199779471,985.2128423794024,973.584607191008,974.9583740234375
2025-07-04,974.9583893832662,983.0049605598704,971.4748300017685,976.037841796875
2025-07-07,975.8906089947405,980.5026731224453,973.3392849545877,975.1055908203125
2025-07-08,970.0028875050783,983.740915249207,970.0028875050783,981.974609375
2025-07-09,984.7222177139129,988.058619887602,980.3554754225707,986.7828979492188
2025-07-10,989.1379844829171,989.6286283244265,981.2876830187669,984.3296508789062
2025-07-11,980.3063919997392,983.6427940678678,971.9163943170895,973.2901611328125
2025-07-14,972.94677734375,975.7434233970494,966.8627814826074,972.94677734375
2025-07-15,968.0403470063502,983.0540373178538,968.0403470063502,979.079833984375
2025-07-16,990.1192987637652,992.4253009235872,977.6569328760377,979.4723510742188
2025-07-17,983.2502884954769,983.6428275379242,972.7995503940688,974.8602905273438
2025-07-18,974.8602851924708,979.8157761377424,958.2274465683581,960.3862915039062
2025-07-21,970.5916382285527,982.2689857931025,969.7575676423911,981.5330200195312
2025-07-22,987.7151032772119,990.1192700741381,982.7596124670459,984.771240234375
2025-07-23,986.6848008986999,995.9089294093236,982.7596500249109,993.2103881835938
2025-07-24,999.7849522880986,999.7849522880986,985.4091233743482,988.2548217773438
2025-07-25,991.1076548914018,991.1076548914018,983.237817433207,985.9922485351562
2025-07-28,985.205265864704,994.2555908496133,983.9756037755068,987.9105224609375
2025-07-29,983.6804999207345,996.7640925817828,981.9097985152405,994.3539428710938
2025-07-30,997.5018784172968,999.764444634085,992.091365270063,996.4197998046875
2025-07-31,990.9108782036614,999.1742313953042,987.664582321978,992.6815795898438
2025-08-01,990.6157884442932,997.6494796779898,988.3040477115343,989.7304077148438
2025-08-04,988.6974801605747,992.8291567300697,977.8764539291843,979.7947387695312
2025-08-05,977.0894619202779,980.975205994727,966.7603007320947,972.7118530273438
2025-08-06,969.5147509914575,977.8272785976125,968.9737116887809,976.499267578125
2025-08-07,973.9415460716062,984.5166400056098,972.3184281442016,981.4671020507812
2025-08-08,977.3846207407715,980.1882863803764,968.9737439061473,970.8920288085938
2025-08-11,971.8757166821836,982.5491593344192,970.4984711596596,981.5654296875
2025-08-12,979.7455870293594,981.7622208654035,967.7440729221851,968.924560546875
2025-08-13,980.7784409396806,980.7784409396806,968.5309950398891,974.0399169921875
2025-08-14,972.908633518138,981.7622004561191,969.5639286580633,979.35205078125
2025-08-18,988.6483131467888,996.8132573563983,981.5654475516468,985.5003662109375
2025-08-19,982.8935135816985,986.7300232295675,977.1878335213248,979.35205078125
2025-08-20,977.3354453835109,979.7947696044055,973.4005266300795,977.9256591796875
2025-08-21,982.5000176251586,982.5000176251586,975.4663263982883,979.4012451171875
2025-08-22,978.7618310909676,981.7621945267439,962.6286407512459,966.317626953125
2025-08-25,964.1534314319724,972.6135426708398,962.5794879672083,966.0717163085938
2025-08-26,963.5632270654481,969.6623631247153,952.2503356808104,957.5625
2025-08-28,951.2665723546679,956.3819785474136,939.4618165446824,942.2162475585938
2025-08-29,938.4781016808785,947.6267755693488,934.6415319653455,936.1171264648438
2025-09-01,934.1496321868741,941.8719458039564,930.9525108908947,935.1333618164062
2025-09-02,935.5269334024698,939.2650942089082,928.6408255856272,929.1326904296875
2025-09-03,929.6245191670979,940.740652202688,924.7058709175366,938.9207763671875
2025-09-04,944.5772033181551,949.9877162864987,940.6914592688354,945.610107421875
2025-09-05,951.7584261964354,951.7584261964354,938.5272505370174,947.7251586914062
2025-09-08,953.2340258485783,957.3165278914954,944.823149393627,950.2828369140625
2025-09-09,958.1526998830964,958.5462157684692,947.0365666053971,949.4467163085938
2025-09-10,958.0543466125587,958.0543466125587,946.0528326679372,950.1845092773438
2025-09-11,944.6755555766032,953.4799478098324,944.2820997482355,952.0535278320312
2025-09-12,954.1194397337725,954.9555859441327,946.5938836721522,951.5617065429688
2025-09-15,953.824233432933,956.5294899386951,949.2991011128589,951.3157348632812
2025-09-16,945.560981879392,953.5783427584718,945.560981879392,951.1190185546875
2025-09-17,949.4467082101403,958.5462075924,948.6596764461077,950.7747192382812
2025-09-18,957.4640913046234,963.7108108355188,953.4799980850369,961.0055541992188
2025-09-19,959.0380500102757,960.8087513537787,946.4462625851606,951.168212890625
2025-09-22,948.315388056543,955.3982535857159,946.298754270858,948.5121459960938
2025-09-23,951.2665762064279,952.447063800625,939.9536851760515,941.6260375976562
2025-09-24,936.7074240016012,940.8882751893465,927.6570988338277,935.5761108398438
2025-09-25,937.0024763946197,942.4129893816753,931.9854792780051,934.3955688476562
2025-09-26,929.7228805294212,935.9695999150294,925.9847198182591,929.6737060546875
2025-09-29,930.6574059019287,941.232499440892,923.8204729543667,934.8382568359375
2025-09-30,942.4621986714628,944.3804835370663,930.9033750448373,935.5269165039062
2025-10-01,937.1992488555558,953.8242439027433,930.6082481971154,949.5450439453125
2025-10-03,936.5106471136629,951.0206597658967,936.5106471136629,949.4467163085938
2025-10-06,956.0868643620497,961.4973774003239,946.3479168763192,957.6116333007812
2025-10-07,958.1527020714059,973.7447933808842,955.201513050652,966.514404296875
2025-10-08,960.1201629857547,969.8591107869768,958.6937429483099,962.7762451171875
2025-10-09,958.6445364195181,963.0713198098597,954.3653364923583,961.2022094726562
2025-10-10,963.0713193511867,970.1541847807785,962.1859386567031,964.9404296875
2025-10-13,958.4477997344204,965.0388004923793,956.1852335153851,961.1038818359375
2025-10-14,954.2177737318785,964.4977607253469,951.2665847409552,961.25146484375
2025-10-15,959.1364356766506,968.8753835018975,957.5132576917447,962.3335571289062
2025-10-16,966.6619807603523,980.384961573746,965.5306676270898,978.1715698242188
2025-10-17,977.7781081157631,992.5832274986775,969.9574453059425,986.2381591796875
2025-10-20,980.7784494751901,1003.4042311581684,980.7784494751901,986.6316528320312
2025-10-21,989.6320299074079,993.5669485153896,987.664570603417,991.3043823242188
2025-10-23,999.4693402098319,1003.8961237048558,989.6320435542233,992.386474609375
2025-10-24,994.5506701933195,995.4852253636408,975.1711841959709,978.5650634765625
2025-10-27,980.286584655995,992.6323796093756,979.9914777728962,986.6316528320312
2025-10-28,981.4178939740924,991.5994716753507,978.8109864255694,987.2218627929688
2025-10-29,988.5499498614066,996.0262711888014,983.729650556841,991.451904296875
2025-10-30,983.7296659041476,993.0750977302371,980.8768258561881,981.9097900390625
2025-10-31,977.8272677237645,988.1072545286754,965.1863657946757,971.2362670898438
2025-11-03,968.9737116887809,978.3683179002891,967.3013592642496,976.499267578125
2025-11-04,970.9411924643373,980.7784892471573,967.6948965344255,969.2196655273438
2025-11-06,965.0388182096445,974.9252895070431,958.1527104344483,968.6294555664062
2025-11-07,964.0550607577244,968.8753600783504,958.8904800750938,966.317626953125
2025-11-10,966.3176552483678,974.8269410200376,964.2518469316628,968.4818725585938
2025-11-11,967.4981021987119,977.3353986115102,962.0875891716729,975.564697265625
2025-11-12,982.549186657653,982.7459446009269,971.629811290036,973.4005126953125
2025-11-13,967.990016129637,973.9907432290495,966.6127705451346,970.596923828125
2025-11-14,960.169315545859,975.5155341538173,960.169315545859,973.4988403320312
2025-11-17,975.121999344663,981.7129998984626,969.5639028977658,980.3357543945312
2025-11-18,981.4178963551165,982.7459073482096,973.8923406153428,976.302490234375
2025-11-19,973.8923481205824,980.3357652840727,967.9899702531849,978.41748046875
2025-11-20,979.106143718625,995.1409255797437,976.3025381325072,992.4356689453125
2025-11-21,986.7792242744008,991.8946306513916,980.3358068377918,981.8114013671875
2025-11-24,983.7296398293618,994.9933562138265,977.4337461176169,982.8934936523438
2025-11-25,987.6645910314578,989.7303993265384,972.3184321597589,973.6956176757812
2025-11-26,965.3338969506472,990.566586579224,965.3338969506472,987.5662231445312
2025-11-27,985.7954498771661,1000.2562876177888,984.7133712881919,993.0750732421875
2025-11-28,990.615779865885,995.583602701878,987.8613487922537,991.2059936523438
2025-12-01,1000.9449320171519,1000.9449320171519,983.0410401436599,985.7954711914062
2025-12-02,971.9249162739843,978.2208101938114,968.9737272569581,973.6956176757812
2025-12-03,969.957416921422,985.9921979107919,969.957416921422,984.2214965820312
2025-12-04,983.7296507402166,988.3531921071142,976.8435431850351,980.9752197265625
2025-12-05,975.8598190407668,991.5994935414243,974.0891176678615,986.9759521484375
2025-12-08,983.7296369469886,990.1238795871441,981.2703128546212,986.7791748046875
2025-12-09,978.7126738119038,986.4841021884776,977.82729309106,980.8768310546875
2025-12-10,981.2703481612342,982.2540778335763,969.2688341502419,973.6956176757812
2025-12-11,973.892376646044,986.3857555063869,972.4167821359742,984.0247802734375
2025-12-12,986.6808557305643,988.3532081724247,981.9589653386773,985.2052612304688
2025-12-15,975.8597989154725,985.5003373398883,975.8597989154725,979.89306640625
2025-12-16,973.9906989646398,982.4508099496376,973.9906989646398,978.1223754882812
2025-12-17,979.7947462128429,979.7947462128429,964.8420432983647,967.989990234375
2025-12-18,957.464054962666,971.334679033018,957.464054962666,963.7599487304688
2025-12-19,970.9411706561548,971.9249003123414,962.7762265182249,969.465576171875
2025-12-22,971.9249286743926,976.745228147207,967.8916609831689,971.6298217773438
2025-12-23,974.3842218605324,982.647574967353,971.6297908389565,980.3849487304688
2025-12-24,976.8435431850351,983.1394369666097,976.8435431850351,980.9752197265625
2025-12-26,979.7947606844748,980.9752483081762,971.6298163538564,975.9581909179688
2025-12-29,976.9418827381613,981.1719682293385,971.1379138798658,975.564697265625
2025-12-30,974.0891482066822,978.8110386964976,966.219310709625,974.7777709960938
2025-12-31,974.8761180311038,981.3687099365719,971.531413084593,975.0728759765625
2026-01-01,977.3354223369146,981.3195154723957,973.4005036762727,975.023681640625
2026-01-02,975.0236621058955,986.8775923251652,972.7118614138294,985.3035888671875
2026-01-05,989.3861276768052,990.0255759869466,960.4152765333309,961.5957641601562
2026-01-06,947.0365425575541,950.9714611429873,940.445541918535,946.544677734375
2026-01-07,940.4455758755977,940.8882662408619,930.6082790568153,933.608642578125
2026-01-08,929.3294156929511,937.4943598087852,926.083119844739,931.296875
2026-01-09,929.6245460388378,935.1334082207486,918.1148967937476,923.72216796875
2026-01-12,922.246544668881,926.6733280832916,914.4750564356341,921.7055053710938
2026-01-13,932.2806373194226,932.2806373194226,917.4262830054705,922.0989990234375
2026-01-14,914.8685971701506,924.7550683892156,905.2280583696796,910.3926391601562
2026-01-15,910.3926391601562,910.3926391601562,910.3926391601562,910.3926391601562
2026-01-16,906.9987674975428,920.7218085803552,904.2443363942556,915.95068359375
2026-01-19,920.6726328615482,920.9185652819042,904.5394420693568,912.8027954101562
2026-01-20,914.1799618930222,919.2953681382725,904.637772173591,916.049072265625
2026-01-21,909.9499161549952,916.9836070913005,900.6044845836736,905.3755493164062
2026-01-22,912.9011151422527,913.1962220288154,898.3419283315923,903.75244140625
2026-01-23,905.0312717738813,911.0319985807623,894.4561781091321,901.1947021484375
2026-01-27,891.2590997657288,916.0490999795524,890.2753700750383,911.3272094726562
2026-01-28,917.3279002643548,926.1322926560076,913.2946327089841,917.524658203125
2026-01-29,914.9669494914904,924.0172745375145,909.310503842987,920.2791137695312
2026-01-30,914.8685955943554,923.6238136980638,912.6552038308206,914.1307983398438
2026-02-02,900.1126164754811,914.6718030723491,894.5053455447564,912.9994506835938
2026-02-03,967.7440559401642,977.8272849855383,929.6245315003357,933.2643432617188
2026-02-04,937.0024986247718,941.62604002273,932.5265406922532,937.5927124023438
2026-02-05,940.4455315704454,940.4947060438036,931.2968579683982,934.248046875
2026-02-06,929.6245335781572,932.674071523322,922.3449100391202,925.7879638671875
2026-02-09,929.6245151050697,934.5431633331389,920.1315000080592,922.0006103515625
2026-02-10,914.868578036692,925.5912552799808,914.8194035624206,917.2295532226562
2026-02-11,916.098249190927,920.7709650928405,910.2450456843219,912.0157470703125
2026-02-12,911.9174149760892,913.4913584500406,903.5557126812706,905.6215209960938
2026-02-13,898.1451529282086,913.097855324917,886.3403973585059,889.1932373046875
2026-02-16,889.1932346170704,914.3766890728148,887.4224732532938,910.7368774414062
2026-02-17,907.9824677389611,912.9994649414832,903.6540332583628,910.6385498046875
2026-02-18,908.1792516728873,910.4418179261975,904.5886143276533,909.6548461914062
2026-02-19,913.8848827326366,914.0816406792112,897.6041683586819,900.702880859375
2026-02-20,896.1777087970013,902.9162328649714,893.6200357305538,897.0138549804688
2026-02-23,901.5882362795462,910.5893867142319,900.3585742006053,908.5726928710938
2026-02-24,912.8519465614362,912.8519465614362,894.3578410316289,895.6858520507812
2026-02-25,895.7350222932594,901.0963609031212,888.4062243801156,892.8330078125
2026-02-26,897.1614323550999,897.1614323550999,880.4380284625158,883.9794311523438
2026-02-27,883.9794733683615,884.3238147843207,870.6007736322075,873.3060302734375
2026-03-02,861.9439110956672,873.3059762779105,857.3695443137591,865.0918579101562
2026-03-04,834.202743374385,864.993469417403,834.202743374385,854.5167846679688
2026-03-05,859.6321193633155,867.0593261570968,849.4505416361635,863.4686889648438
2026-03-06,853.9264946975441,857.5171318697022,841.1871839599715,843.10546875
2026-03-09,811.5769775858611,828.7430723323081,808.1339237415574,827.0215454101562
2026-03-10,836.2193641547399,842.8595391904452,826.923107096334,835.629150390625
2026-03-11,831.2515482012323,835.0388833093358,814.1346283989498,820.38134765625
2026-03-12,806.7566625998296,822.7915039414563,806.7566625998296,819.2008666992188
2026-03-13,806.6583423777922,810.3965031755142,798.7885048911796,803.7071533203125
2026-03-16,803.7071599773169,830.7597265616207,802.3791489072894,826.9231567382812
2026-03-17,833.907625869114,835.0881134427475,821.5125964091002,831.5958251953125
2026-03-18,831.5958180920426,833.0222380629118,818.0695356894909,829.333251953125
2026-03-19,757.4718247668609,802.3791069663046,757.4718247668609,785.2130126953125
2026-03-20,772.2277890336613,780.8354236248008,765.5384393026802,767.7518310546875
2026-03-23,750.7333447737776,756.1930326018271,728.9928823726722,732.04248046875
2026-03-24,742.7158864237038,760.1770877270425,735.5346719806084,752.454833984375
2026-03-25,755.7011518436857,781.8683373030494,755.7011518436857,769.5717163085938
2026-03-27,760.6197661066401,762.2921184952538,742.2731843894259,743.8963623046875
2026-03-30,733.0753333889118,738.7809532430898,714.8271607333363,719.6473999023438
2026-04-01,730.9111370884557,743.6012737142313,727.0745673991486,730.17333984375
2026-04-02,718.1226435138951,742.7158847301245,714.8271732077576,738.6826171875
2026-04-06,746.6508105088765,760.1770933079504,732.8785952952741,758.45556640625
2026-04-07,753.5368922732654,761.4067292682865,748.6182441513773,759.4392700195312
2026-04-08,786.9837533249241,804.4941298279846,783.0488345582994,802.82177734375
2026-04-09,801.7397031581198,805.674621946626,780.1959987742106,784.72119140625
2026-04-10,790.9186649096054,799.0344347920734,787.9674758614352,797.1161499023438
2026-04-13,778.6220116333144,785.5081191272287,774.5395096022282,781.7699584960938
2026-04-15,791.8531825431569,801.5428954413671,790.9186273804953,796.72265625
2026-04-16,804.6908427624061,806.7074765090769,779.3106301457999,782.5077514648438
2026-04-17,777.2447773125524,790.8694690755784,775.3757269911107,786.8853759765625
2026-04-20,784.130869340026,796.7718311959621,777.146412936798,782.5077514648438
2026-04-21,782.2618278432276,801.6413139109341,782.2618278432276,798.5425415039062
2026-04-22,796.8210214869076,799.8213849297669,785.0162656130275,786.8853759765625
2026-04-23,779.1138736217773,783.6882404572269,769.7684420568696,771.5883178710938
2026-04-24,764.6530532653331,774.7854567622786,764.3579463755373,772.0802001953125
2026-04-27,774.6870798664892,780.0975928052393,772.227755803421,776.9496459960938
2026-04-28,772.2277766082829,781.5732082997206,765.6367759332712,769.817626953125
2026-04-29,772.7196209849993,777.1464043006358,764.7022005187322,766.3253784179688
2026-04-30,757.4718126650201,766.1286213727735,749.847908057028,759.1441650390625
2026-05-01,759.1441650390625,759.1441650390625,759.1441650390625,759.1441650390625
2026-05-04,760.0295232783589,773.8017387354295,760.0295232783589,766.7189331054688
2026-05-05,761.8002432312857,764.2595672860843,751.2743242683289,759.734375
2026-05-06,762.5380651832903,785.9508189360297,760.9148872376333,783.58984375
2026-05-07,781.0813276889071,788.5084744009563,775.7199891869062,783.0979614257812
2026-05-08,771.2440360478325,775.9167518274592,764.5546865191014,768.145263671875
2026-05-11,759.3901026416063,762.2428825536997,749.5036318326614,751.2251586914062
2026-05-12,744.2898305325124,747.3394284783378,735.6330216051203,738.2399291992188
2026-05-13,739.7647228184694,747.5853858194506,735.1903557682459,737.4037475585938
2026-05-14,738.7810009702333,765.6368096362314,734.846082190099,757.0291748046875
2026-05-15,760.4230253238243,769.1782432932904,752.9467039429112,755.0125122070312
2026-05-18,746.6507839481793,761.5050772404568,739.1252283144738,756.143798828125
2026-05-19,754.2255287138954,758.2587962302428,747.8804605130283,750.044677734375
2026-05-20,747.2410491475586,749.8479568451309,742.8635000569833,747.1427001953125
2026-05-21,754.5206547496631,755.7503168336749,742.8634822100684,746.7984008789062
2026-05-22,746.7984174780529,762.390509033052,746.7984174780529,754.3239135742188
2026-05-25,763.3742255318324,775.0313981291084,762.5872538025895,774.0476684570312
2026-05-26,771.2932224692265,777.9825721015808,764.1120080103449,766.22705078125
2026-05-27,756.9799611769273,761.3083956280444,744.584991677417,746.3065185546875
2026-05-28,746.3065185546875,746.3065185546875,746.3065185546875,746.3065185546875
2026-05-29,733.9115075895189,748.1264133157719,725.7465633447872,732.4359130859375
2026-06-01,736.8135126590627,740.1089829912345,727.1729740345589,730.6160278320312
2026-06-02,725.0087855549667,741.3386744827858,721.2214502442791,736.0757446289062
2026-06-03,732.3375535846441,744.5849997963322,730.5176176978582,741.3878784179688
2026-06-04,736.9610714527732,744.9784318589446,732.8785694984622,741.9288940429688
2026-06-05,741.6829610502508,746.355676758121,732.5342875674706,734.8952026367188
2026-06-08,725.9925096938186,729.4355636015806,722.5494557860566,726.6319580078125
2026-06-09,727.4189306755471,731.8457142768752,720.3852393810432,726.3367919921875
2026-06-10,724.5169081730804,743.6504624272108,724.418559222074,734.698486328125
2026-06-11,730.9111639255492,743.699649970007,728.0583237911012,732.485107421875
2026-06-12,742.4207572291352,761.8494172504803,740.8467538097462,759.8819580078125
2026-06-15,777.1464134002696,780.5894671305239,762.980682607529,764.7022094726562
2026-06-16,767.8010209255166,774.8838866823837,766.7681167622869,772.1294555664062
2026-06-17,774.8346784396643,781.376444549763,770.3586605239058,774.2935791015625
2026-06-18,773.7033792240301,789.8857441736253,773.4082723338255,786.0
2026-06-19,788.7000122070312,789.0499877929688,776.2000122070312,779.7999877929688
2026-06-22,789.9000244140625,789.9000244140625,783.0999755859375,786.4000244140625
2026-06-23,783.0499877929688,790.9000244140625,772.5499877929688,774.6500244140625
2026-06-24,773.0,794.9000244140625,772.6500244140625,793.2000122070312
2026-06-25,798.5,804.4500122070312,794.75,796.2999877929688
2026-06-26,796.2999877929688,796.2999877929688,796.2999877929688,796.2999877929688
2026-06-29,800.0,805.9000244140625,793.2999877929688,798.9000244140625
2026-06-30,806.0999755859375,806.0999755859375,792.75,797.9500122070312
2026-07-01,793.5,802.25,793.5,796.1500244140625
2026-07-02,795.0,805.4500122070312,794.0,795.9000244140625
