date,open,high,low,close
2021-07-02,611.5043209840059,620.3057039680308,611.5043209840059,619.2418212890625
2021-07-05,621.6597745189683,627.2211027235332,620.1606456790087,626.5924072265625
2021-07-06,624.0294033649028,633.5078293099217,624.0294033649028,628.9620361328125
2021-07-07,629.5423916613154,633.2660400670603,624.7064539746634,632.5406494140625
2021-07-08,629.1554967770891,632.5406531778881,617.1623476298522,620.8377075195312
2021-07-09,618.5164351893227,620.1123182519674,613.0034543748918,617.5975952148438
2021-07-12,624.803186011545,628.9137332879367,621.321334284521,625.0449829101562
2021-07-13,633.6528617132667,644.4853135893917,631.5733851476625,643.1312866210938
2021-07-14,640.2780974412732,646.0812221914962,636.6027969059528,642.5509643554688
2021-07-15,643.2763903345876,647.6287341366685,639.4076402882935,645.54931640625
2021-07-16,645.5493872475801,645.8395317264038,636.1193079748996,638.6339721679688
2021-07-19,624.4647443262029,635.3456056411936,624.3679901394881,634.37841796875
2021-07-20,627.366223435358,629.8808874344031,618.1295351729377,620.8377075195312
2021-07-22,631.0898878626158,638.6339390834501,627.0276882721836,634.4266967773438
2021-07-23,634.4267147427613,655.608087653661,629.3973274423037,654.447509765625
2021-07-26,657.6875490626154,665.1832527467849,641.8256492663627,654.544189453125
2021-07-27,657.8326094935254,663.1037342047175,651.2073396209524,655.22119140625
2021-07-28,655.6564826169622,664.4578659621436,648.0640247116105,662.5718383789062
2021-07-29,671.738525390625,671.738525390625,662.6203181147575,666.888427734375
2021-07-30,666.4034794063358,667.0340158418967,657.6733028202266,662.0383911132812
2021-08-02,663.5418296380883,667.4219076527314,657.3822294719592,660.9713134765625
2021-08-03,662.5233091697539,671.1565062802903,656.3637091136156,669.7014770507812
2021-08-04,673.1935601400174,695.8920410372308,672.417556349791,693.2244873046875
2021-08-05,694.048940167475,695.0189596505882,678.0921078292052,681.3901977539062
2021-08-06,683.9122396680449,684.8337700381915,674.842580984925,676.734130859375
2021-08-09,676.4916392046472,685.1247774384981,673.5330322944652,681.7781982421875
2021-08-10,682.9907339113992,687.0648278173533,676.3946128854847,679.88671875
2021-08-11,685.0763408087723,685.9493821287363,669.3135223476855,672.757080078125
2021-08-12,672.7086117923737,681.8753091149592,672.5145960257789,680.3232421875
2021-08-13,685.8523438969164,688.6169352702516,679.9837371788716,683.6697998046875
2021-08-16,681.3417846529414,686.1918826097383,677.7042111853438,681.5842895507812
2021-08-17,678.8196223814891,681.8267183020483,670.7684725134202,680.1776733398438
2021-08-18,679.8381619358785,679.8381619358785,663.1053250921738,667.6644287109375
2021-08-20,663.3478233200453,663.8813814188723,655.1026574217951,660.2922973632812
2021-08-23,669.2649409175282,669.2649409175282,653.647592026529,662.2322998046875
2021-08-24,662.7658354785066,676.346108726511,660.001303535137,673.6300659179688
2021-08-25,678.9651675317158,679.4501772864774,666.5489296508792,670.3319702148438
2021-08-26,671.302038247598,680.5172242541614,669.3135099503988,677.8496704101562
2021-08-27,675.2305841643647,679.4502047243641,668.3919581871249,678.7711791992188
2021-08-30,683.3788135104711,693.5640193896194,679.8867666054539,692.2545166015625
2021-08-31,692.593966767437,698.3171058612189,688.0833521252788,697.4925537109375
2021-09-01,705.7862422805786,712.7703952911427,695.6980738922512,698.317138671875
2021-09-02,700.6450768553976,706.2226890110181,695.9889950708947,703.40966796875
2021-09-03,703.02166467893,709.8602906246755,699.4810696603816,702.5851440429688
2021-09-06,703.6522464146018,706.1742737100183,698.414116856062,699.5296630859375
2021-09-07,699.2871216814693,700.7906401523801,690.3144407874563,695.4070434570312
2021-09-08,695.0189726673069,701.0815945503086,693.5639434153866,699.3355712890625
2021-09-09,699.1901151493518,702.1972114295646,696.0860405913536,698.6566162109375
2021-09-13,696.377038476369,696.377038476369,684.057778706787,686.1918334960938
2021-09-14,691.8664581086772,692.5939727859734,685.3188260130114,686.2403564453125
2021-09-15,685.9007692238437,694.5339665120459,685.1247654598607,692.9334106445312
2021-09-16,698.4140411072442,707.5322481038166,691.4783779891319,705.398193359375
2021-09-17,710.9273811188644,712.3824105037124,692.5939871876604,698.5596313476562
2021-09-20,688.7138061523438,698.802032065423,685.3187380938463,688.7138061523438
2021-09-21,689.8293345511488,693.078875927617,673.5815092582341,690.50830078125
2021-09-22,693.5639963636635,693.5639963636635,681.1962467781576,682.2632446289062
2021-09-23,689.6838504041089,698.41402572568,685.9492990875531,695.5039672851562
2021-09-24,700.9360924051521,702.8761314754186,695.0674860586548,701.275634765625
2021-09-27,702.779150390625,709.8117919921875,700.6450955808162,708.1142578125
2021-09-28,712.0913199559708,713.3523927210091,685.415782631291,695.6495361328125
2021-09-29,686.1433160876496,690.6054416128642,680.2747095564644,688.2288818359375
2021-09-30,688.3258670863279,692.4969986251765,677.8496675120839,679.8381958007812
2021-10-01,672.2234928807449,674.0180052185848,667.2764172646043,671.5929565429688
2021-10-04,676.1520566030433,682.2631673947919,673.2419982064688,679.2076416015625
2021-10-05,672.2235659802233,678.0436834345975,671.1080197860163,676.2006225585938
2021-10-06,675.7156064520935,683.8637944941421,667.712945027162,668.8284912109375
2021-10-07,676.6370907187762,683.815258704445,672.6600344489249,681.147705078125
2021-10-08,684.833733437251,688.7138112470939,677.3645718122459,682.3117065429688
2021-10-11,680.953768242842,697.8321331891003,679.3047230598837,691.9149780273438
2021-10-12,685.3188175717172,691.6239446972885,683.2818001824968,687.3558349609375
2021-10-13,692.4483847012314,694.4369720068885,686.7253052710378,688.6653442382812
2021-10-14,688.9563574078832,707.9202269991712,687.7923221540975,705.4951782226562
2021-10-18,716.8444363768378,726.447653455614,710.1027887674178,723.10107421875
2021-10-19,732.364711938483,732.364711938483,716.6018952908004,725.0410766601562
2021-10-20,724.3621160046894,734.741337274942,719.6575447586221,723.4890747070312
2021-10-21,726.4476264344589,737.0692925835626,715.2924021967076,732.8497314453125
2021-10-22,735.7597628720237,742.8893822447653,730.7641389541915,736.5357666015625
2021-10-25,776.0156276682939,841.0069364855135,774.4636200950748,816.4654541015625
2021-10-26,803.8552151946809,816.4654693802694,797.6955555116205,804.5342407226562
2021-10-27,803.9036865234375,823.54658203125,799.4901094973087,809.96630859375
2021-10-28,805.2131540654456,807.0077256431113,772.378018047821,774.7545776367188
2021-10-29,774.0755831442972,784.5032930676069,760.3983314851432,778.004150390625
2021-11-01,783.4847683435156,785.4248073592453,769.2254697368435,779.7987060546875
2021-11-02,784.7457789574072,785.7157984616808,774.0755644103967,776.9371337890625
2021-11-03,781.8357200296188,781.8357200296188,757.0517335496389,762.3868408203125
2021-11-04,764.86043165069,765.3454414361375,755.6452457271877,758.6522827148438
2021-11-08,769.2254691722987,769.2254691722987,749.9706056374293,756.7607421875
2021-11-09,760.495334036635,764.9574003246298,755.8392519958371,762.9688720703125
2021-11-10,759.0887779652497,760.7863121575199,749.9220814859318,757.48828125
2021-11-11,753.4142583300452,753.7052523779342,743.132014730667,748.3216552734375
2021-11-12,749.5340980513727,756.5182504653758,748.0790687653425,753.317138671875
2021-11-15,753.7052342876302,761.0288704760063,748.4186155908851,750.1161499023438
2021-11-16,750.1161135428322,752.4926733047377,739.1549043612118,741.1434326171875
2021-11-17,738.0878578031025,748.8065613872471,733.6257326006576,738.475830078125
2021-11-18,741.9679932427853,744.4900204442565,733.7228268925884,740.0279541015625
2021-11-22,745.2659566034415,747.351522173044,718.0569219589233,729.4546508789062
2021-11-23,718.7359659573292,735.2262975856127,709.278275758755,729.3091430664062
2021-11-24,727.7571681382037,749.0975982602171,724.3136105732106,737.4088745117188
2021-11-25,732.2677527313655,732.31624186587,722.9555299001058,728.5331420898438
2021-11-26,716.8444114844465,719.802959122451,697.0559899751541,700.548095703125
2021-11-29,704.9616382713865,705.9316577254923,689.1988221421674,696.8619995117188
2021-11-30,695.2614811417723,710.3452726237059,689.7808472490506,692.9334106445312
2021-12-01,694.9220306508784,710.7818266420423,693.5639795961246,705.8832397460938
2021-12-02,702.8761220492831,705.3011708545943,693.7579740644888,700.7421264648438
2021-12-03,698.8991062776062,707.6292824837109,693.6609768718247,694.8250122070312
2021-12-06,697.4440401239817,705.0101805958118,686.2888155601072,688.27734375
2021-12-07,695.5040093861126,718.735989183653,690.6539116916487,712.6248779296875
2021-12-08,725.4776366777609,736.0508141264423,721.7915150664559,730.812744140625
2021-12-09,736.2932519916914,740.1248406618637,725.9625803680117,732.3646850585938
2021-12-10,733.8197510248752,737.0208035306538,728.5331329140408,735.2747802734375
2021-12-13,740.1248899910115,746.624032582974,729.9396850828783,731.3947143554688
2021-12-14,728.533211001736,741.4344598807473,723.9256178874251,735.9053955078125
2021-12-15,734.8867854867298,736.7298463090547,728.3877018828672,729.6972045898438
2021-12-16,735.1778196752333,735.1778196752333,716.7959378855409,718.9299926757812
2021-12-17,719.7544893273117,719.7544893273117,704.282666024298,706.4652099609375
2021-12-20,696.5709675066236,698.6080439454036,677.2676153057263,688.6653442382812
2021-12-21,698.4140568879703,707.0957434639558,694.6795054047839,698.7535400390625
2021-12-22,704.4767059838692,712.9158880033236,698.4625728662525,710.830322265625
2021-12-23,716.8929569013119,717.3294775522406,706.1257632733157,709.3753051757812
2021-12-24,711.8973889628089,711.8973889628089,698.0260616918899,705.3012084960938
2021-12-27,702.2940925929857,716.6018797003704,694.6309151381012,713.934326171875
2021-12-28,718.2024817946877,720.1910099848699,710.539303845837,713.7403564453125
2021-12-29,715.8744046334617,722.6160521279113,709.9573092528904,713.6433715820312
2021-12-30,711.3153010555776,718.2994534296456,707.1442289672,713.6433715820312
2021-12-31,714.4679159315479,723.8771177792522,714.4679159315479,717.9600219726562
2022-01-03,720.772979859294,743.034939294085,720.7244907252026,741.77392578125
2022-01-04,744.9265052853369,754.6751896603275,740.7068848328263,749.6795654296875
2022-01-05,749.8251068763901,771.9900297558837,748.0790835397291,764.4238891601562
2022-01-06,751.8136592372482,768.7405126502274,750.7951505252694,761.5138549804688
2022-01-07,768.4494479246886,778.2466210419217,762.67782014738,769.4679565429688
2022-01-10,776.2581539806891,788.431887634735,775.0456295289855,786.443359375
2022-01-11,785.4732722642977,790.2748805211734,777.8586430445617,786.3463134765625
2022-01-12,794.0579645991324,800.7026339113712,787.7043485105037,799.0535888671875
2022-01-13,796.3860136465046,803.1761501818585,792.8939671104393,799.97509765625
2022-01-14,796.3860351562499,797.3560546875,787.2678278803825,795.416015625
2022-01-17,795.4160250326835,804.0492226450341,790.1294066837855,794.7369995117188
2022-01-18,796.38601737993,810.9363100238994,793.669974594114,798.4230346679688
2022-01-19,791.5359564713497,796.3860542438456,779.1682071514848,784.3577880859375
2022-01-20,778.9257319849679,788.5774387615821,771.5536067715879,785.9583740234375
2022-01-21,778.9256470409367,787.0252860646632,771.6505008979641,780.3806762695312
2022-01-24,788.6259190532194,792.2150033426144,759.8163256674114,774.5121459960938
2022-01-25,765.3453796391933,780.1866660344843,762.4838102950481,777.6161499023438
2022-01-27,763.3083983827408,777.4706599600323,757.6337485604175,770.8260498046875
2022-01-28,779.6532542601936,781.6902717400607,755.1602593363119,757.7308349609375
2022-01-31,765.2969548408923,774.7546456885359,760.4953461079525,765.1514282226562
2022-02-01,778.0041141709688,788.4803127418924,765.6363657679349,786.0067749023438
2022-02-02,790.5658568398378,794.1549406690028,784.6002135018141,789.3533325195312
2022-02-03,789.6444026820711,793.8640232469231,781.8357571471566,784.6973266601562
2022-02-04,785.5218385784158,787.6558934806294,771.9415645528877,780.9142456054688
2022-02-07,774.1240559952004,780.8657034123029,758.021755855399,762.8233642578125
2022-02-08,766.3154296875,771.8445528566837,751.0861112058162,768.740478515625
2022-02-09,773.348092746373,780.1382296535221,770.3895449350314,778.731689453125
2022-02-10,781.7872286242942,784.5517605198588,772.4265167580988,781.3507080078125
2022-02-11,772.9599754634849,773.493533525501,764.2783487455761,767.0913696289062
2022-02-14,748.8550434902812,750.7465933297927,728.6301608812416,731.1036987304688
2022-02-15,730.3762033282566,754.6751802603627,720.9185130872045,752.7836303710938
2022-02-16,752.4441841678203,754.238696670831,737.6028967480834,741.1434326171875
2022-02-17,743.5199649675193,744.2474796103446,723.9255587463642,727.8541259765625
2022-02-18,724.4590444841016,734.1107504113271,723.1980309671683,726.4476318359375
2022-02-21,723.8770658978235,740.0279145678118,717.8144439053794,731.8312377929688
2022-02-22,716.2624787902446,736.9723730612117,715.631942383559,728.7756958007812
2022-02-23,731.9767460218848,733.7228286173266,720.4335486276524,722.2765502929688
2022-02-24,691.5269408667141,705.3011707138996,681.2446984110699,686.1918334960938
2022-02-25,703.2156439894683,717.1354000457194,698.6565405267843,708.1627197265625
2022-02-28,701.2756465733906,722.42206095429,693.9520108008815,720.4335327148438
2022-03-02,695.5040227620968,703.2156900856645,686.5313418547755,693.41845703125
2022-03-03,696.0859890579119,700.3056095245371,672.6600529984909,677.3646240234375
2022-03-04,670.2835055337035,685.3672976160152,664.4633882642357,667.4219360351562
2022-03-07,643.6079589843749,647.00302734375,622.8980656743049,634.1502685546875
2022-03-08,624.0135526120663,649.3795870363712,623.72255859375,645.06298828125
2022-03-09,644.7720213722183,654.2782013370947,638.2728783985298,647.4395751953125
2022-03-10,673.1450597932595,679.983685589009,653.4536753184026,656.315185546875
2022-03-11,654.4236695822449,664.1723535705743,650.4950433016918,657.5762329101562
2022-03-14,657.7702140371608,677.5101468285675,656.9457211257647,675.2791137695312
2022-03-15,680.4687200830572,686.8708254851132,667.3734560472463,676.443115234375
2022-03-16,685.7068668869402,690.0719550103265,680.2262325610145,686.7738647460938
2022-03-17,696.2799534211983,703.264105342903,694.7279459742814,698.510986328125
2022-03-21,699.3841067973971,701.2271676541549,684.3488035306015,689.44140625
2022-03-22,687.4043552277658,699.3840725949519,678.5286529544644,696.6680297851562
2022-03-23,703.2642189271527,705.0102423882569,692.8365080947846,696.7650756835938
2022-03-24,681.3902952515019,691.3329963760759,677.073696092944,683.0878295898438
2022-03-25,683.8638064534825,684.930804313348,675.7641666123579,678.2861938476562
2022-03-28,680.9537053887425,692.0119516370017,674.794105097614,689.0533447265625
2022-03-29,692.8849609072935,695.4555364272713,684.6882837719272,693.85498046875
2022-03-30,699.4325767058435,709.8117976134745,697.5410267638673,708.9873046875
2022-03-31,717.7174349072195,717.7174349072195,705.9801637091923,708.4052124023438
2022-04-01,703.26416015625,716.1654080808163,701.4210993647575,714.1768798828125
2022-04-04,719.7544866073363,727.3206270513682,703.2641547039336,724.216552734375
2022-04-05,724.4105221128956,732.8012141382112,715.8743626915073,719.5604248046875
2022-04-06,710.345345618719,722.5676281772567,710.1513298564631,719.3665161132812
2022-04-07,715.0014181190587,735.0808355296261,715.0014181190587,726.108154296875
2022-04-08,727.369131169894,733.334775045837,721.3065090216976,731.6857299804688
2022-04-11,729.7456517780823,742.5014317762851,729.1151746316407,736.8267822265625
2022-04-12,734.3047916894062,745.8480478960997,727.757159795214,740.9494018554688
2022-04-13,746.5270198926197,749.3885893981088,737.8938814451427,739.3973999023438
2022-04-18,728.4846893815499,740.0279458248403,726.7386660150366,735.080810546875
2022-04-19,738.9609006803395,754.5782513670702,734.3048185595942,743.3259887695312
2022-04-20,743.8109742610528,746.9150486419223,731.2007201930724,732.8982543945312
2022-04-21,736.2933320721821,741.288956467235,728.6787022404092,739.494384765625
2022-04-22,734.3047661218444,736.0992785260227,723.5375732861904,725.235107421875
2022-04-25,725.2351047451931,739.3488766658785,721.6945098788588,729.648681640625
2022-04-26,744.9749378109452,745.5084366675386,729.1151434810699,731.1521606445312
2022-04-27,726.5446317605009,727.5146512955616,710.5877985676929,714.6134033203125
2022-04-28,716.9413570414771,729.3576534562591,712.6248178217279,724.7500610351562
2022-04-29,727.6116238754458,737.1663517442317,717.9114286007149,721.0155029296875
2022-05-02,710.0543692276062,721.5005890216362,709.1813278784033,718.7845458984375
2022-05-04,723.8286866757493,724.6046905675591,699.5297058813112,702.5367431640625
2022-05-05,708.8902955029491,720.7245461912948,704.7192231601288,706.9502563476562
2022-05-06,694.7764649455813,701.3240965523983,689.004837095551,697.6865234375
2022-05-09,684.1547579747249,698.4140568089666,683.3302650619983,689.0533447265625
2022-05-10,683.8637425509091,698.4140349456094,683.8637425509091,689.974853515625
2022-05-11,696.474087619717,698.2201110958097,685.9493984178897,692.7880249023438
2022-05-12,686.3372425742325,689.3928274907596,672.5144655614166,674.9395141601562
2022-05-13,681.3416986342818,681.3416986342818,654.7631415044303,657.0426635742188
2022-05-16,656.4122044490664,670.2349822600079,655.4906740872786,662.5233154296875
2022-05-17,665.5303177279171,690.6538450429138,664.6088466191271,688.7138061523438
2022-05-18,690.9934083360105,695.5040229620245,684.9307860995912,686.143310546875
2022-05-19,672.3205964043085,677.752741972914,665.045449022043,669.6045532226562
2022-05-20,673.9695557224218,690.5569251623157,672.9025579245164,688.27734375
2022-05-23,688.2773924810416,704.1857375371053,686.240375011619,689.732421875
2022-05-24,689.7323324639221,695.8434432852948,684.8822351127866,686.9193115234375
2022-05-25,690.702426335335,699.2385867517748,690.2659056856536,691.9634399414062
2022-05-26,701.3241332086211,711.024328688685,694.0004974622318,706.6592407226562
2022-05-27,711.5578004198139,718.9784733607349,709.3267673856765,717.6204223632812
2022-05-30,726.3021362345459,729.4062106277925,721.9855374068509,726.0596313476562
2022-05-31,718.7844671298695,734.0137854944626,718.2994573679736,730.2791748046875
2022-06-01,725.5746513499096,732.9467765317738,721.8885887589776,730.0852661132812
2022-06-02,728.5331693324507,729.2121948567817,720.9185395664465,727.2721557617188
2022-06-03,733.4803017861097,734.304794716289,718.9784977640621,721.9855346679688
2022-06-06,718.0085051721869,728.4362156603112,717.4264579008345,724.3621215820312
2022-06-07,718.7845218662338,720.6760719227308,710.3938286643537,713.2069091796875
2022-06-08,714.5163260591181,718.7844354578532,704.6706638496377,707.6292114257812
2022-06-09,703.2641480783276,712.0913019789867,700.4996161438609,710.7817993164062
2022-06-10,703.0216552734374,706.4652127683163,696.4740234375,698.4140625
2022-06-13,681.1961909005809,681.2446800343107,661.6502743788106,667.3734130859375
2022-06-14,661.9413275034606,673.8240663249896,660.2437933860992,664.9483642578125
2022-06-15,666.8884399458468,675.4730892724864,665.530388895112,666.6459350585938
2022-06-16,679.0136844688421,679.0621736052452,656.0242093107667,658.1582641601562
2022-06-17,651.1255929345484,671.8840340301465,649.8645794187131,666.2578735351562
2022-06-20,665.4334378688459,667.1794612875005,657.2852496413942,665.3849487304688
2022-06-21,669.8469941130473,686.7738472456844,667.9554441333879,675.2305908203125
2022-06-22,673.4360538929959,677.9466683573997,664.5603515747664,666.015380859375
2022-06-23,669.5075219542216,684.8338193855298,666.4034474757209,678.189208984375
2022-06-24,689.5868869182846,693.8064480653665,685.3672665659108,692.0604248046875
2022-06-27,706.9987307701259,706.9987307701259,694.6309814125542,695.843505859375
2022-06-28,689.7323363841491,695.7949581075266,685.8037693484586,689.0048217773438
2022-06-29,683.8152681505,685.5128022997893,679.9351900949814,681.6812133789062
2022-06-30,681.6812041152125,690.5569062287119,680.1776857301896,685.997802734375
2022-07-01,682.3602323115849,685.5612848355172,673.2905144209359,682.7967529296875
2022-07-04,683.7181896295328,699.4810057837703,683.7181896295328,698.510986328125
2022-07-05,701.3726007825674,710.1998139212261,696.5709923264933,697.8805541992188
2022-07-06,701.3240995748685,709.9572968202166,700.3540800733817,704.1856689453125
2022-07-07,713.8859100794957,721.6945557298686,711.024340524185,719.7545166015625
2022-07-08,728.775713321925,734.7898466803683,722.2280810247731,733.0438232421875
2022-07-11,732.3647700477684,748.4185819739815,732.3647700477684,746.4300537109375
2022-07-12,742.4044179205171,744.4414944411,734.9838040959955,737.1178588867188
2022-07-13,741.8224269796456,741.8224269796456,727.4176608080226,730.6187133789062
2022-07-14,727.5146418662545,736.7298273298937,726.3506065982099,729.8427124023438
2022-07-15,730.6671780080716,736.2447900539347,721.8885134986842,728.6786499023438
2022-07-18,736.4873531124134,749.9706487184862,735.129302042271,748.8551025390625
2022-07-19,744.7810017811212,758.555291290108,744.1505245941465,757.2457885742188
2022-07-20,765.8304634884114,765.8789526266736,756.9062714521735,759.622314453125
2022-07-21,761.3683659501904,765.2969332735929,756.712224761408,762.4353637695312
2022-07-22,765.4423615783869,779.7986975015549,765.4423615783869,776.0640869140625
2022-07-25,778.925628028038,793.2819042253549,773.2024895198133,776.8886108398438
2022-07-26,777.5676666066537,778.7317019361692,767.916019212441,772.4265747070312
2022-07-27,771.1655030974293,779.701662862984,770.8260199542831,776.5006103515625
2022-07-28,782.7572428364289,791.0508976723771,781.1566869885742,790.1778564453125
2022-07-29,796.0465708488148,798.7141246229065,783.7757998058745,794.0579833984375
2022-08-01,796.0949858992641,800.2660577531622,792.7968960397413,798.7140502929688
2022-08-02,795.4160645874732,797.3561037693938,787.8499236190421,793.2335205078125
2022-08-03,793.2334567936133,803.1761568023379,787.2193239716678,800.0720825195312
2022-08-04,799.2960814871609,805.0677094506085,784.1152523738859,795.6585083007812
2022-08-05,798.4231031950561,815.6894993120746,798.4231031950561,813.0704345703125
2022-08-08,816.3882174189047,821.9505207188839,811.069933828099,816.7297973632812
2022-08-10,821.8042265163255,832.3920737355025,821.8042265163255,828.2447509765625
2022-08-11,839.2716961670366,845.5658799495219,837.3687950848084,838.93017578125
2022-08-12,843.0774784715667,856.0561462344785,837.7591354144198,853.2750244140625
2022-08-16,860.1547348322915,863.1310368403135,855.2267515651621,858.0078735351562
2022-08-17,860.4962130919745,864.106835156637,857.1783908503086,861.9111938476562
2022-08-18,859.276428878953,866.2049328790207,853.909305576073,863.7164916992188
2022-08-19,863.6189534069804,865.4730744193198,843.4190405507679,849.3717041015625
2022-08-22,844.6387624066966,846.4441031311904,829.0740939751595,831.6600952148438
2022-08-23,824.926856148958,847.0296703338628,822.4384744443109,843.0287475585938
2022-08-24,836.3441890909899,854.202060474313,836.3441890909899,852.2015991210938
2022-08-25,852.2015966285933,860.1547214600488,845.7610723978989,851.2745361328125
2022-08-26,853.0310514850003,856.3000935449566,846.3465078959074,849.8107299804688
2022-08-29,829.5132931497114,840.198759670883,826.53699122095,835.1731567382812
2022-08-30,839.7108264248318,869.2300042276803,838.3446257766652,865.8633422851562
2022-09-01,842.1503691707358,864.3019608976554,842.1503691707358,853.2261352539062
2022-09-02,852.9822456312818,860.0083098715986,846.053801187429,851.3233642578125
2022-09-05,850.4938677754845,864.4972162001684,850.4938677754845,861.1305541992188
2022-09-06,861.1792732309683,868.4492971380652,856.8855510472846,862.301513671875
2022-09-07,857.324756787144,861.3257390281522,851.4209330033636,855.0315551757812
2022-09-08,864.1068423208869,879.0371914336259,864.1068423208869,877.0855102539062
2022-09-09,888.1613233024965,889.9178244256609,876.0120962296875,879.476318359375
2022-09-12,883.1845116863607,886.9415336840817,880.98887036478,885.2825927734375
2022-09-13,891.8695359284446,891.8695359284446,883.4284908418431,888.0149536132812
2022-09-14,876.5488379819374,899.9690128904444,876.3536579455829,895.9192504882812
2022-09-15,897.7733155832948,914.0210847384641,893.6259932015241,895.4312744140625
2022-09-16,892.7965807927752,895.4313027407838,883.330915145174,887.1366577148438
2022-09-19,883.0869132125273,890.4544974160177,873.71880824309,877.475830078125
2022-09-20,887.2342830774511,900.2129511108898,885.4289422358922,894.6018676757812
2022-09-21,889.9665797425566,894.8457824823732,883.7700160872216,893.1380615234375
2022-09-22,884.1116247444652,889.6739283354383,873.6701179264254,881.574462890625
2022-09-23,879.9154752286213,883.0381770404971,857.5199216916697,860.9353637695312
2022-09-26,848.981282433677,856.6904466386289,838.4422163569614,840.2474975585938
2022-09-27,844.0533279671298,853.71411404585,828.0982986271043,831.952880859375
2022-09-28,823.6094393761035,842.394370309741,823.6094393761035,828.9765625
2022-09-29,837.2711683643056,840.784170421323,820.779439708656,823.5118408203125
2022-09-30,823.511870280738,846.1025434500277,817.2664668886401,841.174560546875
2022-10-03,838.9301969435782,840.1499977244196,825.2684281981548,827.8543701171875
2022-10-04,844.1020481193237,851.5672519066914,839.3204057566129,846.6880493164062
2022-10-06,851.9576577243595,870.1571094607641,851.9576577243595,864.05810546875
2022-10-07,856.0073651218893,863.130989414095,851.7136427635446,861.2280883789062
2022-10-10,850.933002884002,868.3029536454349,849.6644220165898,860.4474487304688
2022-10-11,861.9111794381765,861.9111794381765,844.5412292851928,849.5667724609375
2022-10-12,846.9808542844545,850.6402565068132,840.6866705498809,847.3711547851562
2022-10-13,841.5160829256583,844.5412243974098,829.9523961161733,832.9774780273438
2022-10-14,862.4479709434735,862.4479709434735,847.5664007482395,849.225341796875
2022-10-17,850.9329794415917,866.0585083192806,847.5663175534736,863.8140869140625
2022-10-18,874.4020060554508,878.9396889205306,869.6204225874716,875.2315063476562
2022-10-19,878.3053078550508,878.8908479432257,864.1556193526078,870.54736328125
2022-10-20,868.2054068661961,871.7184092551068,858.8373012281268,867.1807861328125
2022-10-21,866.546454336231,888.0149475742908,864.3020328643687,885.2338256835938
2022-10-24,902.6525007513261,910.9471453528248,895.4312569210836,903.9210815429688
2022-10-25,919.2906455454911,920.4616662033744,900.6521134996117,902.7013549804688
2022-10-27,903.6771788960313,911.1423833365191,898.0173153082427,902.0670776367188
2022-10-28,895.8216143723628,905.0920994884167,879.232325217319,885.9168090820312
2022-10-31,890.5520803773597,894.8945828260715,882.7453558171879,886.746337890625
2022-11-01,898.7491899037128,898.7491899037128,877.8173971843925,886.6487426757812
2022-11-02,898.3588476426912,898.5052475593865,880.549756393211,882.843017578125
2022-11-03,879.2811466233138,891.7718941909748,875.3777842858833,886.6975708007812
2022-11-04,884.4042462761049,891.332749664594,878.4516429625804,883.4284057617188
2022-11-07,888.258895965493,897.8709019410512,881.6231918736927,895.333740234375
2022-11-09,897.7733543768877,899.62747534603,883.8676257900718,888.5028686523438
2022-11-10,885.6240764996556,890.8936392775802,882.1110743547595,888.697998046875
2022-11-11,903.5308051085799,905.5800464757256,881.6719525763125,884.6482543945312
2022-11-14,883.135738311916,884.6482793217701,869.7179301331439,873.3285522460938
2022-11-15,878.7931823299733,891.5767290813355,877.0854613928531,889.673828125
2022-11-16,890.5033333770526,895.9192368299623,886.1608307668516,891.5279541015625
2022-11-17,890.942481763275,900.0177875733908,888.3564803085126,897.5781860351562
2022-11-18,897.578167748702,899.7250289707271,888.5516422411323,898.1148681640625
2022-11-21,891.9670624306098,902.4573485738014,891.9670624306098,899.1395263671875
2022-11-22,901.4327522857458,904.1163139298982,898.1637101071026,901.3839721679688
2022-11-23,904.6042558044601,909.3370589927953,901.3839936667877,905.0433959960938
2022-11-24,905.1409813373169,917.9245295652515,905.1409813373169,916.16796875
2022-11-25,917.582868510347,920.1200897078235,905.0921212292191,907.824462890625
2022-11-28,901.6767030234083,920.9983347475077,901.6279229061405,914.7529907226562
2022-11-29,910.9959675424216,926.9509968667758,910.9959675424216,923.8770751953125
2022-11-30,925.1456773495776,935.0504833540824,918.2660129689936,929.8785400390625
2022-12-01,932.9036212569308,933.8794618649401,913.6307692487462,917.4853515625
2022-12-02,905.8239860431103,911.9229894503491,903.7259050467881,908.1171875
2022-12-05,914.3626205552238,914.3626205552238,905.9704154181173,911.0447387695312
2022-12-06,902.6525766407452,907.2878196018734,897.9685535605643,900.359375
2022-12-07,899.7250600423364,910.6544870005209,898.4076990172678,899.8714599609375
2022-12-08,902.6525404024692,910.9959654854242,901.48151978929,909.3858642578125
2022-12-09,909.4833843786498,912.2157259818345,902.7012807053411,907.4341430664062
2022-12-12,902.7012999402709,911.3375246500736,902.7012999402709,907.824462890625
2022-12-13,907.0438603945855,913.2892642150814,905.3849194209615,910.4105224609375
2022-12-14,913.3868077451181,913.4355878633295,897.7733580400733,899.4810791015625
2022-12-15,893.8699973988869,897.6757995963253,883.1357507052321,886.8439331054688
2022-12-16,883.6236941724553,891.6255992841462,877.9150502872375,880.208251953125
2022-12-19,886.0632612266272,888.6004229521618,879.3787769678182,884.5507202148438
2022-12-20,884.1116067771366,890.4057907242563,874.0604602457607,887.7222290039062
2022-12-21,888.2589176484736,893.7236012549803,865.5706234047746,870.6937866210938
2022-12-22,878.7444522871822,882.0134944431401,864.9362840988583,869.1324462890625
2022-12-23,861.7160235243845,868.1566071729486,854.1532589304963,857.6663208007812
2022-12-26,859.8131424263865,875.3290320358716,854.1044986503864,871.620849609375
2022-12-27,876.0120665940304,880.9400494197373,866.7415814436704,878.8908081054688
2022-12-28,874.3531310298059,882.1110752987155,874.157951008085,877.2318725585938
2022-12-29,876.207314018528,901.0424100780956,867.8638290929013,886.112060546875
2022-12-30,886.5511238731773,886.5511238731773,867.0830933355579,869.3275146484375
2023-01-02,872.4015345595462,885.087462914439,872.4015345595462,880.6473999023438
2023-01-03,876.7927916486487,884.0628161348139,875.0850705742079,879.5739135742188
2023-01-04,877.2807356586387,885.9657411818296,873.1821930571263,877.3782958984375
2023-01-05,879.1348111478047,881.184052562088,850.9329942792257,857.9102783203125
2023-01-06,857.7150822158359,857.7150822158359,839.7108117598847,849.078857421875
2023-01-09,853.128646577258,857.5199292876928,841.467339467431,852.2503662109375
2023-01-10,854.2508913830072,857.1784132046618,835.9050403188388,840.540283203125
2023-01-11,842.0528443311998,849.810729146555,834.1972801627661,845.3706665039062
2023-01-12,844.5900418696975,848.3470043668949,834.294935420491,839.8572387695312
2023-01-13,843.8093564017448,853.7629421704522,837.5639529027883,852.3479614257812
2023-01-16,856.05621828147,856.2513983254271,840.2475876903445,844.3461303710938
2023-01-17,846.0050363579256,846.9808769766993,837.3688111454281,844.24853515625
2023-01-18,843.5654250474721,850.9330097218229,837.9055614362097,848.493408203125
2023-01-19,847.029646532359,849.5180281670827,841.1746028927344,845.224365234375
2023-01-20,852.3967365563113,855.3242582617137,844.6387921248788,849.3228149414062
2023-01-23,860.6914050079915,861.9599858696962,843.7117548264578,850.6402587890625
2023-01-24,857.7638806877826,860.3986621992815,847.0296341717808,849.7131958007812
2023-01-25,852.2015435388557,855.616985476424,827.512789445121,834.6364135742188
2023-01-27,818.876621159135,822.6335834514962,793.4559271893047,797.4569091796875
2023-01-30,780.6724821645415,806.2882979855656,776.7691197537189,803.604736328125
2023-01-31,806.0442748819686,818.0471014456981,794.4317487924883,811.8017578125
2023-02-01,823.0727675844201,854.0557066947356,803.2632152779729,827.4640502929688
2023-02-02,808.3863483354639,839.8083668980825,806.1418673862072,837.1736450195312
2023-02-03,843.7605304527782,851.5672546221281,831.5136842636476,842.9310302734375
2023-02-06,840.6866790648273,846.8344629485416,829.1229917492834,833.0751342773438
2023-02-07,834.3437126381102,835.3195532376869,826.7321678735284,832.1480712890625
2023-02-08,831.9040805956793,839.9059851305341,831.3186000816627,838.3446044921875
2023-02-09,837.7591186687812,844.0045220614238,831.0257949973566,840.0035400390625
2023-02-10,834.8803764054466,841.076999677084,831.4161543411412,833.221435546875
2023-02-13,832.7823162892795,838.5397395704434,828.8301145694747,830.0987548828125
2023-02-14,833.2703498541101,846.3465787492145,831.5137890461918,844.3948974609375
2023-02-15,845.4683000864001,852.1527842173793,839.8083770889955,849.761962890625
2023-02-16,854.787605159296,856.5928864866202,843.9557385135968,848.4446411132812
2023-02-17,846.5904820244143,846.5904820244143,834.4900945865224,841.8088989257812
2023-02-20,841.8088986592531,845.6146411781135,829.7084516646102,831.5137329101562
2023-02-21,833.7582903972411,838.6862738575413,826.3906457068396,833.5631103515625
2023-02-22,830.6842687366475,833.4653904817538,814.5828996510032,818.9741821289062
2023-02-23,816.3394563163132,824.048621015575,813.4119344650369,819.462158203125
2023-02-24,823.560652457791,825.1707536453126,815.3635679302187,819.413330078125
2023-02-27,813.4119068231814,837.5639612754622,813.4119068231814,835.7098999023438
2023-02-28,834.2461663394178,837.2712484244097,829.4645234973756,834.1973266601562
2023-03-01,843.1262893169088,843.1262893169088,831.269802049156,835.6123046875
2023-03-02,832.3920183025423,841.0281836482711,830.5378973683739,833.3678588867188
2023-03-03,836.0514379926584,851.9088478174389,829.3181139966719,847.5663452148438
2023-03-06,850.6890680812614,855.6658314634678,844.443664233259,846.7857055664062
2023-03-08,845.7122342431666,852.5431180750855,840.686631599737,851.030517578125
2023-03-09,846.2489584201631,848.7861200905347,833.5142508305153,835.270751953125
2023-03-10,824.2925755972103,824.9268362576815,816.0467105264111,822.2921142578125
2023-03-13,821.1211220704034,834.6364911699224,804.0439107949028,808.3864135742188
2023-03-14,807.0201425209714,814.2901665996912,798.4815376273094,810.2891845703125
2023-03-15,816.2418837869195,823.5606883048955,802.3361552027651,805.94677734375
2023-03-16,809.6549809174596,811.2163020979362,790.7236489111071,803.9951171875
2023-03-17,811.7041893648593,818.1447729834259,798.8719213661859,816.0466918945312
2023-03-20,816.7785827424584,817.5592433108602,805.0684955346812,816.2418823242188
2023-03-21,822.6335934511657,833.8557599098707,818.7790113206246,831.8065185546875
2023-03-22,836.9297092178792,841.7112923918411,830.4403454439372,839.4180908203125
2023-03-23,836.2953779024698,846.4929238858591,832.1968355502246,834.7828369140625
2023-03-24,831.9040787866177,839.2228829988167,828.6350367294012,831.8065185546875
2023-03-27,834.2949265553112,835.7099073266975,823.6582402717402,828.1959228515625
2023-03-28,834.8803919931624,838.1494936556207,827.7079875914543,834.0997314453125
2023-03-29,836.344192498566,841.2721757235752,827.5128467887045,830.4403686523438
2023-03-31,841.1258033201476,859.7155545338773,837.7591413931142,856.05615234375
2023-04-03,858.9349345674241,865.6681991790865,847.8591076789055,862.4479370117188
2023-04-05,865.1802578730985,866.3024983947739,852.8846900557955,863.2285766601562
2023-04-06,860.6914189453125,868.5957040705766,851.6161131746726,853.8605346679688
2023-04-10,858.7884767219354,861.4720382738286,843.5166076266008,847.46875
2023-04-11,852.5919065557086,864.2043734475606,844.1020817977652,860.5938110351562
2023-04-12,862.1063873379366,870.4498125302297,859.0324656331312,868.64453125
2023-04-13,869.571475609275,879.8666408865384,865.0826329792434,877.2806396484375
2023-04-17,895.1385344204618,895.1385344204618,871.5720206158405,879.5250854492188
2023-04-18,886.0144835702572,886.0144835702572,872.4990555408676,875.1826171875
2023-04-19,874.2556575010774,875.2314981458779,865.8146120993179,870.352294921875
2023-04-20,870.6937889701342,877.573453395635,867.717487005693,872.7918701171875
2023-04-21,872.9381803026192,878.9396237033103,861.0817529732831,864.2532348632812
2023-04-24,883.135744818471,884.5995057214851,873.3773387983774,882.8917846679688
2023-04-25,884.4043078093315,893.8699733695756,881.2816060339152,891.381591796875
2023-04-26,889.429955738027,894.7970792127569,883.8676522248263,892.8453979492188
2023-04-27,887.5270423599347,897.6758086146725,886.599981860416,896.1632080078125
2023-04-28,892.9917223591818,898.2125053822566,888.2589192038619,895.4801635742188
2023-05-02,901.6766917183744,903.433192842073,896.504748580591,899.8225708007812
2023-05-03,897.3342422175527,901.5303450275906,889.5275171530784,900.5545043945312
2023-05-04,897.773371044411,901.5791732893766,889.7714660425504,899.4323120117188
2023-05-05,902.6525189158281,919.6809486172212,901.1399779584096,904.555419921875
2023-05-08,904.6042195927597,918.9490880615251,904.6042195927597,915.2409057617188
2023-05-09,918.2660247654843,922.1693872512037,909.2882791362127,911.8255004882812
2023-05-10,912.0205661468576,918.2659695728609,905.8240023974581,913.435546875
2023-05-11,917.3389010960858,924.1210048601322,911.2886777477154,916.5094604492188
2023-05-12,917.0461850344827,925.0968698193026,912.5085025133513,921.095947265625
2023-05-15,920.9495639221207,926.0727270591709,915.5336605179272,922.9012451171875
2023-05-16,927.048597490951,929.1954587867314,920.2177130883861,923.4867553710938
2023-05-17,924.4138288097396,925.4872892529361,913.1916614199989,916.6558837890625
2023-05-18,925.0480984422347,929.2442010636689,919.3393952590775,923.6331176757812
2023-05-19,928.4635071511756,932.9035697604087,918.8514419565217,931.24462890625
2023-05-22,928.0731760048811,931.1958777874927,923.291592877035,927.3900756835938
2023-05-23,929.0002544091722,935.6847387180298,922.1693701855753,930.366455078125
2023-05-24,923.828323327991,930.8055479979184,915.8264183625203,917.9244995117188
2023-05-25,914.3626159869317,918.8514587940115,910.4104735823489,917.1437377929688
2023-05-26,917.0950028696642,929.439410538322,912.9476802341859,927.731689453125
2023-05-29,930.8055912909057,934.4649937720943,923.9259265383885,925.2433471679688
2023-05-30,922.5109142673763,929.2930185471208,921.8278734759396,926.9998168945312
2023-05-31,926.5606365918726,929.0002380573593,917.7780713161202,926.2191162109375
2023-06-01,931.1959059694744,931.1959059694744,910.2641128857094,913.484375
2023-06-02,920.2176662665535,921.827827046608,912.4597217491146,915.48486328125
2023-06-05,920.2176729962289,928.8050582446286,920.2176729962289,923.8770751953125
2023-06-06,923.6330776996152,924.9016584985499,915.4359932809016,919.33935546875
2023-06-07,921.5350543493884,922.9988152614023,911.2399478470065,917.4853515625
2023-06-08,913.9722653565424,927.5364732717563,912.6061242779729,915.2409057617188
2023-06-09,918.6563698311431,921.1935315811797,913.581986770486,915.3872680664062
2023-06-12,915.3385351627903,920.7056587698215,910.7520721683007,913.3380737304688
2023-06-13,913.2892496101983,923.3891760871558,911.5326888658717,920.75439453125
2023-06-14,923.1940358059712,924.0723162159532,913.6308093399507,917.0950317382812
2023-06-15,917.9732552476846,920.1688965759562,902.0182258592284,904.2138671875
2023-06-16,906.848667243868,915.0945323130579,904.6042457522844,911.6303100585938
2023-06-19,910.9472166078564,911.386356797931,896.5047873782526,900.8472900390625
2023-06-20,898.7004270111945,906.1167918668598,892.6989833999372,903.1892700195312
2023-06-21,905.580003016445,905.9703630488731,897.7732788525101,902.3597412109375
2023-06-22,902.0670994269971,912.9476866817438,898.4564771949641,903.3844604492188
2023-06-23,903.6771633220311,909.3858664900742,896.797499098517,901.1887817382812
2023-06-26,904.701816042341,909.2882788738549,900.8960733562135,905.0433959960938
2023-06-27,907.5317710784503,917.2413971004926,899.920226200877,913.484375
2023-06-28,921.1935016587148,921.1935016587148,911.7278361808255,914.8017578125
2023-06-30,917.7781134297853,919.4370544145559,908.1661070389388,912.0206298828125
2023-07-03,914.36260024857,922.9012051068142,913.874679970956,919.7785034179688
2023-07-04,924.3649684244667,928.3171107716475,919.2418054957484,921.8765869140625
2023-07-05,919.2906163148466,941.4422096300225,918.2659956069979,934.8552856445312
2023-07-06,931.6350338444386,940.6127792872743,930.9519335115064,936.2214965820312
2023-07-07,929.9760462814668,931.9765075014357,920.998301288774,923.5355224609375
2023-07-10,923.1452024012996,929.8785263276142,918.6075198126201,925.4872436523438
2023-07-11,925.4872675187265,929.6833702711881,919.1443034908751,922.12060546875
2023-07-12,925.4872246023599,928.1707861820097,918.5099406710377,921.5838623046875
2023-07-13,924.8041153240754,936.0750619372393,919.436992216799,932.61083984375
2023-07-14,936.5630336523335,941.6861968997155,928.3659486322887,936.8557739257812
2023-07-17,939.636950320126,950.2735772681716,929.8297045085224,945.2968139648438
2023-07-18,954.3721096526649,964.0817355638042,947.687625346918,951.8837280273438
2023-07-19,956.3238120497173,956.3238120497173,944.1745843620706,949.9320678710938
2023-07-20,952.4692630685562,974.0353773634586,948.614680554345,971.5469360351562
2023-07-21,971.2541449921898,977.2555885541523,964.9111810417447,972.9130859375
2023-07-24,980.6709603529139,984.3303623695843,966.1796926305509,968.0338134765625
2023-07-25,974.8647427328618,974.8647427328618,964.3744564622128,970.6686401367188
2023-07-26,969.1073019747433,973.6449847104317,966.0822198580079,972.3764038085938
2023-07-27,978.3289377697675,982.1835198791242,963.3498090553566,966.3261108398438
2023-07-28,964.1305412210621,974.5720478609782,953.4450744239546,972.1324462890625
2023-07-31,971.9372800941444,975.2551621034391,964.7160355141905,974.1817016601562
2023-08-01,977.4507205075173,979.4511817429085,966.5212943260926,970.522216796875
2023-08-02,961.4469550572353,970.0831205780985,953.8841903765009,963.1058959960938
2023-08-03,952.9571039838418,959.2512876204258,936.8557344561337,941.6861572265625
2023-08-04,945.2480024411116,952.4204068859481,938.026758318768,947.0532836914062
2023-08-07,947.492394919989,957.7875008210797,944.8088334046981,952.078857421875
2023-08-08,952.1764341081312,962.7642804453878,948.8097722368316,956.2261962890625
2023-08-09,959.2270199754856,959.5713515147028,948.0600250851338,957.0133056640625
2023-08-10,955.8818683285078,957.9480378042437,943.9770282120568,948.552001953125
2023-08-11,947.8633070091408,947.961670292414,934.679384304923,937.4833984375
2023-08-14,933.6954693282672,947.3713279362361,930.7438503525193,944.0753173828125
2023-08-16,939.057657191525,944.3213540593632,931.3342176148141,941.0745849609375
2023-08-17,941.5173104722998,942.353578529597,931.1866436309263,936.3027954101562
2023-08-18,932.6132578915899,939.5987322998694,930.7438751368339,935.3189086914062
2023-08-21,935.368103582327,943.8293876376395,933.1052076187755,939.7955322265625
2023-08-22,940.9762212582668,941.5173394326239,933.9906864820573,936.6471557617188
2023-08-23,938.6148847885249,952.4382890585223,934.5317876320523,951.2576293945312
2023-08-24,956.8165287761593,966.5568958657866,951.159258811673,953.3237915039062
2023-08-25,947.4205610479281,956.9148999052287,944.7149101731643,954.7504272460938
2023-08-28,954.3076494260563,959.2761961755662,949.4866475992981,954.89794921875
2023-08-29,957.6036107629861,961.4899212525077,950.0770180929742,952.1431274414062
2023-08-30,954.7996350612804,960.1617553156957,939.992357332752,943.4359130859375
2023-08-31,944.5181103324641,950.6181351385301,938.6640537842972,943.2882690429688
2023-09-01,941.4681903275599,957.3577048100217,937.4342746002596,953.077880859375
2023-09-04,953.0778374045047,953.4221689523384,945.0592480110233,951.7495727539062
2023-09-05,948.551951794262,954.3568266156637,946.7318107329097,952.7826538085938
2023-09-06,947.027018710753,953.8649486093547,935.466510050454,942.0584716796875
2023-09-07,941.9600737763301,953.8649135559165,939.3036045546078,950.0770263671875
2023-09-08,951.8971485126772,959.2761961755662,945.7479421269364,954.89794921875
2023-09-11,959.226986017833,966.1632786045712,953.7172612295014,962.4737548828125
2023-09-12,974.1326718812546,979.1012787688176,966.802865781473,974.5262451171875
2023-09-13,973.8374633789062,978.8060099166414,964.7366383159148,973.8374633789062
2023-09-14,976.2972153487822,976.887575209195,966.4093032080317,971.7714233398438
2023-09-15,974.3786547753372,981.4133711300916,972.6568769312493,976.44482421875
2023-09-18,974.132655768785,980.1834988788135,971.3778233153545,974.2310791015625
2023-09-20,965.7205606456862,979.9375379402288,964.8351109491382,971.2302856445312
2023-09-21,964.1464092816628,966.6552735540002,942.0092656124872,943.8294067382812
2023-09-22,941.0745732661131,945.4036387107805,932.1213525224977,934.9745483398438
2023-09-25,934.9745211428321,945.6987611069428,926.3164505561931,940.9269409179688
2023-09-26,943.4850895612307,943.4850895612307,931.8261576873732,933.400390625
2023-09-27,931.0390306872603,931.2358173022473,919.3309777310822,927.890625
2023-09-28,930.2519986326986,931.9737765254613,919.6753630057271,927.3987426757812
2023-09-29,931.4326152919225,940.5826225175415,928.4809961836039,936.5487670898438
2023-10-03,936.2535565130627,936.2535565130627,923.8567802867412,925.1358032226562
2023-10-04,919.9212698646451,920.4132063725941,910.0825397056649,915.0510864257812
2023-10-05,920.118033512241,928.7269221864746,919.4784920475328,925.6768798828125
2023-10-06,930.743934599139,931.2850527835039,922.8729499513662,929.9568481445312
2023-10-09,925.0866714522842,926.8576310013959,921.2003607425811,923.4632568359375
2023-10-10,925.2342295793238,942.0584345201288,925.184987886715,935.8600463867188
2023-10-11,939.5003896293223,946.5350458326664,935.4172924942318,937.7293701171875
2023-10-12,937.4833935799946,944.6164730548359,933.105206632664,938.86083984375
2023-10-13,934.6301694921657,941.9600353612119,929.317231265394,935.9583740234375
2023-10-16,933.2035679262765,939.4511376395518,930.8914903286628,936.0568237304688
2023-10-17,939.9922889934013,945.4527721377236,936.1551602699086,938.5164794921875
2023-10-18,933.892332658969,935.3189606246175,923.9551785937446,928.5302124023438
2023-10-19,920.9051479428266,929.7600051345846,918.9374019002138,920.6591796875
2023-10-20,916.9696757843909,924.8406601258879,915.0019296990167,917.7075805664062
2023-10-23,926.8084170823352,929.5632496240031,910.4761484024964,914.9527587890625
2023-10-25,911.1155983660612,918.7406142727789,896.7018946503207,901.3260498046875
2023-10-26,899.5551235944749,901.8180196143733,884.5018778394127,893.9962768554688
2023-10-27,901.227738868632,903.3430900053108,896.6035233948352,898.0301513671875
2023-10-30,894.4389499383923,911.3615781096987,893.553500239537,909.9841918945312
2023-10-31,914.3131752513102,915.9857713767747,899.3582935043779,900.588134765625
2023-11-01,899.0631137871601,902.801819087158,894.6356853935422,899.30908203125
2023-11-02,905.2123769553756,909.8857738877014,898.0792974270889,905.114013671875
2023-11-03,913.5753279987291,919.4293847809116,911.8535501246075,918.7406616210938
2023-11-06,925.8245118398002,932.4656547249422,922.2825929880618,930.2027587890625
2023-11-07,928.3825689148798,935.122135214151,915.4446745754223,932.8099975585938
2023-11-08,933.1543790682605,933.1543790682605,919.035765182007,920.6591796875
2023-11-09,918.9373868552664,927.1527024283356,917.953513850068,922.2333374023438
2023-11-10,919.8229744492044,926.2673311686412,917.3632917279805,923.4632568359375
2023-11-13,925.7261812013599,925.7261812013599,916.9696869940611,919.3801879882812
2023-11-15,929.169741735814,929.169741735814,923.6108349273643,925.9229125976562
2023-11-16,923.8567704420823,930.9406682319986,918.9374053172576,920.9051513671875
2023-11-17,911.6075526979567,923.2664842460193,905.3108012759441,906.9833374023438
2023-11-20,907.1309619231906,911.8043589612981,902.7035331502466,906.58984375
2023-11-21,909.4922588007951,913.0833593528811,907.1309394932731,911.164794921875
2023-11-22,908.3607719626023,910.2793363749666,899.9978512350831,907.8688354492188
2023-11-23,908.1148071289062,910.4268847301861,903.6873784917665,908.1148071289062
2023-11-24,906.639000110985,915.3954941269687,905.3599771779697,914.41162109375
2023-11-28,913.9197163754527,916.0350074399643,906.8358182796372,910.5745239257812
2023-11-29,915.8874351292822,925.9228920765872,911.0664332225615,924.4470825195312
2023-11-30,923.8076235957443,925.6769463830785,913.2309881790077,919.8721313476562
2023-12-01,920.8559820278334,936.6471322793062,917.9535445552444,931.4326171875
2023-12-04,948.1584573156929,978.8060663731462,945.8955613418391,975.2149658203125
2023-12-05,986.3327787602838,999.3690972825519,979.0029121847634,997.106201171875
2023-12-06,997.6472527517989,999.8609670700351,984.1189985847997,987.0706176757812
2023-12-07,980.2818725979603,986.037565872625,972.2141617664823,982.88916015625
2023-12-08,978.4617345457,996.5157807404588,977.2318932503937,994.5480346679688
2023-12-11,990.8585350218602,1003.5505215202488,988.4480940647678,1000.697265625
2023-12-12,1000.6972103966642,1004.5343391404565,992.3342898455438,999.31982421875
2023-12-13,998.43433885667,1004.2392137541405,992.9246739088817,997.5488891601562
2023-12-14,1005.7641705011573,1023.2279161860637,1004.7802975048245,1016.9803466796875
2023-12-15,1026.819128412104,1026.8682500033867,1009.1585351765273,1020.669921875
2023-12-18,1013.3399724649145,1013.3399724649145,1001.582737875324,1004.9771118164062
2023-12-19,1008.9618258446333,1008.9618258446333,996.2698393148889,999.0739135742188
2023-12-20,1005.5182598581188,1005.5182598581188,985.8407988041439,990.4158325195312
2023-12-21,980.4786481484716,994.5972620458951,973.2472054564856,988.2020874023438
2023-12-22,986.775479446596,993.2690175032114,975.6084843898132,978.2649536132812
2023-12-26,978.8553364159527,981.4133823646852,973.9359710908165,979.0520629882812
2023-12-27,981.856149768816,988.6940796680807,976.002092947119,986.0867919921875
2023-12-28,991.7440268494004,995.3843691168538,982.9875327507294,989.6779174804688
2023-12-29,987.8576980727095,992.2851266822139,977.6746362911867,980.52783203125
2024-01-01,975.5592756483813,988.6447747328209,975.0181575005023,983.28271484375
2024-01-02,980.9214292212157,981.5609707229919,964.4415556610799,966.4093017578125
2024-01-03,968.8197783020528,972.0665472696064,959.3745612454451,968.1802368164062
2024-01-04,970.4923808719859,973.1980317046522,966.0649522367138,971.2302856445312
2024-01-05,972.0665334175308,982.2004134055409,967.9342547673281,977.6746215820312
2024-01-08,977.9698066167579,982.1020854154484,964.4907338916496,966.163330078125
2024-01-09,970.3447595485834,978.9536484165683,959.6697613726194,963.9495849609375
2024-01-10,958.5874760008375,978.9044779822007,958.5874760008375,977.0350952148438
2024-01-11,979.2488085023233,982.3972141884088,970.9350694416869,975.165771484375
2024-01-12,978.7568819517846,992.432741141072,975.7560812090544,987.3165893554688
2024-01-15,987.3165782754367,995.3351674307465,983.1351179289786,993.5641479492188
2024-01-16,989.8746620709588,999.4182427672283,988.3988524803248,992.777099609375
2024-01-17,971.9682016234104,991.5472391168444,960.9979931914172,965.9173583984375
2024-01-18,958.2431259931632,978.2649176405237,954.5044205813539,970.443115234375
2024-01-19,975.3133165907817,994.5972638899035,971.6237927511231,983.0859375
2024-01-23,1042.0199023424595,1042.3151122922168,1004.7311505255955,1012.45458984375
2024-01-24,1012.8480364224022,1019.2432110778104,980.5770732992008,983.0859375
2024-01-25,982.2988759526587,998.7295078271164,972.214177202352,993.66259765625
2024-01-29,1003.5504637146486,1015.3569397583503,993.7117336782304,1000.008544921875
2024-01-30,998.5819848189448,1007.338419115052,991.7440549694523,1000.5005493164062
2024-01-31,1000.4020967435955,1022.2440902784828,987.070629039353,1011.569091796875
2024-02-01,1017.2755035530364,1017.2755035530364,1000.9924764517363,1008.6174926757812
2024-02-02,1020.3746743205556,1033.0666601657867,1005.1738843616477,1007.4859619140625
2024-02-05,1006.0102065272255,1009.8964570838909,995.7779026556566,1006.9940795898438
2024-02-06,1007.0432159063025,1018.2102106949073,1000.3037097510473,1009.8472900390625
2024-02-07,1011.4214656725248,1014.9142629380416,996.6633703562916,1005.6658325195312
2024-02-08,1007.5843506463148,1011.6674477599702,969.3609072749921,973.3455810546875
2024-02-09,972.9028503266528,997.401313514954,969.6068995994941,994.4005126953125
2024-02-12,994.105320862232,995.876280283492,969.360890452768,980.035888671875
2024-02-13,989.7762629977263,1010.4868382114652,984.1681747459204,1003.3536987304688
2024-02-14,993.2690157159769,1018.997259686499,991.3012696355923,1006.2069702148438
2024-02-15,1006.3544812043777,1010.0932466717068,990.3665448403932,1000.2545166015625
2024-02-16,1006.6989262673613,1009.650485394361,1000.5005380040549,1006.7481079101562
2024-02-19,1006.8464465307476,1029.1311947979043,1006.8464465307476,1026.91748046875
2024-02-20,1024.2610180558977,1035.6739206502066,1016.5867607398595,1031.8367919921875
2024-02-21,1039.7569873370444,1046.8408245754547,1031.0988572886058,1034.985107421875
2024-02-22,1038.969987954932,1048.808718901475,1023.5232284095382,1045.5618896484375
2024-02-23,1052.744218252001,1052.744218252001,1040.5934094728898,1044.1845703125
2024-02-26,1036.1166162761153,1045.1683197973161,1033.558570535963,1037.1988525390625
2024-02-27,1033.8046204513494,1049.0054112267308,1029.6231599356051,1043.1021728515625
2024-02-28,1045.8569952406344,1047.6771362637548,1025.3432672847086,1029.327880859375
2024-02-29,1026.22885861961,1043.5941223069317,1021.7521880889905,1035.231201171875
2024-03-01,1037.986009477885,1072.3723226042753,1037.0021364831193,1069.37158203125
2024-03-04,1063.5667080999103,1077.3409300364494,1062.6811983836533,1074.733642578125
2024-03-05,1068.6829125129027,1081.7684727754213,1059.1393914895327,1070.503173828125
2024-03-06,1062.878109231162,1095.5918883060335,1062.878109231162,1079.4071044921875
2024-03-07,1077.2917746056637,1077.3410163000535,1065.2393294461426,1070.4046630859375
2024-03-11,1070.404535791999,1070.404535791999,1059.3852067115477,1061.3037109375
2024-03-12,1059.6804892440682,1077.1442354316735,1038.625582496139,1059.483642578125
2024-03-13,1059.77885170946,1072.0772645081547,1055.8433596138777,1066.4691162109375
2024-03-14,1062.5828370894137,1079.4070413229927,1057.7127137934276,1066.124755859375
2024-03-15,1054.7119299877845,1068.7321212212976,1052.7441838497475,1062.92724609375
2024-03-18,1057.7128263089558,1067.3055890531218,1042.9547297794695,1063.7635498046875
2024-03-19,1061.0578145795118,1071.1917547663113,1057.9094689437209,1066.4691162109375
2024-03-20,1062.5829470306016,1072.4216780216257,1050.2845332918216,1067.0103759765625
2024-03-21,1074.3893386064215,1082.2603227720363,1061.7465943107402,1064.3538818359375
2024-03-22,1063.7143347625467,1076.061869046459,1061.303773813482,1072.716796875
2024-03-26,1063.5667354159368,1071.585324555275,1059.58200164128,1066.22314453125
2024-03-27,1066.223219242338,1074.8813504721743,1062.1402420015347,1066.2724609375
2024-03-28,1067.5022626495677,1087.2289654055658,1067.5022626495677,1075.66845703125
2024-04-01,1078.3740966909645,1085.162724605495,1076.7998037410023,1081.916015625
2024-04-02,1076.7998684057336,1076.7998684057336,1061.845045296533,1063.7635498046875
2024-04-03,1057.6634084362693,1066.1739333709988,1054.9577578565486,1059.827880859375
2024-04-04,1067.2562910312008,1068.2894057744195,1046.2997470246664,1061.451416015625
2024-04-05,1052.7441775200211,1068.4861465296663,1050.235253168432,1065.9281005859375
2024-04-08,1060.9594232885527,1074.1433454810406,1058.9425557038237,1069.6175537109375
2024-04-09,1074.340076856861,1097.2643658518941,1070.7490364796934,1089.1966552734375
2024-04-10,1093.0337202336968,1098.5435054120717,1087.3273285870816,1091.5087890625
2024-04-12,1085.7038457563601,1093.9191612122947,1078.1280717650227,1086.58935546875
2024-04-15,1082.4570746408115,1088.3111913118553,1059.2376948297706,1060.95947265625
2024-04-16,1053.2853525855292,1057.2699664181264,1045.561852981989,1049.841796875
2024-04-18,1056.67972736376,1060.66446152718,1033.5094674241823,1038.4288330078125
2024-04-19,1035.9691407376135,1054.7119714804403,1031.1973801854901,1050.03857421875
2024-04-22,1061.4023525762484,1071.1426002239434,1053.088552786897,1069.125732421875
2024-04-23,1082.2603648639933,1082.2603648639933,1065.239312903183,1072.6676025390625
2024-04-24,1074.6353155118281,1080.686158658188,1071.4377281688085,1079.062744140625
2024-04-25,1072.4215900322672,1107.4966871577883,1072.3723483406734,1095.78857421875
2024-04-26,1094.2144193811591,1101.9377986819404,1084.9659888361693,1090.032958984375
2024-04-29,1090.1313056288498,1144.6870165205935,1090.032942347235,1141.4403076171875
2024-04-30,1141.2434493596547,1150.6887263324581,1128.2563736745785,1131.8475341796875
2024-05-02,1124.5668940413143,1136.8653071432534,1114.9741318218018,1121.0740966796875
2024-05-03,1122.8944193922243,1138.7347523146345,1117.1386656639672,1123.63232421875
2024-05-06,1123.1403237344898,1139.767682131019,1119.7458896646774,1127.813720703125
2024-05-07,1129.4369636309043,1134.1596020771042,1108.1362092373274,1113.6458740234375
2024-05-08,1108.3823240237211,1113.7443845482246,1098.0516561458446,1104.8895263671875
2024-05-09,1102.4790338657724,1110.6451084134283,1092.0991247743116,1097.7071533203125
2024-05-10,1099.9700317150034,1110.6942716080541,1094.1160353113987,1099.035400390625
2024-05-13,1094.4604418124766,1112.4161255815404,1088.8522931770124,1109.808837890625
2024-05-14,1107.7427007496667,1109.7104468669584,1100.5112577889583,1102.47900390625
2024-05-15,1104.003936981434,1109.612085486358,1095.5426526828924,1106.2176513671875
2024-05-16,1114.7281968433215,1118.2209943092364,1094.8540087178606,1112.8096923828125
2024-05-17,1112.8096108108375,1125.5507181902365,1102.528065843281,1112.2684326171875
2024-05-21,1104.1022778238569,1115.5153011731006,1098.2482812745363,1102.8724365234375
2024-05-22,1106.857133236162,1107.742642963088,1080.3909253188892,1093.1812744140625
2024-05-23,1097.5596331640875,1118.6636621265907,1093.4765359706398,1116.2039794921875
2024-05-24,1111.7765639224867,1116.6959292495774,1106.0209305101291,1113.695068359375
2024-05-27,1113.6459433951586,1129.2895491082788,1103.4628812192523,1111.579833984375
2024-05-28,1114.2361779831701,1116.8925870555686,1106.8571304468578,1108.775634765625
2024-05-29,1097.067741329381,1105.4306626270395,1080.7845935856149,1084.2281494140625
2024-05-30,1079.308747806472,1102.9217012680538,1079.2103845207203,1095.7393798828125
2024-05-31,1099.970086377496,1112.366862972861,1093.328943190512,1102.970947265625
2024-06-03,1151.1314549939386,1154.0830741093077,1117.974981638635,1141.292724609375
2024-06-04,1139.2265453107807,1140.702354777864,1036.5594240710273,1054.170654296875
2024-06-05,1067.5022525173526,1105.1353964425034,1034.0998107211954,1090.7708740234375
2024-06-06,1099.970087057546,1099.970087057546,1078.9151794387894,1092.49267578125
2024-06-07,1092.4926581643756,1110.104009770429,1085.8022733872265,1103.6103515625
2024-06-10,1098.0022563128857,1114.9248236920885,1097.1167466019742,1105.676513671875
2024-06-11,1101.6919214874545,1110.8419895056586,1093.0830317236544,1100.1668701171875
2024-06-12,1102.9216850641683,1115.1217348604168,1094.0668276461688,1101.4951171875
2024-06-13,1104.1021886675976,1105.0860616284854,1087.1796217809997,1089.49169921875
2024-06-14,1096.0345294527124,1096.0345294527124,1081.719129164698,1087.8192138671875
2024-06-18,1095.9853271941342,1116.7451444635597,1083.4409459075023,1104.7418212890625
2024-06-19,1109.75950368303,1146.75322461017,1107.9886043418487,1125.993408203125
2024-06-20,1135.4386364718932,1141.2926325377728,1117.1877450402078,1138.144287109375
2024-06-21,1144.7854792681483,1151.033048809149,1132.0934935247788,1139.9644775390625
2024-06-24,1136.0289470067053,1156.6902793435293,1134.0612010698649,1151.229736328125
2024-06-25,1151.3773811074136,1186.5508409447048,1148.8193353214021,1178.630615234375
2024-06-26,1182.6154524579229,1203.1291823342124,1174.59686276576,1198.357421875
2024-06-27,1208.5403632954783,1215.083142699582,1189.6008082372055,1200.2266845703125
2024-06-28,1207.2122974343558,1207.2122974343558,1177.0565628057336,1180.254150390625
2024-07-01,1180.25407382428,1195.7500741919466,1172.8259044392062,1192.3065185546875
2024-07-02,1197.3734411453652,1197.3734411453652,1166.4306833322826,1171.399169921875
2024-07-03,1177.54840489326,1196.24199235147,1160.428990253299,1182.2218017578125
2024-07-04,1209.179986290108,1215.033982934888,1194.7171004020095,1213.115478515625
2024-07-05,1205.2444756355717,1222.5606171427328,1201.1613784936928,1213.509033203125
2024-07-08,1209.0816030717467,1219.5106332770943,1197.2751265898385,1215.1324462890625
2024-07-09,1215.0339475267522,1230.038011199292,1209.4751610015549,1228.1195068359375
2024-07-10,1232.5469141994527,1232.5469141994527,1216.4113728030459,1223.15087890625
2024-07-11,1226.2501602309792,1237.5155787915146,1205.2937361837155,1218.4775390625
2024-07-12,1215.9687089511149,1232.6945505595163,1210.2621973028672,1213.01708984375
2024-07-15,1213.213848187686,1218.4775450466864,1204.309869041595,1210.1146240234375
2024-07-16,1210.1638079399554,1224.9219031587354,1209.1799349253702,1219.9041748046875
2024-07-18,1214.9849267751276,1236.1873202209238,1211.8364607641408,1230.1365966796875
2024-07-19,1223.9380279933182,1230.3332025768846,1220.2485041951068,1228.5130615234375
2024-07-22,1220.0026771573469,1225.2172527697476,1213.0172019778342,1221.1341552734375
2024-07-23,1221.1341050565184,1228.5131532036169,1192.9461171142627,1206.96630859375
2024-07-24,1205.2444794873966,1213.7550053424823,1182.6646411572679,1203.2767333984375
2024-07-25,1186.0589540798987,1198.6033353860112,1171.3992217096722,1178.58154296875
2024-07-26,1170.808877642708,1200.3250678353813,1166.824143926023,1187.7314453125
2024-07-29,1195.5533833447412,1222.7082560181059,1184.7307795900044,1193.142822265625
2024-07-30,1193.4379877337221,1211.0000973333736,1184.976703679443,1189.9451904296875
2024-07-31,1199.3412284660044,1204.9001351285349,1191.4702441938732,1195.307373046875
2024-08-01,1192.946036063854,1202.9323712314479,1187.4363711753606,1190.584716796875
2024-08-02,1177.6959907114142,1182.2710242194773,1170.9072429350965,1177.2532958984375
2024-08-05,1162.937883324056,1169.7266310287719,1148.1797883580148,1153.689453125
2024-08-06,1156.0508158159441,1168.5459553164283,1142.768529846995,1148.0322265625
2024-08-07,1159.9370447242293,1160.7734328695763,1142.8668719088475,1153.5418701171875
2024-08-08,1148.1305589944793,1155.4604849673224,1140.2104533386794,1145.8184814453125
2024-08-09,1157.5758097480823,1161.9047548052447,1150.1475206629223,1152.70556640625
2024-08-12,1162.0336803927066,1169.228167312303,1147.1485350418181,1163.8199462890625
2024-08-13,1174.1402001247322,1180.143923785119,1154.6903013699869,1159.4039306640625
2024-08-14,1158.0642597488902,1161.090954297597,1144.1714580038308,1152.7552490234375
2024-08-16,1161.0412636212889,1183.8651517095705,1156.7245959708455,1178.1591796875
2024-08-19,1181.8804727263328,1186.5941018157116,1164.3160506791048,1166.8961181640625
2024-08-20,1165.2091443736933,1180.6897926432184,1161.041352076898,1170.4189453125
2024-08-21,1167.9876876109618,1169.625077755297,1156.178781920312,1165.8541259765625
2024-08-22,1172.9494391539793,1183.468250844818,1167.5907626667606,1181.979736328125
2024-08-23,1183.8651886303296,1195.7733045260243,1179.449310773257,1194.2847900390625
2024-08-26,1196.3191076607097,1205.647034605679,1191.8535643266057,1204.009765625
2024-08-27,1204.0098351320562,1223.0627726699063,1199.6435016150756,1216.9598388671875
2024-08-28,1213.2882407138438,1217.009527109644,1207.9792296829603,1214.47900390625
2024-08-29,1209.6164607584685,1225.5436144859966,1207.681440347739,1212.5439453125
2024-08-30,1220.5818867193016,1226.0894388087463,1209.5669036760319,1219.7879638671875
2024-09-02,1229.5129791826912,1229.7113993287953,1213.1393196536237,1220.5322265625
2024-09-03,1217.8033299887798,1241.371477184039,1211.055469999512,1238.1463623046875
2024-09-04,1230.3565014424944,1234.176997942738,1223.3605556490777,1226.88330078125
2024-09-05,1228.5206798050983,1235.3182053814185,1221.8720299114532,1226.486328125
2024-09-06,1216.5628019074484,1224.4520011114125,1195.7732653744783,1198.899169921875
2024-09-09,1193.6893937018356,1228.8183593866072,1191.2580807218426,1225.5435791015625
2024-09-10,1227.4786328440832,1231.844966297702,1217.6048683884173,1227.8260498046875
2024-09-11,1222.0704612349368,1229.8107854485313,1217.009535927106,1226.88330078125
2024-09-12,1228.520699503871,1247.3752175091806,1216.9598787103319,1242.5623779296875
2024-09-13,1242.4133910945052,1246.333097348584,1232.5396270556282,1240.7760009765625
2024-09-16,1241.4210578615323,1255.9092410243197,1235.169248684242,1253.1802978515625
2024-09-17,1250.302517024621,1262.508384404533,1248.7644580527592,1258.39013671875
2024-09-18,1252.3368930345305,1285.4315085718288,1252.3368930345305,1278.485107421875
2024-09-19,1278.4851014958492,1290.0459218689532,1275.5080724453824,1282.107177734375
2024-09-20,1285.0841618950908,1351.9184375163336,1281.6606270608918,1328.201416015625
2024-09-23,1320.80849505564,1321.60241788708,1298.4807781970735,1311.7781982421875
2024-09-24,1310.8850653274296,1321.2054564579635,1305.377513381459,1308.50341796875
2024-09-25,1300.7135877579847,1317.583418764573,1300.0685405806087,1313.7132568359375
2024-09-26,1309.892782398436,1323.1405374478413,1306.8165432729581,1318.87353515625
2024-09-27,1322.793216287465,1322.793216287465,1293.8663936696585,1296.5953369140625
2024-09-30,1282.2064133181361,1286.870498271365,1261.168789397214,1263.252685546875
2024-10-01,1260.0772141126831,1270.4471502080723,1257.8939867892805,1264.6419677734375
2024-10-03,1244.0011592918727,1256.0581509565811,1238.5929384016897,1246.7301025390625
2024-10-04,1237.5508987809962,1254.7184806872842,1226.734336136113,1230.2572021484375
2024-10-07,1232.0434743858432,1253.2795172340534,1215.6201496244253,1224.4520263671875
2024-10-08,1231.4976811477177,1238.245662101406,1220.3338222332038,1227.13134765625
2024-10-09,1233.5319821121263,1255.4130720043904,1223.2115909568488,1234.62353515625
2024-10-10,1237.2036303622588,1245.0927087268437,1228.520629146562,1233.978515625
2024-10-11,1227.528300150437,1231.299252032795,1212.6431550394777,1213.635498046875
2024-10-14,1211.6507942721546,1228.4214150784755,1208.0783837250117,1222.3184814453125
2024-10-15,1229.4632721003522,1248.6652054451272,1225.9405272443164,1245.8865966796875
2024-10-16,1238.9402364127245,1245.340800313192,1232.0930454805564,1233.6312255859375
2024-10-17,1239.8829828601924,1247.3255557801638,1215.024861988864,1221.8223876953125
2024-10-18,1218.547563181441,1259.1840825393742,1215.8682854811916,1254.8177490234375
2024-10-21,1254.8177669815936,1262.607635574402,1240.9746301061532,1249.4095458984375
2024-10-22,1256.9016668439735,1275.0615928812024,1250.1041412654479,1257.7947998046875
2024-10-23,1251.3445279562577,1258.2412633793258,1233.5320194899548,1242.0164794921875
2024-10-24,1240.6768573006573,1250.7987076222266,1231.547349996325,1243.15771484375
2024-10-25,1237.6998715609657,1259.184122863092,1224.7497462785968,1245.8370361328125
2024-10-28,1275.6569864282283,1297.7862848220739,1270.794481272672,1282.95068359375
2024-10-29,1291.3855165608227,1325.1251779791885,1289.3016205238707,1321.6519775390625
2024-10-30,1313.8621457191011,1320.7093367177222,1295.6030101013187,1302.1029052734375
2024-10-31,1297.2403694104125,1308.8507339009743,1278.6836040126998,1282.355224609375
2024-11-01,1280.0727600114117,1286.2749035463628,1276.4011394929669,1281.90869140625
2024-11-04,1280.221658871375,1281.908714624808,1260.3252547322475,1267.42041015625
2024-11-05,1263.2526375453915,1291.3359928673021,1253.4284176295798,1286.7711181640625
2024-11-06,1290.2940335374446,1304.9310933295442,1282.8017951557133,1292.3779296875
2024-11-07,1287.2177364325325,1292.824498565034,1265.4854006783698,1268.908935546875
2024-11-08,1260.2755859661174,1265.2373008714958,1243.108003939261,1249.2109375
2024-11-11,1252.3369021242906,1266.1304944492979,1237.1044608620273,1259.5810546875
2024-11-12,1266.3785236970411,1285.084164724792,1254.817703702316,1260.8709716796875
2024-11-13,1260.8709623351128,1266.477724382224,1240.4287212362626,1244.100341796875
2024-11-14,1244.149990424334,1257.993126310203,1233.5319691696748,1247.325439453125
2024-11-18,1250.3521900785158,1252.9322576721884,1239.8333784208526,1243.852294921875
2024-11-19,1247.4248442373848,1251.3445507199667,1231.3488145998942,1239.53564453125
2024-11-21,1238.9899233393824,1247.2759633109613,1223.1124350544421,1240.974609375
2024-11-22,1248.3675121917486,1271.588362957257,1246.3828261628269,1268.2640380859375
2024-11-25,1286.0765977985961,1301.160163762971,1280.1225394754547,1290.9886474609375
2024-11-26,1300.5647702425501,1304.1868465830694,1292.4771502005863,1294.9580078125
2024-11-27,1288.5573723920809,1300.812784090288,1287.9123252215186,1290.740478515625
2024-11-28,1291.0878806767676,1300.4654733696732,1272.4814498292426,1276.5003662109375
2024-11-29,1273.275310189296,1293.2710463550777,1273.275310189296,1290.1451416015625
2024-12-02,1289.946649219065,1300.5151260626694,1279.2789623057151,1294.6602783203125
2024-12-03,1293.9655928118616,1302.747925178162,1286.1757245707627,1298.381591796875
2024-12-04,1292.625936747851,1309.8927287632168,1291.7328038420255,1305.9730224609375
2024-12-05,1306.171532833215,1332.6174992065928,1298.5800843127004,1326.2664794921875
2024-12-06,1332.2205223736623,1336.7852761002946,1316.5414539912906,1318.5758056640625
2024-12-09,1311.9766296210685,1318.8734860133875,1310.1408193352056,1312.1751708984375
2024-12-10,1308.9004164217674,1321.8008754160685,1305.1791301734115,1320.2626953125
2024-12-11,1314.5567183054773,1321.0566133833202,1305.9233826947975,1317.3353271484375
2024-12-12,1311.4309069614158,1328.4991576758143,1311.4309069614158,1319.0718994140625
2024-12-13,1315.201818050664,1336.8349446817394,1303.4425773055236,1334.6021728515625
2024-12-16,1334.6020835708346,1340.1095143687996,1329.7892443970975,1335.7928466796875
2024-12-17,1331.7243053318298,1337.7775734016686,1315.8964829440192,1323.5374755859375
2024-12-18,1315.1026301384318,1324.728309292061,1297.4388753521955,1304.087646484375
2024-12-19,1276.1531316977298,1293.0229631431896,1274.614951552865,1277.0462646484375
2024-12-20,1274.1187908536028,1287.8131731856893,1262.657301485049,1278.5347900390625
2024-12-23,1284.736921667357,1296.992333800165,1277.1951389037538,1286.8704833984375
2024-12-24,1286.8705106850512,1294.5115036860577,1280.3706152786017,1287.3170166015625
2024-12-26,1296.9922716557783,1302.6982437766815,1279.3285182011693,1287.4161376953125
2024-12-27,1288.6071205266592,1305.8737927483876,1288.6071205266592,1297.5382080078125
2024-12-30,1294.957999087405,1316.343040012265,1279.576681997175,1284.7369384765625
2024-12-31,1277.0462265132433,1280.0727999714104,1270.2982456823183,1271.83642578125
2025-01-01,1271.8364809130148,1283.0995501851953,1257.3978412327829,1273.8211669921875
2025-01-02,1275.26000882058,1283.4965044573805,1268.6113589467466,1280.7178955078125
2025-01-03,1276.3514823434055,1278.1377481475479,1252.5849166143184,1255.363525390625
2025-01-06,1258.3406039432266,1267.9662826986646,1247.3751652140256,1254.4207763671875
2025-01-07,1256.8024602237333,1279.0805130186131,1256.8024602237333,1269.454833984375
2025-01-08,1270.7448974492877,1275.1607754157394,1242.7607517198803,1254.073486328125
2025-01-09,1248.3675530849682,1255.0658686519982,1238.543332692866,1252.73388671875
2025-01-10,1249.359870144571,1255.264262696962,1233.5815917988612,1240.2799072265625
2025-01-13,1225.4444532249365,1234.4250851207983,1215.5210227528514,1220.3338623046875
2025-01-14,1223.9062438907645,1235.3181886617992,1218.0513958245872,1230.8031005859375
2025-01-15,1224.551219155373,1234.8716102214069,1220.5818472942535,1228.7686767578125
2025-01-16,1235.56627244332,1245.8866640990627,1230.1580514277643,1239.53564453125
2025-01-17,1233.8296138721637,1239.4363759086416,1208.6737436803246,1216.066650390625
2025-01-20,1214.5286456993424,1232.2419443689244,1205.944854354206,1223.50927734375
2025-01-21,1227.4786100806577,1229.4632960558952,1183.567432878532,1186.9910888671875
2025-01-22,1191.8038937223043,1198.2541229556057,1182.6743869540314,1191.258056640625
2025-01-23,1188.0826742078204,1198.6511515402387,1176.9188152937772,1192.5482177734375
2025-01-24,1193.8878937592276,1208.6738293636251,1192.7963406363526,1199.941162109375
2025-01-27,1185.8499521739243,1225.1963785798748,1183.9644761399952,1218.547607421875
2025-01-28,1237.7990449684048,1254.3215805212242,1226.535975889425,1237.3525390625
2025-01-29,1242.4134579383835,1246.1844098592185,1233.5320363858045,1242.066162109375
2025-01-30,1240.428743300886,1250.203297570973,1230.0091418571585,1245.98583984375
2025-01-31,1244.8943321590757,1246.3828467053002,1229.6122252573796,1243.2073974609375
2025-02-01,1241.5699459496786,1251.6917959101459,1224.3528194419691,1245.936279296875
2025-02-03,1237.3028281264465,1250.3521626222068,1228.3221967826344,1243.40576171875
2025-02-04,1253.1308244391428,1270.6952475836679,1250.3522155059911,1258.4893798828125
2025-02-05,1260.4740215455731,1267.966259598702,1255.462762111137,1257.9931640625
2025-02-06,1265.2372940723083,1269.2066659752802,1253.5275985042942,1262.6572265625
2025-02-07,1262.2603567708522,1265.2373859141799,1239.9823038025354,1247.2760009765625
2025-02-10,1247.5735745348811,1255.3138984101563,1239.7837061908433,1252.9322509765625
2025-02-11,1246.2339539700604,1252.188012073483,1238.8410469458931,1243.15771484375
2025-02-12,1247.5735208959845,1260.0274734986122,1235.119689428972,1242.2149658203125
2025-02-13,1242.9592342670746,1256.3061987457909,1236.3601292961446,1239.337158203125
2025-02-14,1242.5126718509223,1253.8254065127483,1234.9212235163006,1250.451416015625
2025-02-17,1241.5699462890625,1248.5163471638045,1223.8069826822411,1241.5699462890625
2025-02-18,1243.3065364897366,1247.9705000138076,1227.5779245772142,1233.531982421875
2025-02-19,1225.3947820253827,1254.7681118615644,1220.8300282561831,1251.9896240234375
2025-02-20,1245.7378271028595,1254.3216187366877,1237.203701075922,1240.379150390625
2025-02-21,1231.5968971791747,1235.1693078219741,1215.173692889092,1223.50927734375
2025-02-24,1217.3071583182455,1222.467414805944,1200.9831637697991,1209.0211181640625
2025-02-25,1217.2079253456668,1222.2193060560244,1211.6508286551266,1214.7767333984375
2025-02-27,1215.769120615194,1225.3947998146707,1209.1203494513463,1213.0897216796875
2025-02-28,1206.6891556122284,1215.620243112648,1190.9108768010287,1194.8802490234375
2025-03-03,1201.2312348006667,1207.6814644794808,1194.929880803104,1196.964111328125
2025-03-04,1197.9068433475454,1207.334101585249,1197.0137104452713,1201.1319580078125
2025-03-05,1207.6814517983407,1216.5628733470458,1202.0251450551775,1206.391357421875
2025-03-06,1218.5476101118768,1218.5476101118768,1199.7427576093883,1208.7235107421875
2025-03-07,1201.8265880949464,1208.5249033729367,1197.0634143564148,1205.250244140625
2025-03-10,1198.7503263397664,1216.4140799337886,1198.7503263397664,1205.5478515625
2025-03-11,1207.8798680000234,1238.4440812807522,1207.8798680000234,1235.864013671875
2025-03-12,1237.4020778822246,1242.3637929723905,1225.8413786306357,1234.425048828125
2025-03-13,1241.4707365370484,1245.9858244254206,1235.7647643884725,1240.4783935546875
2025-03-17,1247.4248742515454,1264.1953748180651,1245.1424367918191,1259.2833251953125
2025-03-18,1259.2833251953125,1259.2833251953125,1259.2833251953125,1259.2833251953125
2025-03-19,1295.6029599370165,1308.2057883620175,1292.1794251380722,1303.0455322265625
2025-03-20,1309.8927772461004,1314.1102350516276,1301.0113557334153,1311.5797119140625
2025-03-21,1305.923445707521,1338.6707661545943,1301.5571120874529,1332.81591796875
2025-03-24,1345.5675050388625,1362.4870024308004,1334.7510627437973,1347.750732421875
2025-03-25,1348.5941513991709,1353.3574463042776,1319.8658696966822,1333.4112548828125
2025-03-26,1333.7586400786652,1347.6017762925185,1321.304687138062,1325.6710205078125
2025-03-27,1322.9420827344788,1341.1515523929718,1322.9420827344788,1326.415283203125
2025-03-28,1325.7702231722565,1347.5521031600986,1317.0375564815454,1338.025634765625
2025-04-01,1329.739654923708,1341.995067068455,1305.328040709696,1308.3546142578125
2025-04-02,1312.026343402594,1327.705290380845,1312.026343402594,1321.056640625
2025-04-03,1311.8278468858045,1322.7932860458366,1311.1332552048473,1319.3697509765625
2025-04-04,1319.3697112264526,1328.3007984100484,1311.9766830431024,1325.07568359375
2025-04-07,1285.3322768617725,1314.854481252151,1255.3139009690346,1277.6912841796875
2025-04-08,1289.8969896705237,1300.0189606799747,1277.4927025037578,1289.9466552734375
2025-04-09,1294.9579703581671,1295.106846037701,1274.6646041339118,1290.83984375
2025-04-11,1295.1067945023049,1314.8544439632922,1295.1067945023049,1301.606689453125
2025-04-15,1340.655373037739,1343.9301533432258,1325.9686484021752,1339.8614501953125
2025-04-16,1346.6094196449503,1349.2886972283168,1332.6174078978706,1346.0140380859375
2025-04-17,1351.5711498907554,1398.112060263163,1349.6856739861041,1395.9288330078125
2025-04-21,1425.004587897116,1425.004587897116,1393.9442026732427,1399.0052490234375
2025-04-22,1401.9823098324273,1407.9363681338637,1388.1887172069748,1405.6539306640625
2025-04-23,1418.0581618237188,1418.9512947601793,1400.4937389943566,1413.493408203125
2025-04-24,1405.4554343163697,1410.3178180904442,1388.0894318786184,1391.95947265625
2025-04-25,1399.2035920369979,1403.966886762009,1377.769008045682,1394.04345703125
2025-04-28,1394.8373106964493,1424.0122194189871,1393.0511659597357,1417.8597412109375
2025-04-29,1417.8597077945897,1427.2869661678633,1411.7071085959242,1418.85205078125
2025-04-30,1422.0275444346203,1422.7221360927958,1389.2802248488963,1416.073486328125
2025-05-02,1415.9742091510598,1435.5233172200462,1413.6917718641512,1419.149658203125
2025-05-05,1428.9738894731652,1435.7218701832576,1415.081087769954,1418.455078125
2025-05-06,1418.0581160771362,1422.7220796211836,1409.5239906903596,1420.63818359375
2025-05-07,1414.0887881642996,1430.9586193213472,1410.119416127347,1424.4091796875
2025-05-08,1427.5846620245352,1437.8058437113664,1415.1803741209164,1424.5084228515625
2025-05-09,1404.3638078003796,1409.0278927234135,1376.379782804671,1378.2652587890625
2025-05-12,1398.6082269981746,1441.8743569081432,1393.249550653154,1437.4088134765625
2025-05-13,1429.0731325397105,1436.8134564073198,1416.4704248722041,1419.6458740234375
2025-05-14,1418.9512828044426,1429.6685145448027,1406.4477852062123,1415.279541015625
2025-05-15,1414.9819190581854,1445.3475908699352,1404.6615275498752,1439.6912841796875
2025-05-16,1442.172107583965,1447.5306627908633,1435.920298328426,1442.86669921875
2025-05-19,1435.4241717584057,1448.5230511072755,1432.7448940711074,1437.905029296875
2025-05-20,1439.0957378026826,1447.8284044606678,1424.5083444847762,1427.1876220703125
2025-05-21,1431.8517946649677,1440.1875004165765,1427.485461067875,1433.637939453125
2025-05-22,1430.0655182967434,1434.2334317099203,1416.867428660744,1431.057861328125
2025-05-23,1431.1570706662649,1440.6836606711147,1423.4168677068544,1438.698974609375
2025-05-26,1446.8360701649403,1460.331910515487,1443.8590412139838,1449.4161376953125
2025-05-27,1441.3782192942826,1451.7978208795425,1424.7068083036186,1435.324951171875
2025-05-28,1436.5157355383742,1446.836127202333,1431.454810349359,1442.6683349609375
2025-05-29,1445.4467442494526,1451.698553407669,1433.9355900375203,1445.3475341796875
2025-05-30,1448.7216268807567,1449.7139699197687,1433.2410996992944,1434.7296142578125
2025-06-02,1430.9586389930196,1448.8208134048605,1421.8291316367724,1439.3935546875
2025-06-03,1443.7598455387374,1443.8590556109682,1421.035166759386,1426.8900146484375
2025-06-04,1426.3938661679927,1429.0731438395549,1415.4780930628378,1420.0428466796875
2025-06-05,1419.9436226094324,1447.8284366760695,1416.3712120373557,1443.66064453125
2025-06-06,1437.5080878919146,1450.2101271201,1431.0578582020253,1448.5230712890625
2025-06-09,1453.7825541382838,1455.5688200651953,1422.4245382897982,1423.8138427734375
2025-06-10,1427.9815809293386,1430.660858582463,1405.6538633679,1412.0048828125
2025-06-11,1410.9133394459884,1423.5160472131458,1407.737769134025,1420.0428466796875
2025-06-12,1419.5466979345517,1425.5007560873705,1409.127096167119,1414.2872314453125
2025-06-13,1392.8526699787633,1410.6156346634868,1392.8526699787633,1405.2569580078125
2025-06-16,1405.7530618658518,1418.0581392255135,1403.3714144517853,1415.9742431640625
2025-06-17,1415.9742319665809,1418.8520508551696,1406.9439350146247,1412.302490234375
2025-06-18,1406.150024814166,1421.0351697486842,1399.402043989603,1401.78369140625
2025-06-19,1397.2189939427594,1403.8676438261634,1393.9442134714564,1400.4937744140625
2025-06-20,1400.4937821267788,1422.3253290273638,1399.4021078732494,1416.1727294921875
2025-06-23,1406.1500791810931,1412.3025575376569,1401.0891539348067,1409.226318359375
2025-06-24,1416.7680893764307,1424.9053748687675,1405.6538959425357,1413.1956787109375
2025-06-25,1411.1117385952273,1417.9589294864209,1404.463088984364,1414.8826904296875
2025-06-26,1413.8903780949927,1436.4165161110168,1410.814017835929,1428.080810546875
2025-06-27,1427.882386711014,1454.774858156496,1426.0961208320166,1451.00390625
2025-06-30,1450.6071028820047,1450.706312958781,1431.2564136212704,1434.7296142578125
2025-07-01,1434.6302067068036,1436.5156826077227,1418.653508855977,1421.03515625
2025-07-02,1421.2336440793872,1439.8897415628453,1411.707175185214,1416.867431640625
2025-07-03,1421.1344118511029,1435.027214103107,1412.798706272776,1414.98193359375
2025-07-04,1416.0734952431667,1433.3402880878325,1410.2186471744621,1431.7525634765625
2025-07-07,1425.9968814549877,1429.8670433562065,1418.6535190770169,1424.706787109375
2025-07-08,1421.035188079707,1433.935647189369,1419.050502062836,1430.9586181640625
2025-07-09,1425.2030375827696,1427.683895203639,1415.6765685457565,1420.93603515625
2025-07-10,1425.7985078190466,1427.981614021397,1411.2109926594833,1413.1956787109375
2025-07-11,1411.111783317687,1417.0658414751456,1403.7684206963636,1411.0125732421875
2025-07-14,1413.9896019530586,1413.9896019530586,1405.2569348701418,1412.1041259765625
2025-07-15,1410.218682168871,1422.8215115677394,1408.134785993891,1419.844482421875
2025-07-16,1415.081187967311,1418.25663727007,1408.2339967016344,1415.4781494140625
2025-07-17,1410.1194736013367,1412.3025798563917,1398.7075285299677,1407.8370361328125
2025-07-18,1404.9592604817603,1418.0581395587762,1397.7151081655259,1414.8826904296875
2025-07-21,1436.9126621837045,1456.4617708047458,1425.9968891975022,1454.576416015625
2025-07-22,1462.8128219007424,1470.6523559877205,1458.4464883845856,1462.316650390625
2025-07-23,1471.5454755170424,1478.5910866693491,1461.3242940475627,1477.2017822265625
2025-07-24,1476.3086281822896,1477.3009711792895,1466.782159638216,1472.0416259765625
2025-07-25,1488.5144734435703,1488.5144734435703,1462.31659448384,1465.789794921875
2025-07-28,1465.7898930637602,1482.3620946590604,1465.7898930637602,1477.00341796875
2025-07-29,1468.5685019046516,1478.3927223132807,1464.1029581857863,1474.8201904296875
2025-07-30,1476.308661728485,1477.1025845983731,1465.9883912336757,1471.04931640625
2025-07-31,1458.6450618514623,1483.0566764606926,1452.7902136757805,1470.0570068359375
2025-08-01,1469.0645758820863,1473.7285394467383,1458.5457644921182,1460.3319091796875
2025-08-04,1465.492177404952,1467.4768633867377,1450.1108610461113,1451.9962158203125
2025-08-05,1441.8743352750153,1450.3092505192255,1429.96621963613,1433.3402099609375
2025-08-06,1431.2564134495642,1442.866778550362,1430.561700640964,1432.54638671875
2025-08-07,1430.0655302659995,1436.8135113901221,1418.1574137897542,1429.271728515625
2025-08-08,1434.8288259088201,1436.5157606227415,1421.0352334242946,1424.9053955078125
2025-08-11,1416.9666396615337,1427.3862414978396,1409.5240669213151,1425.5999755859375
2025-08-12,1431.0,1433.800048828125,1420.0999755859375,1422.0
2025-08-13,1424.5999755859375,1427.699951171875,1415.199951171875,1420.800048828125
2025-08-14,1412.0,1431.0999755859375,1412.0,1427.300048828125
2025-08-18,1450.0,1452.4000244140625,1431.0,1434.5999755859375
2025-08-19,1431.0999755859375,1438.5,1426.300048828125,1436.300048828125
2025-08-20,1432.5999755859375,1435.9000244140625,1423.0,1430.5999755859375
2025-08-21,1440.0999755859375,1447.800048828125,1436.4000244140625,1446.0
2025-08-22,1444.300048828125,1446.0,1429.4000244140625,1436.4000244140625
2025-08-25,1435.9000244140625,1435.9000244140625,1424.0,1433.199951171875
2025-08-26,1427.9000244140625,1427.9000244140625,1413.0999755859375,1416.5999755859375
2025-08-28,1408.0,1411.800048828125,1396.300048828125,1399.0999755859375
2025-08-29,1392.0999755859375,1405.0,1392.0999755859375,1397.800048828125
2025-09-01,1398.0999755859375,1412.4000244140625,1398.0999755859375,1411.0
2025-09-02,1413.9000244140625,1413.9000244140625,1390.0,1394.199951171875
2025-09-03,1389.0,1400.0,1384.199951171875,1397.0
2025-09-04,1409.9000244140625,1415.0999755859375,1401.9000244140625,1405.5
2025-09-05,1411.0,1411.5,1387.699951171875,1402.800048828125
2025-09-08,1402.199951171875,1410.5999755859375,1397.5999755859375,1402.699951171875
2025-09-09,1399.0,1407.5,1395.199951171875,1403.699951171875
2025-09-10,1410.0,1413.699951171875,1402.0999755859375,1403.9000244140625
2025-09-11,1398.0,1408.0,1396.0,1401.5999755859375
2025-09-12,1405.0999755859375,1419.699951171875,1400.0999755859375,1417.699951171875
2025-09-15,1422.0,1426.800048828125,1416.300048828125,1419.4000244140625
2025-09-16,1414.0,1424.9000244140625,1413.699951171875,1421.5999755859375
2025-09-17,1420.0999755859375,1426.0999755859375,1416.4000244140625,1419.199951171875
2025-09-18,1431.0999755859375,1432.800048828125,1415.300048828125,1421.699951171875
2025-09-19,1416.0999755859375,1418.0,1400.199951171875,1402.199951171875
2025-09-22,1403.9000244140625,1409.9000244140625,1397.199951171875,1401.5
2025-09-23,1391.0,1403.300048828125,1391.0,1394.300048828125
2025-09-24,1386.4000244140625,1390.9000244140625,1376.5,1382.699951171875
2025-09-25,1377.0,1391.5,1371.800048828125,1375.800048828125
2025-09-26,1368.0,1372.699951171875,1357.0,1359.5999755859375
2025-09-29,1359.5999755859375,1366.5,1346.199951171875,1348.0999755859375
2025-09-30,1353.699951171875,1356.5999755859375,1342.5999755859375,1348.0
2025-10-01,1348.0,1379.4000244140625,1347.0999755859375,1372.0
2025-10-03,1371.9000244140625,1371.9000244140625,1361.300048828125,1365.199951171875
2025-10-06,1371.0,1372.5999755859375,1359.0999755859375,1363.4000244140625
2025-10-07,1363.5999755859375,1383.0999755859375,1363.5999755859375,1375.9000244140625
2025-10-08,1372.300048828125,1381.5999755859375,1364.300048828125,1370.300048828125
2025-10-09,1369.800048828125,1378.699951171875,1365.0999755859375,1376.199951171875
2025-10-10,1370.300048828125,1385.0,1370.300048828125,1380.300048828125
2025-10-13,1373.0999755859375,1386.4000244140625,1373.0999755859375,1379.4000244140625
2025-10-14,1389.0,1389.0,1375.0999755859375,1384.0999755859375
2025-10-15,1386.5,1400.4000244140625,1385.5,1398.4000244140625
2025-10-16,1401.0,1418.9000244140625,1399.4000244140625,1417.300048828125
2025-10-17,1412.0,1439.5999755859375,1410.9000244140625,1436.5999755859375
2025-10-20,1442.0,1445.0,1389.199951171875,1390.300048828125
2025-10-21,1384.5,1387.5999755859375,1375.9000244140625,1382.0
2025-10-23,1385.0,1389.800048828125,1360.0999755859375,1363.699951171875
2025-10-24,1368.0999755859375,1381.5999755859375,1368.0999755859375,1377.699951171875
2025-10-27,1382.0999755859375,1386.800048828125,1374.0,1377.5999755859375
2025-10-28,1373.0,1375.800048828125,1356.199951171875,1363.0999755859375
2025-10-29,1364.5999755859375,1371.699951171875,1358.4000244140625,1370.4000244140625
2025-10-30,1362.4000244140625,1370.199951171875,1361.300048828125,1362.4000244140625
2025-10-31,1357.0,1362.0,1343.300048828125,1345.300048828125
2025-11-03,1340.5,1351.5999755859375,1337.9000244140625,1346.4000244140625
2025-11-04,1342.5999755859375,1349.800048828125,1333.199951171875,1336.9000244140625
2025-11-06,1330.0,1342.199951171875,1317.4000244140625,1320.4000244140625
2025-11-07,1320.4000244140625,1344.300048828125,1318.5999755859375,1343.0
2025-11-10,1342.9000244140625,1349.5999755859375,1341.0,1348.0
2025-11-11,1349.0,1360.4000244140625,1346.199951171875,1358.300048828125
2025-11-12,1370.0,1370.0,1355.4000244140625,1358.9000244140625
2025-11-13,1358.9000244140625,1390.4000244140625,1358.5,1385.9000244140625
2025-11-14,1374.0,1381.199951171875,1363.199951171875,1373.0
2025-11-17,1375.0999755859375,1382.5,1373.5999755859375,1379.0
2025-11-18,1380.199951171875,1382.800048828125,1369.0999755859375,1373.4000244140625
2025-11-19,1373.5,1384.0,1371.5999755859375,1383.0999755859375
2025-11-20,1380.0999755859375,1388.300048828125,1375.4000244140625,1383.0
2025-11-21,1373.0,1376.0,1364.5999755859375,1369.5
2025-11-24,1373.300048828125,1377.0,1361.5,1368.4000244140625
2025-11-25,1365.0,1376.9000244140625,1354.300048828125,1357.800048828125
2025-11-26,1360.0,1377.0,1359.9000244140625,1375.0
2025-11-27,1379.0,1394.0,1375.699951171875,1392.199951171875
2025-11-28,1392.0,1398.5,1385.5999755859375,1388.800048828125
2025-12-01,1394.0,1400.0,1385.4000244140625,1390.0999755859375
2025-12-02,1381.800048828125,1381.800048828125,1370.5999755859375,1373.0
2025-12-03,1367.0,1394.199951171875,1367.0,1391.5
2025-12-04,1387.0,1391.5999755859375,1379.9000244140625,1386.699951171875
2025-12-05,1381.0,1395.300048828125,1381.0,1392.5
2025-12-08,1387.0,1394.9000244140625,1383.300048828125,1389.5999755859375
2025-12-09,1379.9000244140625,1384.300048828125,1373.4000244140625,1375.199951171875
2025-12-10,1377.9000244140625,1379.4000244140625,1357.9000244140625,1363.5999755859375
2025-12-11,1363.699951171875,1366.5999755859375,1352.800048828125,1360.0
2025-12-12,1368.0,1370.699951171875,1363.300048828125,1366.0
2025-12-15,1356.0999755859375,1370.0,1356.0999755859375,1365.199951171875
2025-12-16,1364.0,1368.699951171875,1355.5,1366.0
2025-12-17,1365.0,1365.0,1343.0999755859375,1352.4000244140625
2025-12-18,1346.300048828125,1369.5,1345.5,1356.800048828125
2025-12-19,1354.0,1360.4000244140625,1350.800048828125,1354.0999755859375
2025-12-22,1358.0,1371.300048828125,1354.800048828125,1368.5
2025-12-23,1361.0999755859375,1365.0,1357.0,1363.0
2025-12-24,1363.800048828125,1368.199951171875,1357.5999755859375,1359.800048828125
2025-12-26,1356.5,1362.0,1348.5,1350.4000244140625
2025-12-29,1352.0999755859375,1355.699951171875,1341.5,1343.300048828125
2025-12-30,1343.300048828125,1347.0999755859375,1338.0999755859375,1342.5
2025-12-31,1342.800048828125,1350.0,1339.5,1342.9000244140625
2026-01-01,1343.9000244140625,1348.4000244140625,1336.0,1338.0
2026-01-02,1338.0,1356.9000244140625,1336.300048828125,1355.4000244140625
2026-01-05,1354.199951171875,1375.5,1352.5999755859375,1371.5
2026-01-06,1372.0,1413.5999755859375,1366.0,1411.199951171875
2026-01-07,1408.0,1429.9000244140625,1404.199951171875,1427.699951171875
2026-01-08,1429.0,1442.199951171875,1423.300048828125,1435.0
2026-01-09,1427.0999755859375,1429.5,1401.5,1404.300048828125
2026-01-12,1399.9000244140625,1424.300048828125,1391.699951171875,1413.0999755859375
2026-01-13,1420.0,1441.800048828125,1411.0999755859375,1437.0
2026-01-14,1425.5999755859375,1443.9000244140625,1414.9000244140625,1418.4000244140625
2026-01-15,1418.4000244140625,1418.4000244140625,1418.4000244140625,1418.4000244140625
2026-01-16,1417.9000244140625,1429.0,1400.199951171875,1410.800048828125
2026-01-19,1399.9000244140625,1400.0,1360.0,1380.5999755859375
2026-01-20,1374.699951171875,1387.800048828125,1371.5,1375.800048828125
2026-01-21,1367.5,1371.5,1339.5,1349.0
2026-01-22,1355.0999755859375,1358.0,1338.0,1345.5
2026-01-23,1340.5,1355.199951171875,1335.699951171875,1343.4000244140625
2026-01-27,1340.0,1369.0999755859375,1328.5999755859375,1361.4000244140625
2026-01-28,1362.5999755859375,1380.4000244140625,1362.5999755859375,1367.699951171875
2026-01-29,1359.0,1387.699951171875,1354.4000244140625,1383.5999755859375
2026-01-30,1368.199951171875,1381.9000244140625,1353.199951171875,1355.0
2026-02-02,1329.9000244140625,1354.4000244140625,1329.0999755859375,1352.800048828125
2026-02-03,1412.0,1417.0,1373.4000244140625,1389.699951171875
2026-02-04,1387.0,1414.0,1386.9000244140625,1408.4000244140625
2026-02-05,1414.0,1414.0,1393.199951171875,1396.5
2026-02-06,1396.699951171875,1410.5,1394.699951171875,1406.0999755859375
2026-02-09,1413.5,1414.0,1388.800048828125,1396.300048828125
2026-02-10,1401.0,1409.5,1395.5,1406.5
2026-02-11,1407.4000244140625,1413.0,1400.4000244140625,1406.0999755859375
2026-02-12,1406.0999755859375,1433.0,1405.300048828125,1430.0
2026-02-13,1425.300048828125,1434.4000244140625,1410.699951171875,1414.5999755859375
2026-02-16,1404.0,1414.0,1400.5,1411.5999755859375
2026-02-17,1406.199951171875,1413.5999755859375,1393.5999755859375,1407.5
2026-02-18,1410.0999755859375,1412.300048828125,1398.9000244140625,1408.199951171875
2026-02-19,1408.5,1412.300048828125,1384.800048828125,1388.800048828125
2026-02-20,1388.5,1403.699951171875,1384.0,1394.5
2026-02-23,1400.0,1408.300048828125,1395.300048828125,1399.4000244140625
2026-02-24,1400.9000244140625,1400.9000244140625,1382.300048828125,1384.800048828125
2026-02-25,1391.800048828125,1407.4000244140625,1388.199951171875,1400.5
2026-02-26,1405.0999755859375,1410.0,1392.0999755859375,1404.9000244140625
2026-02-27,1400.0,1402.199951171875,1376.699951171875,1378.9000244140625
2026-03-02,1355.0,1379.199951171875,1355.0,1374.0
2026-03-04,1326.0,1376.0,1326.0,1365.4000244140625
2026-03-05,1368.9000244140625,1370.800048828125,1347.5999755859375,1357.5999755859375
2026-03-06,1339.0,1357.5999755859375,1310.4000244140625,1313.4000244140625
2026-03-09,1272.699951171875,1282.699951171875,1251.0999755859375,1278.4000244140625
2026-03-10,1287.5999755859375,1315.0,1285.5999755859375,1311.9000244140625
2026-03-11,1300.0,1306.5,1290.9000244140625,1294.5999755859375
2026-03-12,1275.699951171875,1280.5,1258.300048828125,1266.5
2026-03-13,1251.9000244140625,1262.300048828125,1248.699951171875,1254.800048828125
2026-03-16,1255.0,1276.800048828125,1240.0999755859375,1272.9000244140625
2026-03-17,1278.9000244140625,1294.4000244140625,1273.0,1288.699951171875
2026-03-18,1286.0,1297.0999755859375,1270.800048828125,1289.300048828125
2026-03-19,1267.5999755859375,1285.9000244140625,1243.699951171875,1250.0999755859375
2026-03-20,1258.4000244140625,1274.0,1241.699951171875,1245.4000244140625
2026-03-23,1226.5999755859375,1234.9000244140625,1218.0999755859375,1222.699951171875
2026-03-24,1237.0999755859375,1253.9000244140625,1223.699951171875,1251.199951171875
2026-03-25,1258.9000244140625,1272.9000244140625,1254.4000244140625,1259.699951171875
2026-03-27,1256.0,1260.9000244140625,1230.0999755859375,1233.800048828125
2026-03-30,1216.5,1222.5999755859375,1200.4000244140625,1205.9000244140625
2026-04-01,1228.0999755859375,1234.0,1210.0,1212.699951171875
2026-04-02,1196.0,1222.0999755859375,1187.5999755859375,1215.800048828125
2026-04-06,1213.0,1234.4000244140625,1200.5,1231.4000244140625
2026-04-07,1229.0,1250.4000244140625,1216.5999755859375,1245.5
2026-04-08,1310.0,1333.5,1292.4000244140625,1309.199951171875
2026-04-09,1299.9000244140625,1308.0,1275.9000244140625,1281.300048828125
2026-04-10,1289.0,1324.0,1288.5,1321.9000244140625
2026-04-13,1304.9000244140625,1357.0,1296.699951171875,1351.0999755859375
2026-04-15,1358.0,1364.800048828125,1338.0,1348.0999755859375
2026-04-16,1352.0,1366.9000244140625,1340.199951171875,1345.5
2026-04-17,1347.0,1352.9000244140625,1334.0,1346.800048828125
2026-04-20,1364.699951171875,1376.4000244140625,1353.0,1356.199951171875
2026-04-21,1368.0,1393.0999755859375,1360.0,1388.4000244140625
2026-04-22,1380.0,1380.0999755859375,1365.0,1367.5999755859375
2026-04-23,1348.4000244140625,1354.0,1343.5,1348.0
2026-04-24,1336.300048828125,1348.800048828125,1324.0,1326.199951171875
2026-04-27,1327.9000244140625,1335.9000244140625,1310.9000244140625,1314.0999755859375
2026-04-28,1314.300048828125,1317.699951171875,1286.699951171875,1292.0
2026-04-29,1294.699951171875,1296.800048828125,1276.199951171875,1281.0
2026-04-30,1261.0,1272.199951171875,1259.0,1263.4000244140625
2026-05-01,1263.4000244140625,1263.4000244140625,1263.4000244140625,1263.4000244140625
2026-05-04,1264.300048828125,1282.199951171875,1264.300048828125,1270.800048828125
2026-05-05,1264.0,1266.699951171875,1245.5,1251.300048828125
2026-05-06,1262.0,1282.800048828125,1252.0999755859375,1279.5
2026-05-07,1284.699951171875,1294.0,1273.199951171875,1279.0
2026-05-08,1279.5999755859375,1279.5999755859375,1261.199951171875,1264.800048828125
2026-05-11,1259.4000244140625,1275.699951171875,1252.0,1266.4000244140625
2026-05-12,1256.0,1259.9000244140625,1236.300048828125,1240.300048828125
2026-05-13,1238.300048828125,1249.199951171875,1227.199951171875,1235.5999755859375
2026-05-14,1239.0999755859375,1256.699951171875,1236.0,1246.0
2026-05-15,1246.5999755859375,1258.0,1242.0,1244.5
2026-05-18,1235.5,1253.699951171875,1232.0,1251.0999755859375
2026-05-19,1251.0999755859375,1256.300048828125,1229.800048828125,1240.800048828125
2026-05-20,1230.0,1239.699951171875,1223.300048828125,1237.300048828125
2026-05-21,1245.300048828125,1248.300048828125,1234.4000244140625,1242.800048828125
2026-05-22,1242.0,1270.800048828125,1242.0,1264.300048828125
2026-05-25,1271.0,1293.5,1270.9000244140625,1291.800048828125
2026-05-26,1290.0,1301.800048828125,1276.199951171875,1279.0999755859375
2026-05-27,1286.0,1293.4000244140625,1266.699951171875,1272.699951171875
2026-05-28,1272.699951171875,1272.699951171875,1272.699951171875,1272.699951171875
2026-05-29,1275.0999755859375,1287.800048828125,1247.9000244140625,1256.4000244140625
2026-06-01,1257.0999755859375,1261.9000244140625,1235.9000244140625,1239.699951171875
2026-06-02,1233.0,1237.699951171875,1220.699951171875,1226.5999755859375
2026-06-03,1219.9000244140625,1248.300048828125,1213.699951171875,1242.0
2026-06-04,1232.199951171875,1262.300048828125,1232.199951171875,1251.699951171875
2026-06-05,1257.0,1265.0,1250.0,1262.0999755859375
2026-06-08,1246.4000244140625,1254.0,1243.0999755859375,1250.199951171875
2026-06-09,1255.0,1279.9000244140625,1252.699951171875,1275.0
2026-06-10,1271.300048828125,1306.0,1271.300048828125,1293.300048828125
2026-06-11,1286.5,1333.0,1286.5,1317.0
2026-06-12,1330.0,1344.300048828125,1318.699951171875,1340.800048828125
2026-06-15,1354.5999755859375,1362.699951171875,1325.300048828125,1327.5999755859375
2026-06-16,1331.9000244140625,1337.300048828125,1326.300048828125,1334.300048828125
2026-06-17,1342.0,1346.0,1333.4000244140625,1336.800048828125
2026-06-18,1333.5999755859375,1346.9000244140625,1331.4000244140625,1342.300048828125
2026-06-19,1340.5,1352.300048828125,1332.0,1346.5
2026-06-22,1353.0,1362.699951171875,1348.4000244140625,1352.4000244140625
2026-06-23,1358.0,1369.0999755859375,1331.5,1338.300048828125
2026-06-24,1340.5999755859375,1377.5999755859375,1340.5999755859375,1373.5999755859375
2026-06-25,1381.9000244140625,1404.0,1380.0999755859375,1387.5
2026-06-26,1387.5,1387.5,1387.5,1387.5
2026-06-29,1390.0,1402.0,1383.199951171875,1387.5999755859375
2026-06-30,1402.0,1402.0,1366.0999755859375,1375.199951171875
2026-07-01,1371.4000244140625,1385.0999755859375,1367.699951171875,1379.800048828125
2026-07-02,1381.9000244140625,1405.0,1376.800048828125,1400.0
