date,open,high,low,close
2021-07-02,1357.8025504266625,1366.9477617714929,1343.562171167975,1365.5107421875
2021-07-05,1366.6865788207563,1380.491472279574,1359.6317225292362,1375.2220458984375
2021-07-06,1370.6492393575872,1382.015471838264,1356.1911186127295,1360.633056640625
2021-07-07,1363.9866068041097,1367.9059832858584,1345.347772938037,1362.7236328125
2021-07-08,1365.684912101554,1372.6526922653372,1349.1364342125682,1359.370361328125
2021-07-09,1355.2330669718385,1367.3396047081196,1350.8782049314407,1361.2427978515625
2021-07-12,1367.9057813469253,1374.3944833697385,1335.8539536554729,1348.1346435546875
2021-07-13,1355.581708354052,1355.581708354052,1338.0751812303984,1345.6090087890625
2021-07-14,1353.4912324038655,1378.5752823277203,1339.6427487234016,1373.4365234375
2021-07-15,1356.8880824588236,1390.812418891996,1355.2332134406452,1376.8333740234375
2021-07-16,1370.6928663714386,1371.4767628250784,1349.6588608514694,1354.7540283203125
2021-07-19,1345.3911156206077,1352.533153580218,1339.1637475912771,1342.7781982421875
2021-07-20,1339.8170980665798,1356.7138802520703,1339.5557637771587,1350.051025390625
2021-07-22,1359.936562140339,1387.3286063361954,1359.936562140339,1385.0205078125
2021-07-23,1383.5835184231282,1392.2496529655537,1380.5351144285212,1385.23828125
2021-07-26,1388.4173074229864,1403.7029180573702,1388.4173074229864,1396.952880859375
2021-07-27,1397.9110620813844,1401.6562868940487,1391.727177712481,1395.7772216796875
2021-07-28,1397.9978633827702,1400.1752945157943,1380.9268245638377,1398.433349609375
2021-07-29,1393.6428505544982,1410.9752217648422,1393.6428505544982,1408.3623046875
2021-07-30,1402.2658076696387,1413.9368611216748,1398.9125846109287,1402.7012939453125
2021-08-02,1417.4639623530684,1423.8221032776687,1410.2784401924682,1421.0350341796875
2021-08-03,1434.4918563493748,1444.6387082912352,1424.5627475551084,1441.6337890625
2021-08-04,1453.7401991220645,1463.146744783546,1427.5675389174712,1436.451416015625
2021-08-05,1436.6692958051754,1451.0403436262031,1434.5354554748603,1440.19677734375
2021-08-06,1443.2015868253418,1446.3806580542653,1431.8789431145817,1437.2789306640625
2021-08-09,1446.6853193592076,1452.3030494440573,1433.9691421507919,1448.6885986328125
2021-08-10,1452.7822488331904,1463.2339196881055,1446.7290319910098,1460.8387451171875
2021-08-11,1458.7048011852285,1466.7177057432823,1452.7821455937024,1461.0999755859375
2021-08-12,1462.4933514969034,1477.6047016288974,1458.0078222969491,1471.594970703125
2021-08-13,1478.0403134331104,1500.2501118966013,1473.0758127751071,1491.279052734375
2021-08-16,1487.3597412491697,1498.0291547007535,1472.030646043933,1484.485595703125
2021-08-17,1484.0501084300226,1523.2438721030503,1468.9387563667328,1516.9293212890625
2021-08-18,1505.9113246071138,1528.9920938969278,1504.1693797550522,1509.787109375
2021-08-20,1494.6758198585792,1519.8469452589354,1494.6758198585792,1509.3516845703125
2021-08-23,1511.7904030093007,1526.9453446318312,1508.524256380302,1514.4033203125
2021-08-24,1524.201733492807,1530.2985404267783,1491.7144197309817,1498.8128662109375
2021-08-25,1496.3307234273852,1521.5018494102508,1496.3307234273852,1511.6163330078125
2021-08-26,1510.2663441886914,1520.7180143906892,1498.0727289530273,1504.7791748046875
2021-08-27,1502.4274600331892,1504.7790430948553,1485.1821631813789,1488.3177490234375
2021-08-30,1483.3099411608266,1496.8970925686256,1472.2921164162058,1478.955078125
2021-08-31,1480.7838114569747,1493.7177308949172,1468.3288630679174,1486.2708740234375
2021-09-01,1488.927423514973,1488.927423514973,1457.267595791076,1461.2740478515625
2021-09-02,1460.9258620402402,1475.6889113283519,1448.1226074122255,1471.1597900390625
2021-09-03,1477.2129082319484,1485.835450675509,1467.0660576377923,1481.2193603515625
2021-09-06,1485.1388033981718,1508.5243941333167,1480.0871202894011,1507.130859375
2021-09-07,1506.7823763845429,1511.0501627608223,1484.13709211518,1486.4451904296875
2021-09-08,1481.393539587416,1481.393539587416,1465.8031107394431,1474.774169921875
2021-09-09,1468.372535490299,1476.2112878647204,1465.1063886676236,1473.3370361328125
2021-09-13,1465.8465907578222,1481.9595806146374,1459.0529633172687,1473.5982666015625
2021-09-14,1477.1257989130531,1477.1257989130531,1462.0144469944478,1468.59033203125
2021-09-15,1474.7741973936459,1493.8049254065334,1472.117688719493,1490.6258544921875
2021-09-16,1493.8918432115127,1497.4193240191062,1473.2062483617503,1482.61279296875
2021-09-17,1478.0403062981004,1496.3307284738578,1467.1095590889208,1473.0758056640625
2021-09-20,1467.588794337864,1487.359829336001,1461.4483951332998,1470.071044921875
2021-09-21,1480.6532560868934,1503.9517705576725,1467.2838494209095,1496.72265625
2021-09-22,1495.4598787260009,1514.5341989673232,1492.0195796575874,1495.372802734375
2021-09-23,1508.5244539217945,1519.8470970516926,1499.030831879671,1517.7132568359375
2021-09-24,1531.169602820424,1557.2987769299875,1526.335663082202,1536.2647705078125
2021-09-27,1540.5328614815633,1540.7506046421968,1496.4180758732487,1499.0745849609375
2021-09-28,1489.3628929542976,1489.3628929542976,1458.8788571335956,1469.4176025390625
2021-09-29,1445.1612257222725,1481.8727405310417,1441.4595923280765,1473.9033203125
2021-09-30,1483.2663028944044,1483.2663028944044,1454.6112837647613,1459.05322265625
2021-10-01,1450.2560914701553,1462.3190376924388,1446.9028690646644,1450.2996826171875
2021-10-04,1456.7013200318202,1470.2013920560314,1450.517437336317,1462.1448974609375
2021-10-05,1455.394839760365,1483.2223646353755,1448.4270607549292,1474.382080078125
2021-10-06,1482.4822902737767,1488.492021865943,1454.524093924005,1457.6160888671875
2021-10-07,1469.330685011527,1484.3113702738483,1460.3161404249604,1472.8145751953125
2021-10-08,1485.2258362951297,1508.0888641225727,1479.2596960117546,1501.4259033203125
2021-10-11,1464.9759556959,1506.7826417086249,1449.0371141255885,1472.7711181640625
2021-10-12,1460.621034543982,1471.072705631953,1447.556445684018,1467.719482421875
2021-10-13,1477.1257522003684,1492.5420290685638,1463.277374662343,1488.6661376953125
2021-10-14,1527.6857924741366,1553.4665576738048,1479.085483572147,1494.37109375
2021-10-18,1515.4923316359125,1566.8797152948314,1515.4923316359125,1560.91357421875
2021-10-19,1579.9442767437083,1597.7992148215726,1552.334488195164,1587.042724609375
2021-10-20,1593.3573373249412,1609.5574068441326,1562.568476374668,1569.7974853515625
2021-10-21,1579.9440255087377,1579.9440255087377,1521.4582041825172,1527.380859375
2021-10-22,1524.1146865515605,1535.6985561548709,1486.7499477946783,1497.8984375
2021-10-25,1499.858350257659,1506.564796489911,1469.5048712675496,1487.229248046875
2021-10-26,1502.6062654350915,1517.1485436893581,1490.1727607226414,1497.0264892578125
2021-10-27,1501.7712562519496,1523.7825158828489,1494.785703429368,1519.2132568359375
2021-10-28,1510.7780094844702,1515.522964410046,1486.7897990608278,1497.2022705078125
2021-10-29,1492.8967290645846,1504.8469109760645,1459.5504324355952,1465.4376220703125
2021-11-01,1474.0046817971954,1500.1017709635096,1472.6866448239043,1493.8192138671875
2021-11-02,1489.3817055003249,1499.442677656232,1481.7810045478552,1491.929931640625
2021-11-03,1501.6837848321632,1509.1086851583352,1492.8968697658545,1495.9722900390625
2021-11-04,1506.955843008158,1508.713225915456,1498.1689284716672,1501.4200439453125
2021-11-08,1520.1362543558903,1529.8018605974596,1496.4115844902203,1526.7264404296875
2021-11-09,1524.3098926867096,1537.7099364183555,1516.621343004618,1531.1197509765625
2021-11-10,1516.6213052274068,1538.5446120128352,1513.0625622726295,1529.0548095703125
2021-11-11,1522.7282608636551,1528.703405453859,1501.6836441561402,1523.035888671875
2021-11-12,1531.5591812690018,1566.5750137314162,1527.2097015420263,1564.2464599609375
2021-11-15,1565.916080701805,1581.6446798033896,1560.116738328288,1570.353515625
2021-11-16,1572.8576289550256,1589.508788323187,1561.4346405883132,1574.878662109375
2021-11-17,1575.0983554327267,1583.401946486974,1564.6857762457305,1570.616943359375
2021-11-18,1565.4766573762213,1572.3743637688792,1545.6182521663638,1563.5435791015625
2021-11-22,1567.5853905552658,1568.8155799150782,1538.7204007522319,1545.9696044921875
2021-11-23,1524.6175312167047,1535.2936539110958,1502.5623970170118,1526.19921875
2021-11-24,1528.9229166282798,1529.3622622939777,1483.2309673957104,1490.260498046875
2021-11-25,1493.7754205362603,1516.7970929361409,1491.0953687886788,1513.4581298828125
2021-11-26,1496.0161123736239,1509.8993723813282,1479.716343711144,1486.4383544921875
2021-11-29,1485.867137758942,1504.319656915026,1466.6677523751573,1490.568115234375
2021-11-30,1497.7734901514705,1520.0482960069558,1493.8193787950365,1504.890869140625
2021-12-01,1506.9558896878457,1530.5927119756113,1505.1985067261105,1506.8680419921875
2021-12-02,1506.9556323902027,1538.1491746350146,1503.7483875802125,1536.172119140625
2021-12-03,1556.2503551294296,1569.914049638286,1522.3768651886874,1525.012939453125
2021-12-06,1520.1361797156055,1523.6069679725288,1486.3065595311832,1489.6456298828125
2021-12-07,1494.7417269076518,1515.6546224437207,1488.5030402221907,1504.011962890625
2021-12-08,1522.7723363402492,1546.3213109323074,1522.4208382954744,1540.6536865234375
2021-12-09,1545.6181864523098,1554.7565985466379,1530.680432518433,1549.5283203125
2021-12-10,1546.496909194259,1549.7920020405534,1534.1952292347592,1545.837890625
2021-12-13,1552.6917427954177,1556.470051607841,1527.8687097618824,1533.009033203125
2021-12-14,1520.9269292908916,1549.1329011030184,1502.8697785484514,1539.59912109375
2021-12-15,1533.3164478312353,1535.9085444800232,1512.4035502224383,1523.8265380859375
2021-12-16,1548.825573419924,1561.9619682661307,1544.7396365465954,1556.6898193359375
2021-12-17,1599.2183437253605,1618.549554473689,1587.5756827064808,1599.9652099609375
2021-12-20,1583.1381278143033,1607.697614867699,1570.4850584603494,1580.6778564453125
2021-12-21,1582.523415823334,1615.0350018230363,1582.523415823334,1591.8375244140625
2021-12-22,1603.611916944821,1607.2585079618086,1592.4964485064465,1603.3482666015625
2021-12-23,1609.103704090808,1635.7719679184652,1605.3692654601534,1632.2572021484375
2021-12-24,1645.7451196749826,1648.2054986567352,1629.0939594879846,1637.4415283203125
2021-12-27,1634.3659241624905,1647.1069488401015,1621.2295312790468,1639.7698974609375
2021-12-28,1652.5548702377228,1665.9110438520706,1650.5339443784728,1658.9693603515625
2021-12-29,1655.0151681366292,1664.065732003417,1648.7764809648074,1656.8165283203125
2021-12-30,1655.8940269931556,1678.124963441618,1646.9752873799528,1663.2310791015625
2021-12-31,1660.7266893716478,1668.0637408590383,1644.602724183878,1658.7496337890625
2022-01-03,1658.7496564451544,1681.8592826976471,1658.7496564451544,1668.151611328125
2022-01-04,1668.151697346698,1675.3570314082458,1650.1825005622568,1668.766845703125
2022-01-05,1669.5137232070176,1672.061949815919,1616.7922372110065,1620.878173828125
2022-01-06,1606.2478877431283,1606.2478877431283,1581.6445284122708,1597.2852783203125
2022-01-07,1595.2203703081527,1613.2775227404143,1587.6197749785931,1594.2099609375
2022-01-10,1594.8248209393573,1643.0649981325935,1593.0674382165591,1626.238037109375
2022-01-11,1629.9725624667992,1643.1529335918676,1625.7109305887875,1630.499755859375
2022-01-12,1642.1862281862043,1659.8479022527206,1634.3658539915618,1649.698974609375
2022-01-13,1673.9072535300188,1680.4974395675385,1639.9458066975717,1666.7020263671875
2022-01-14,1653.6972065268249,1698.5104677026313,1652.8185151312207,1695.30322265625
2022-01-17,1703.3870879152166,1716.8749781188799,1696.3135799399108,1704.2218017578125
2022-01-18,1688.9329161779824,1709.0549730457055,1679.574830220187,1687.7467041015625
2022-01-19,1683.572566076713,1683.572566076713,1636.8701010507093,1640.5606689453125
2022-01-20,1620.3068375307487,1623.8216029050018,1595.2641342391942,1602.4693603515625
2022-01-21,1577.2510967324367,1588.6740851767383,1560.5559597753802,1569.0792236328125
2022-01-24,1550.890383701955,1554.0976288940496,1518.378800587523,1526.111328125
2022-01-25,1517.1485371127924,1528.923023226851,1494.214713216816,1513.2384033203125
2022-01-27,1495.5327130043718,1502.29859365424,1463.0211322868854,1474.9713134765625
2022-01-28,1477.0801399370898,1517.983264646861,1475.7621029294125,1481.6492919921875
2022-01-31,1509.591843604878,1537.2706230423364,1507.2632899140617,1525.583984375
2022-02-01,1551.856926666537,1564.0707591029711,1524.265994070383,1557.085205078125
2022-02-02,1571.9789834277135,1575.3180537987653,1557.0412289736769,1570.3094482421875
2022-02-03,1563.1920737397209,1563.1920737397209,1523.6509588896436,1527.6490478515625
2022-02-04,1521.8935777665583,1541.1808120164233,1502.6941912084785,1529.8896484375
2022-02-07,1513.2823459720125,1521.8935649371356,1489.733479878767,1506.955810546875
2022-02-08,1502.5623164200595,1515.7426876167267,1490.2606366365032,1508.976806640625
2022-02-09,1524.5295040838362,1531.5590349384013,1515.7425905156294,1526.550537109375
2022-02-10,1542.6745490801131,1558.7106668309207,1536.611557080806,1554.9322509765625
2022-02-11,1528.923139634157,1534.1513109136818,1505.1984702260409,1512.5355224609375
2022-02-14,1484.9883568052496,1510.0750373354194,1474.663733614444,1478.134521484375
2022-02-15,1492.896618085269,1534.8541304534688,1485.383764065274,1527.38525390625
2022-02-16,1527.3853683173847,1542.4988179107663,1517.3682646277543,1523.035888671875
2022-02-17,1532.4378490996394,1536.8313062358195,1511.6129051790003,1515.5670166015625
2022-02-18,1502.5623760399344,1513.5460191396417,1496.8508816280867,1499.88232421875
2022-02-21,1494.65424801455,1526.5507925084316,1486.3066787281666,1520.7513427734375
2022-02-22,1493.6873792303204,1538.5884837161573,1485.9109825897194,1523.958251953125
2022-02-23,1537.7099108964103,1544.9591147620647,1523.123655479762,1531.42724609375
2022-02-24,1485.0762465850694,1506.9117054360172,1467.8539173756792,1474.575927734375
2022-02-25,1506.9558447051804,1518.5106587861058,1473.565569428914,1489.030517578125
2022-02-28,1478.1347163040493,1518.4228051512885,1463.0212662482625,1507.4830322265625
2022-03-02,1502.5624979479314,1506.4287620851394,1485.8673590818432,1496.2359619140625
2022-03-03,1511.5248984753623,1523.5630349736196,1498.6521553167977,1512.0960693359375
2022-03-04,1489.601685282867,1525.4083619826322,1477.0803320811085,1514.2490234375
2022-03-07,1491.1394725869231,1538.5888134942265,1490.2607810886398,1528.7913818359375
2022-03-08,1509.9872022162124,1581.644529208251,1509.9872022162124,1562.489013671875
2022-03-09,1573.7363895823908,1609.411241059636,1573.7363895823908,1593.3751220703125
2022-03-10,1620.9658987002945,1620.9658987002945,1590.6070690763233,1604.402587890625
2022-03-11,1593.9464199765455,1609.2356739028405,1591.3103454120858,1600.9759521484375
2022-03-14,1609.3671678167375,1665.1200904742025,1609.3671678167375,1661.3416748046875
2022-03-15,1659.2768725454414,1659.2768725454414,1608.0052511537049,1616.1771240234375
2022-03-16,1638.7593724368805,1664.1974441872826,1624.7003107966714,1660.199462890625
2022-03-17,1689.9872589454178,1689.9872589454178,1610.6853579171534,1629.62109375
2022-03-21,1635.2445864629065,1658.002713659227,1617.7586073153645,1628.259033203125
2022-03-22,1625.5789398251059,1660.7265925780812,1615.9133353180378,1658.4420166015625
2022-03-23,1666.8777520338913,1669.513826496781,1631.7300925286959,1645.261962890625
2022-03-24,1630.9831884689734,1664.7688324815458,1630.9831884689734,1657.8271484375
2022-03-25,1662.4841869657494,1664.2415698272353,1632.6086783204876,1648.908447265625
2022-03-28,1639.6381504800765,1652.7306737771728,1627.9076417562392,1646.579833984375
2022-03-29,1646.5800125748235,1660.1997307360898,1634.8495025786779,1657.212158203125
2022-03-30,1678.3005006424887,1686.208722896825,1665.1201302185948,1672.984375
2022-03-31,1669.5138216935436,1680.9368109998677,1664.4173681750951,1675.5328369140625
2022-04-01,1657.9588459097863,1678.5642235880214,1650.4460988003643,1672.633056640625
2022-04-04,1660.5070045294929,1663.362751461479,1645.788924187718,1654.5318603515625
2022-04-05,1655.2787548219912,1660.3751001308806,1631.8616096448654,1635.3323974609375
2022-04-06,1629.9725526181892,1632.169281125761,1601.107561481124,1606.9947509765625
2022-04-07,1600.1409496978658,1606.379636923527,1588.2786162958694,1591.31005859375
2022-04-08,1601.8542952289317,1615.034665184189,1588.6739252736745,1594.4732666015625
2022-04-11,1593.946057575753,1593.946057575753,1548.7374319787987,1552.252197265625
2022-04-12,1544.3000311752362,1544.3000311752362,1518.1589637911889,1531.07568359375
2022-04-13,1542.0594523193558,1544.3001583273306,1521.8935272961232,1536.4359130859375
2022-04-18,1410.738990878907,1449.8407567425704,1397.1192746792042,1424.710205078125
2022-04-19,1438.110326839995,1438.110326839995,1361.9716942234015,1372.5159912109375
2022-04-20,1383.9389289365774,1402.6550983089535,1373.3946323351558,1395.0982666015625
2022-04-21,1401.5128815545488,1429.8067037193202,1396.4604056492583,1422.42578125
2022-04-22,1409.728380952071,1415.3080493150037,1390.4411496132832,1393.12109375
2022-04-25,1382.0057282177281,1382.0057282177281,1365.5741364473374,1371.7249755859375
2022-04-26,1385.8719894508067,1398.8766646653621,1376.5140121457584,1389.2110595703125
2022-04-27,1381.961856821622,1381.961856821622,1362.2791486149092,1364.4320068359375
2022-04-28,1379.5454535287045,1407.4878820528004,1368.5178339093395,1390.616943359375
2022-04-29,1397.1192785504973,1403.5337684574995,1371.4615334467492,1377.3927001953125
2022-05-02,1362.7625430622788,1364.3881007348616,1345.276562373256,1354.0634765625
2022-05-04,1359.5553049527848,1379.545534836563,1344.5297030639988,1349.274658203125
2022-05-05,1370.8024136363445,1396.5919819925602,1368.5177304330361,1392.8575439453125
2022-05-06,1361.9715069838842,1372.3839773751754,1348.835115031049,1355.6888427734375
2022-05-09,1353.1846449249074,1394.3074419742286,1337.5000261747937,1379.8529052734375
2022-05-10,1369.0011227639045,1378.7985527649935,1358.5008040403675,1364.607666015625
2022-05-11,1361.927588201104,1361.927588201104,1328.2297970447912,1341.5419921875
2022-05-12,1330.3389282764122,1342.2012635021265,1321.8156636487201,1325.769775390625
2022-05-13,1334.9958431960715,1343.7387794348365,1316.3675217689756,1321.9033203125
2022-05-16,1326.8240224148346,1328.4495800627174,1299.2770683025562,1308.4593505859375
2022-05-17,1313.555783441477,1340.0043728900273,1301.2541039526504,1334.2489013671875
2022-05-18,1337.3686334287927,1361.7083481756881,1322.694526413643,1326.121337890625
2022-05-19,1301.3420497086145,1304.593165199384,1245.6769672791786,1254.0245361328125
2022-05-20,1276.7385996614764,1288.8206063685275,1271.2028009563014,1278.6278076171875
2022-05-23,1278.5837480095965,1307.4927145622214,1274.1464210976928,1290.2703857421875
2022-05-24,1290.4463220800299,1291.2811433666081,1261.1419818568445,1266.1944580078125
2022-05-25,1260.9221361098096,1267.5123214901744,1229.5089191300704,1239.3502197265625
2022-05-26,1245.9844752652336,1256.5287726581694,1236.3628467990359,1251.212646484375
2022-05-27,1268.7865520688702,1289.0404341053775,1263.0311870850603,1284.0758056640625
2022-05-30,1306.614218168776,1344.397951444672,1304.856835225711,1341.586181640625
2022-05-31,1341.4971403772934,1347.9795623962705,1321.4728713370666,1335.1923828125
2022-06-01,1343.5395760270444,1345.0935709100895,1307.2204739379727,1312.9481201171875
2022-06-02,1317.787679252321,1344.2943706627866,1310.3284820297667,1339.099609375
2022-06-03,1354.1067924628962,1380.835483354974,1347.9795908249841,1351.26513671875
2022-06-06,1346.2035297111815,1364.4962472875359,1325.779597532186,1358.679931640625
2022-06-07,1349.6224971381034,1349.6224971381034,1334.3045457286844,1337.9453125
2022-06-08,1349.9331029298305,1349.9331029298305,1324.89162890625,1331.99560546875
2022-06-09,1318.675759494895,1347.0472249005495,1315.5677694893513,1345.315673828125
2022-06-10,1319.6524730579197,1326.6232286366903,1308.5525092706785,1311.3941650390625
2022-06-13,1281.9126277011962,1281.9126277011962,1253.5854977400272,1264.951904296875
2022-06-14,1252.075869762069,1286.618977493986,1245.9931115070253,1279.2042236328125
2022-06-15,1278.8933715213977,1284.3990185434857,1259.9346552426048,1262.909423828125
2022-06-16,1276.9399223929138,1282.0459060881565,1236.0920528309707,1240.7095947265625
2022-06-17,1235.2483238555576,1240.4874196646322,1214.0251729542306,1231.9183349609375
2022-06-20,1234.3605201667415,1263.0427639663321,1227.2120995273342,1255.76123046875
2022-06-21,1264.507932381181,1292.9238409740165,1263.3979359517734,1287.507080078125
2022-06-22,1275.2082505737685,1296.1205167768,1274.2758102801847,1276.2738037109375
2022-06-23,1278.5382855533985,1294.6997896368189,1272.4998618309749,1289.7713623046875
2022-06-24,1294.6997999490238,1303.1357725824364,1268.8591054568187,1279.692626953125
2022-06-27,1303.6241140424631,1317.7876236462766,1301.0489009150212,1309.4404296875
2022-06-28,1304.4677073865423,1321.561651135481,1290.2597541406712,1314.368896484375
2022-06-29,1300.649368901304,1311.5717770934775,1293.8118342756918,1299.36181640625
2022-06-30,1300.960176372367,1316.0116836459267,1292.0357622839565,1298.1629638671875
2022-07-01,1291.147733707834,1318.6756427483724,1280.8025462113708,1313.702880859375
2022-07-04,1314.4577439626057,1325.1137094600226,1298.2517964352844,1321.3397216796875
2022-07-05,1330.9301027704544,1340.831183761111,1307.1317370251647,1310.6392822265625
2022-07-06,1316.189416047647,1331.9958096817759,1305.3558934881405,1324.5810546875
2022-07-07,1334.7040605575694,1344.3831420553722,1328.1771952712536,1330.8411865234375
2022-07-08,1345.3154680811654,1347.0470188887734,1331.9510697419882,1344.8270263671875
2022-07-11,1327.555669124535,1331.9068766093092,1302.1589736556825,1308.1529541015625
2022-07-12,1298.0741307741685,1304.1124456740424,1275.1637635297923,1277.4725341796875
2022-07-13,1287.5959081661404,1296.4758799465965,1277.4727186568018,1282.66748046875
2022-07-14,1288.4837317181796,1290.215282622801,1255.627840557895,1268.8145751953125
2022-07-15,1284.0439058847987,1284.0439058847987,1252.6532276522264,1270.146728515625
2022-07-18,1287.5958695188904,1326.3125236399783,1285.8643184329112,1323.0269775390625
2022-07-19,1306.7321568201792,1320.3184472133253,1305.4444960050953,1317.9208984375
2022-07-20,1333.1057497387085,1354.9061235932559,1331.9957532776436,1345.5821533203125
2022-07-21,1347.0916394538826,1363.475143060979,1334.7484577291702,1361.2108154296875
2022-07-22,1362.1876887519136,1367.515671889144,1325.0250280493503,1337.5902099609375
2022-07-25,1314.3244515105814,1347.2247865607108,1314.3244515105814,1335.1923828125
2022-07-26,1329.0209351127858,1329.0209351127858,1283.1558613643324,1288.6170654296875
2022-07-27,1288.483822375233,1308.019759034265,1283.1558396500427,1306.2882080078125
2022-07-28,1328.7989592318934,1353.7072142935083,1322.9825345301238,1347.4468994140625
2022-07-29,1361.122085160738,1381.457133330871,1356.859655449305,1376.129150390625
2022-08-01,1388.8275224964943,1388.8275224964943,1365.6508188965988,1377.3280029296875
2022-08-02,1373.3319367159932,1373.7314920454614,1357.1703247119033,1370.7122802734375
2022-08-03,1375.5075317485316,1394.1554711718493,1367.4267796780443,1390.6922607421875
2022-08-04,1409.6954786756162,1424.214210429917,1398.5510710597634,1420.7066650390625
2022-08-05,1428.2545901627868,1443.6168753071975,1422.8378294078434,1435.58056640625
2022-08-08,1435.8912463134488,1440.331231614356,1417.2433080496378,1438.0224609375
2022-08-10,1439.6207698334588,1439.6207698334588,1410.2280892451997,1422.9708251953125
2022-08-11,1447.4352785059941,1448.6340529159374,1435.0033190587033,1438.5108642578125
2022-08-12,1432.6056381248397,1433.2271926806513,1412.0484853977919,1415.5560302734375
2022-08-16,1428.7873514369574,1428.7873514369574,1412.8921814722432,1417.6429443359375
2022-08-17,1417.6428006795595,1431.4511977140078,1407.4752781493191,1426.34521484375
2022-08-18,1415.5560961565852,1419.1968624345182,1397.707376873584,1405.6549072265625
2022-08-19,1407.741913599355,1425.1466359156411,1407.5642491319722,1418.22021484375
2022-08-22,1408.3634783046587,1419.907441241582,1397.7075125167294,1399.1727294921875
2022-08-23,1374.619490522654,1380.3914715875098,1361.2995342191398,1369.646728515625
2022-08-24,1363.0755394912346,1372.8435075266768,1359.5235511147102,1365.2955322265625
2022-08-25,1374.6196086818957,1375.2411633369209,1344.205705841227,1348.1129150390625
2022-08-26,1363.2088193983936,1371.911126256518,1347.4912051170422,1351.132080078125
2022-08-29,1304.068208908207,1304.068208908207,1287.5958190364718,1298.02978515625
2022-08-30,1308.108629152098,1328.5325643697543,1301.8038708297447,1325.7353515625
2022-09-01,1296.5202209856338,1303.668532666685,1288.5282470130728,1300.205322265625
2022-09-02,1312.4596927692705,1312.4596927692705,1285.819780196146,1290.259765625
2022-09-05,1288.4838352280558,1302.6917893036236,1284.3546268952266,1297.6302490234375
2022-09-06,1297.6301585781393,1305.355689709022,1283.5553183345817,1292.12451171875
2022-09-07,1278.7159876557116,1301.581915907194,1276.9844364483333,1294.38916015625
2022-09-08,1309.7957516157421,1315.212512366536,1299.6725627710948,1310.594970703125
2022-09-09,1321.33978765346,1349.7556970653623,1314.2358103004844,1342.3409423828125
2022-09-12,1354.9060300810474,1372.7547502634757,1350.7768218512558,1364.14111328125
2022-09-13,1378.0827779506399,1379.0595531212691,1368.6700299824238,1371.9111328125
2022-09-14,1329.3315936480085,1331.06314454904,1307.1316672343812,1310.15087890625
2022-09-15,1309.7958248853374,1309.9733809599834,1268.9923983100107,1272.3223876953125
2022-09-16,1265.3959486362396,1265.3959486362396,1215.0908880161,1222.8165283203125
2022-09-19,1236.092071374122,1248.5240318620802,1225.9688818685945,1234.58251953125
2022-09-20,1250.2554997650657,1255.2283703476603,1229.964787284812,1233.0284423828125
2022-09-21,1225.3473548787024,1233.2505516184503,1215.1353871043787,1222.994140625
2022-09-22,1213.3149439431238,1228.9436728727633,1207.676183442698,1214.7357177734375
2022-09-23,1214.3360624565184,1238.5784272088517,1209.4520782930736,1212.515625
2022-09-26,1207.6761385505345,1242.7075831808704,1203.2361527470398,1225.6580810546875
2022-09-27,1237.3796194234526,1248.9680259096867,1223.6601064369345,1237.468505859375
2022-09-28,1224.5481116517592,1248.390814263547,1222.7721172911329,1238.4896240234375
2022-09-29,1247.547174377518,1251.9427167580907,1236.9799869799815,1241.9971923828125
2022-09-30,1233.3835962258331,1260.3343964051253,1221.884076510353,1255.1395263671875
2022-10-03,1253.8519436659194,1253.8519436659194,1230.7640183576234,1237.64599609375
2022-10-04,1260.689463513092,1271.8338706895042,1255.6279233059583,1269.3031005859375
2022-10-06,1283.1558746803535,1296.2982757871803,1282.3566555701389,1292.1690673828125
2022-10-07,1284.3546126015165,1294.5665794796807,1278.8490738177404,1288.661376953125
2022-10-10,1266.5946414154234,1300.9157509967636,1266.5946414154234,1298.8289794921875
2022-10-11,1298.8289881372887,1313.9249389319289,1261.0446679361762,1264.330322265625
2022-10-12,1276.0518156752744,1279.6925820570834,1255.2283273173289,1268.681396484375
2022-10-13,1270.7240573079657,1276.8955948000812,1256.516101391175,1260.8673095703125
2022-10-14,1318.6757298301836,1326.6677039503666,1302.913780870934,1309.1297607421875
2022-10-17,1311.4829914797187,1327.55571795731,1310.2397738100408,1323.0712890625
2022-10-18,1340.875675315851,1341.7192292357881,1329.5537118322238,1335.28125
2022-10-19,1335.54770780305,1336.3912617326525,1315.3902159447794,1319.0753173828125
2022-10-20,1309.7958943579833,1335.547813636886,1309.085453225533,1332.7950439453125
2022-10-21,1332.2621411983666,1337.3236814941895,1324.314501823941,1332.439697265625
2022-10-24,1348.423655366755,1351.3540892842454,1341.7636768252662,1347.846435546875
2022-10-25,1356.9484274924105,1361.2108571850185,1350.6881126041244,1355.35009765625
2022-10-27,1374.201834673,1377.8823898027329,1357.7738493894442,1368.052490234375
2022-10-28,1369.892717518689,1371.6431919026134,1352.8363861734367,1358.447021484375
2022-10-31,1373.7079380791174,1388.205841518274,1373.7079380791174,1380.3509521484375
2022-11-01,1394.1756124417263,1413.8801201240165,1388.8342217938466,1412.084716796875
2022-11-02,1411.1871250678016,1411.8604013679294,1386.949178263202,1394.400146484375
2022-11-03,1381.3383511548413,1385.9615363587588,1365.987675554083,1374.15673828125
2022-11-04,1364.9106159972587,1364.9106159972587,1347.5850375397733,1359.1204833984375
2022-11-07,1365.7634838564727,1371.598545314741,1338.56307661022,1353.240478515625
2022-11-09,1372.5856991457824,1372.5856991457824,1347.5398034514983,1356.6065673828125
2022-11-10,1333.0872204378845,1357.3251699003915,1333.0872204378845,1348.30322265625
2022-11-11,1388.4303838615199,1412.5336530698069,1388.4303838615199,1409.4814453125
2022-11-14,1414.015013787511,1428.6026680540272,1408.0003459710574,1423.126708984375
2022-11-15,1416.4387397613082,1434.392775464041,1411.8604825736588,1430.9366455078125
2022-11-16,1433.764388917107,1444.4021328641024,1430.4877555742369,1438.83642578125
2022-11-17,1433.8090069491304,1438.8362237690626,1421.0167586560885,1425.0115966796875
2022-11-18,1428.8717905380126,1434.527355233414,1414.3290664394517,1430.39794921875
2022-11-21,1420.2538323357628,1425.4156170914362,1404.0503824610678,1407.7757568359375
2022-11-22,1408.4940645666102,1425.550398044472,1402.210152232661,1422.9022216796875
2022-11-23,1426.3581957002846,1429.1410489418556,1417.7402816433105,1421.1964111328125
2022-11-24,1426.4480659668009,1468.6400477795382,1422.6328335688406,1463.0743408203125
2022-11-25,1464.510573443889,1475.8215929330347,1448.7110454604212,1468.3258056640625
2022-11-28,1461.4583854460668,1484.3497790755966,1454.276771758371,1457.3289794921875
2022-11-29,1455.3538334700106,1471.1085408527335,1449.8330561316118,1462.40087890625
2022-11-30,1454.2317409044451,1477.3924872568878,1448.1274354474258,1467.697265625
2022-12-01,1486.7735894799405,1501.49592004661,1483.2726403329877,1487.58154296875
2022-12-02,1486.5939592971272,1491.8006727944214,1466.799593723397,1470.3455810546875
2022-12-05,1470.4353696971718,1476.5846043633042,1457.2391986740056,1472.00634765625
2022-12-06,1458.765244692734,1459.6629463817758,1443.100394052047,1447.903076171875
2022-12-07,1443.5042639072717,1457.6879939155688,1433.3601913539392,1441.260009765625
2022-12-08,1441.259904655338,1457.7776358497745,1434.975993517009,1454.4112548828125
2022-12-09,1461.4582243868986,1461.4582243868986,1401.4019646254637,1408.76318359375
2022-12-12,1391.437558650479,1405.7558561467295,1373.5284545512598,1388.9239501953125
2022-12-13,1388.9238134722627,1416.1242146452848,1383.492784769525,1411.321533203125
2022-12-14,1420.1638360714908,1425.998896080634,1412.084522212677,1417.829833984375
2022-12-15,1408.7632757795202,1409.3916231159728,1378.1964900565588,1382.909423828125
2022-12-16,1368.9950538345975,1390.9887448634156,1357.369860981026,1366.4814453125
2022-12-19,1353.689233868756,1361.7237298285659,1342.1089696118938,1353.150634765625
2022-12-20,1347.4502703396117,1360.9157960258838,1330.797859741164,1353.1058349609375
2022-12-21,1360.0180406581342,1365.4042507201466,1348.662092527513,1355.1256103515625
2022-12-22,1365.8530220311222,1373.4385569270282,1357.1004311899765,1366.3468017578125
2022-12-23,1354.362536751784,1355.4398445619386,1340.2686636264464,1343.94921875
2022-12-26,1347.0013761347504,1355.4397938764648,1343.2758922315616,1348.70703125
2022-12-27,1355.4847842011498,1365.8083548640152,1344.3084406644473,1359.883544921875
2022-12-28,1351.1307473515324,1368.9501033965662,1345.2059383085596,1355.6641845703125
2022-12-29,1350.1434701575076,1365.673754704515,1347.4503648313955,1362.307373046875
2022-12-30,1371.688234257162,1373.8427403112848,1350.1883218006867,1353.9136962890625
2023-01-02,1359.1203949695496,1370.3416663943312,1350.188306748515,1368.097412109375
2023-01-03,1364.3719160112378,1375.862541681665,1360.1078329075388,1366.7957763671875
2023-01-04,1365.4042617792377,1365.4042617792377,1338.5629595029297,1341.884521484375
2023-01-05,1351.8490596942972,1351.8490596942972,1318.948269310685,1324.28955078125
2023-01-06,1319.6213856737572,1324.109893788294,1298.5253975354353,1300.32080078125
2023-01-09,1300.051455589557,1336.9918995481128,1300.051455589557,1332.5931396484375
2023-01-10,1330.3939407278556,1332.0995959017448,1305.3032216437111,1319.3970947265625
2023-01-11,1319.621525196474,1341.1663664241717,1314.2353148895497,1320.74365234375
2023-01-12,1330.348960311909,1333.0869942679058,1306.1559438786553,1329.1370849609375
2023-01-13,1331.7405119183861,1363.9680258321482,1317.8261351507858,1349.8292236328125
2023-01-16,1355.5297139385652,1371.6883462901508,1348.6174539323713,1369.444091796875
2023-01-17,1370.7903268138245,1384.4353471376285,1368.0972220460174,1382.0115966796875
2023-01-18,1386.7248215371396,1393.098482244262,1382.1016354639867,1387.308349609375
2023-01-19,1382.3708462159693,1391.0336893900567,1370.0274480510775,1381.47314453125
2023-01-20,1380.6652340912512,1386.9491460799632,1368.0974101138277,1369.4888916015625
2023-01-23,1377.9719689342094,1394.3999522014951,1371.7778059195255,1389.64208984375
2023-01-24,1400.414672506807,1408.3144914155778,1391.2132299470666,1393.143310546875
2023-01-25,1388.744493228618,1396.8238083152746,1381.338454399183,1385.1536865234375
2023-01-27,1387.8466742580101,1392.2902533470308,1353.195414398124,1363.743408203125
2023-01-30,1372.406405831687,1386.051427868807,1364.5065870211054,1381.3834228515625
2023-01-31,1390.450178190422,1390.450178190422,1358.2226654027863,1376.8499755859375
2023-02-01,1384.4354819888624,1395.9710362007636,1371.7330909295972,1392.425048828125
2023-02-02,1393.2329580209157,1424.607586792744,1393.2329580209157,1421.7349853515625
2023-02-03,1434.0784025458154,1440.4969913344742,1412.084711865144,1435.7840576171875
2023-02-06,1434.5272821728975,1434.5272821728975,1401.8509191605494,1409.2569580078125
2023-02-07,1408.494023406654,1414.822864476851,1396.0159473630506,1402.5692138671875
2023-02-08,1405.3520131355485,1439.0158269283195,1405.3520131355485,1427.7945556640625
2023-02-09,1432.9113793663391,1454.0522977867906,1423.79979497045,1451.5836181640625
2023-02-10,1447.9477241027244,1450.9551120711883,1433.1356479869482,1443.9979248046875
2023-02-13,1433.6296691341104,1433.6296691341104,1405.8009153813505,1407.1025390625
2023-02-14,1422.5875476631475,1432.7316186205476,1416.7076684867272,1430.262939453125
2023-02-15,1421.9595093920875,1435.4250350492096,1414.7778957082892,1433.674560546875
2023-02-16,1436.3225698383455,1449.2943142141119,1434.3924894685822,1437.9384765625
2023-02-17,1430.936665872801,1431.8343676707138,1414.3291826114166,1421.7801513671875
2023-02-20,1422.8122811217777,1439.0158408168427,1420.6129557658476,1429.5450439453125
2023-02-21,1435.155504627785,1437.8037900984118,1414.777722133191,1417.919677734375
2023-02-22,1403.1077157532914,1413.8801358358503,1396.1954567000723,1402.030517578125
2023-02-23,1409.256926645148,1409.256926645148,1389.7768444892642,1392.06591796875
2023-02-24,1400.4146068720393,1408.4939219116857,1386.9490818059621,1392.0211181640625
2023-02-27,1382.4606439922532,1382.4606439922532,1348.3479787508859,1354.9012451171875
2023-02-28,1360.556563512157,1368.0972790929927,1329.7654634659286,1335.3760986328125
2023-03-01,1339.7300806437838,1347.3156164114991,1329.94510989306,1343.0067138671875
2023-03-02,1333.0869580251103,1336.3186620674148,1317.197682560526,1321.551513671875
2023-03-03,1334.6579262232572,1337.3959600849184,1322.3145285534606,1327.9700927734375
2023-03-06,1341.660213441557,1364.8657820936621,1340.4034090570754,1353.240478515625
2023-03-08,1338.069418507106,1342.9618493256326,1329.5860710220854,1339.9993896484375
2023-03-09,1342.0639414577045,1345.0712200119858,1323.7508062262864,1328.95751953125
2023-03-10,1310.6443201947616,1323.4814967530424,1308.5347433767442,1321.0128173828125
2023-03-13,1314.4147222773474,1327.0724033065608,1281.9179661287412,1288.2916259765625
2023-03-14,1293.58793867944,1300.1860231815615,1266.6568920726509,1274.7362060546875
2023-03-15,1290.894921852731,1295.2487527671929,1271.9085107865455,1274.422119140625
2023-03-16,1272.7614692311392,1272.7614692311392,1255.615279699322,1260.462890625
2023-03-17,1283.7132927675293,1295.2936653670802,1267.016064862061,1275.3646240234375
2023-03-20,1274.4668824223245,1274.4668824223245,1243.1820044445224,1260.058837890625
2023-03-21,1255.8846837960104,1261.2708940195814,1247.8053684606537,1248.4337158203125
2023-03-22,1259.475478387338,1263.2907105920037,1240.7584199586402,1247.132080078125
2023-03-23,1242.3742213827816,1242.3742213827816,1229.851326526063,1233.9359130859375
2023-03-24,1246.0099507660507,1255.8397404782686,1236.584082982878,1239.411865234375
2023-03-27,1244.4389202610448,1252.9670859905164,1233.5318232273341,1246.8626708984375
2023-03-28,1249.6905026499728,1254.9869645456447,1235.1028501650894,1236.673828125
2023-03-29,1237.9307937980113,1247.7157654262332,1224.9590464995765,1242.015380859375
2023-03-31,1260.3730158390927,1283.6683279611534,1251.3062518154823,1281.8729248046875
2023-04-03,1288.2018554237902,1288.2018554237902,1261.4054833442367,1266.5223388671875
2023-04-05,1256.7821801960295,1281.4689730213086,1256.7821801960295,1277.923095703125
2023-04-06,1271.1454333092524,1282.2769547830226,1266.0733974815537,1276.44189453125
2023-04-10,1278.2823267500144,1287.3042729141996,1270.2479401489488,1281.5589599609375
2023-04-11,1282.725811562525,1286.7205397666187,1246.9074965485827,1262.3031005859375
2023-04-12,1268.497547814503,1285.0601018714028,1256.7824957177534,1282.1875
2023-04-13,1265.5348481010121,1266.7019040302373,1241.5213299689306,1247.0870361328125
2023-04-17,1122.3963899019734,1132.136430654267,1064.0457840517952,1129.5780029296875
2023-04-18,1140.0361230223534,1140.0361230223534,1124.9098727143887,1130.5205078125
2023-04-19,1126.0319387762609,1126.0319387762609,1103.634328510182,1106.1478271484375
2023-04-20,1104.801447731595,1111.2200368576048,1096.4528876003903,1098.248291015625
2023-04-21,1102.4674657463806,1107.0906515432816,1095.1961036957662,1101.794189453125
2023-04-24,1102.3776114514949,1104.1730147274745,1093.4005950715969,1100.8515625
2023-04-25,1100.5371253306166,1109.1102186074058,1090.7073376025885,1099.5946044921875
2023-04-26,1102.3775546957118,1106.8660626545704,1095.6897216700977,1101.9736328125
2023-04-27,1104.1729691026203,1120.152101431663,1100.0435636550399,1118.7606201171875
2023-04-28,1127.2438790677813,1130.2063382433646,1117.5935866641942,1124.595703125
2023-05-02,1126.2115210420693,1148.833556221912,1126.2115210420693,1146.768798828125
2023-05-03,1136.4903330105763,1142.3253939620522,1132.9892745231455,1139.318115234375
2023-05-04,1139.138672468051,1145.2880175570444,1133.3485396037659,1143.2681884765625
2023-05-05,1148.160551597661,1148.160551597661,1125.9424330268698,1130.2962646484375
2023-05-08,1133.3034433741707,1140.3504892363796,1126.7951061867552,1136.1312255859375
2023-05-09,1136.4904402427994,1141.876650860064,1131.7325770311218,1140.7095947265625
2023-05-10,1145.8265283700148,1145.8265283700148,1130.3411732804484,1134.021728515625
2023-05-11,1140.305527683217,1145.3775639523772,1124.8651030446258,1127.60302734375
2023-05-12,1125.1344060204995,1127.5133374467855,1112.2973374345554,1117.818115234375
2023-05-15,1122.0372679380657,1139.0935985840445,1118.222036083044,1129.622802734375
2023-05-16,1135.5927028546282,1143.6270896069495,1133.5728739365072,1134.96435546875
2023-05-17,1131.6428307830922,1131.9570044864442,1115.349521720346,1119.3443603515625
2023-05-18,1129.8473970507112,1130.7900277183155,1115.3494919176374,1118.536376953125
2023-05-19,1127.5583046568154,1143.0436595385552,1124.6407740269224,1139.09375
2023-05-22,1142.7293613064382,1163.0623271928262,1140.3056104941186,1160.548828125
2023-05-23,1166.293994801615,1179.714700851119,1164.3640238293533,1167.05712890625
2023-05-24,1163.6907159656682,1171.500676643536,1159.202207626038,1165.80029296875
2023-05-25,1162.0747750049484,1173.2960455245018,1157.361841386736,1170.9171142578125
2023-05-26,1172.398361832931,1188.063211884976,1172.398361832931,1182.677001953125
2023-05-29,1196.3669615854992,1196.3669615854992,1175.8545005172648,1179.9390869140625
2023-05-30,1180.477725221967,1190.7115464294097,1175.2261922392356,1188.42236328125
2023-05-31,1184.8316796350223,1194.930824721551,1179.7148232909426,1183.4403076171875
2023-06-01,1187.2553678657034,1193.4943505359809,1183.2605297506059,1184.517333984375
2023-06-02,1190.8858847438232,1194.4340008819925,1179.104437792939,1181.7882080078125
2023-06-05,1186.3368642798964,1191.2950529177192,1180.2414662246276,1186.791748046875
2023-06-06,1172.3265202842344,1172.3265202842344,1158.134167776339,1163.5927734375
2023-06-07,1174.0550816558036,1177.2392682391398,1166.7769408938925,1172.6448974609375
2023-06-08,1170.1430477667195,1175.4197442918237,1165.5032551977433,1167.0499267578125
2023-06-09,1166.7769126021076,1166.7769126021076,1149.9462124982956,1151.72021484375
2023-06-12,1158.5889785796096,1178.785773831074,1158.1340948031748,1175.3741455078125
2023-06-13,1182.6069242988215,1188.611368241848,1180.0141088524708,1187.1102294921875
2023-06-14,1188.474840185205,1188.7932366228665,1176.5113744554915,1183.061767578125
2023-06-15,1177.1938369363772,1177.1938369363772,1166.9135288571645,1170.6890869140625
2023-06-16,1170.8708768960637,1184.0625068222432,1165.4578042106698,1175.101318359375
2023-06-19,1177.2392578125,1182.2429795419966,1170.9164175038359,1177.2392578125
2023-06-20,1177.239178669295,1187.24662145551,1174.6008306327171,1185.791015625
2023-06-21,1182.6521615053605,1186.1548550598825,1178.1488570146864,1182.1063232421875
2023-06-22,1173.0543732215287,1173.0543732215287,1158.5890460770524,1165.9127197265625
2023-06-23,1161.27275111336,1163.9110992338817,1149.354818354435,1150.85595703125
2023-06-26,1155.6323120512568,1159.0439406048426,1148.3541711369407,1155.7232666015625
2023-06-27,1164.502650447375,1166.3221858386987,1159.2259533902843,1163.7293701171875
2023-06-28,1173.600249850804,1179.695648586696,1165.7762703962558,1176.64794921875
2023-06-30,1190.1579290222737,1218.0878609550978,1186.7463005247835,1214.99462890625
2023-07-03,1209.9907163588139,1224.546995653356,1208.580532379916,1213.3568115234375
2023-07-04,1223.0006455219911,1224.5472060405089,1211.2646211133026,1223.77392578125
2023-07-05,1235.3278393695025,1235.4187939129251,1219.9982784398992,1225.7298583984375
2023-07-06,1221.4085546821386,1225.8663271465525,1216.4957873550766,1222.63671875
2023-07-07,1213.6300129632032,1224.365315371182,1205.7605007879629,1210.1728515625
2023-07-10,1215.9498311998555,1220.8170652524432,1200.256341377616,1209.217529296875
2023-07-11,1213.129475218487,1229.0049853388443,1207.2615190395204,1226.9124755859375
2023-07-12,1229.0961295664667,1229.914942685519,1207.2617053550714,1212.9932861328125
2023-07-13,1214.4486500848052,1252.5679302987028,1210.7640473114604,1241.923583984375
2023-07-14,1256.0706748916025,1300.9676843031073,1256.0706748916025,1297.2830810546875
2023-07-17,1297.2831359575227,1327.3054684043354,1286.684431680645,1294.5538330078125
2023-07-18,1304.6067308473641,1344.5909722136412,1300.0578928736984,1342.089111328125
2023-07-19,1351.91479385142,1363.5598647617583,1328.8976267613086,1341.86181640625
2023-07-20,1338.2681331891117,1338.2681331891117,1310.7021306189188,1318.7081298828125
2023-07-21,1201.075039161913,1228.186155763225,1187.2466172377842,1211.4464111328125
2023-07-24,1219.998361010124,1228.0953149237007,1213.8574296627578,1215.995361328125
2023-07-25,1216.359245637285,1221.681363730559,1204.759709076421,1214.17578125
2023-07-26,1221.817774817035,1228.186147433356,1218.5426339683336,1227.139892578125
2023-07-27,1236.0101907567564,1240.7410487249037,1225.5024420215238,1231.052001953125
2023-07-28,1231.6887088868766,1240.7863838959101,1215.4493812068724,1219.5433349609375
2023-07-31,1227.0489861059361,1235.0094521881804,1212.9475890459607,1233.371826171875
2023-08-01,1239.1035584051742,1245.4719320533654,1234.5547200850378,1242.0147705078125
2023-08-02,1245.7447635687552,1248.1555587567932,1226.7760211098619,1234.4180908203125
2023-08-03,1228.186202359877,1243.2428998554956,1227.2764348025732,1241.1959228515625
2023-08-04,1245.380890015176,1260.8469392172133,1239.1034713632262,1253.9781494140625
2023-08-07,1262.666360213914,1269.1256873794193,1252.7498720583947,1267.30615234375
2023-08-08,1267.1698175564386,1267.8067215289614,1259.482325527499,1264.7589111328125
2023-08-09,1259.1182297003613,1270.0354397844685,1257.7535784398478,1268.579833984375
2023-08-10,1266.0325977609016,1269.853688398212,1260.5739920409878,1263.7581787109375
2023-08-11,1266.396413303026,1270.8087636526227,1243.6977576448737,1248.0645751953125
2023-08-14,1248.0646177377491,1269.1257591782453,1242.378570429603,1267.806640625
2023-08-16,1283.5002048304689,1291.824489722674,1278.5874374632606,1290.50537109375
2023-08-17,1291.8699868845008,1291.8699868845008,1279.1332405349353,1284.1824951171875
2023-08-18,1277.0406772674733,1281.5895150593437,1261.0743232513742,1263.4852294921875
2023-08-21,1264.3495172472738,1280.04300828704,1261.9841437074754,1278.58740234375
2023-08-22,1277.9505385325194,1279.178813670877,1270.6269757839684,1277.0863037109375
2023-08-23,1288.2309000421885,1288.7767383819312,1278.8148277508842,1280.9072265625
2023-08-24,1293.2346518402169,1296.4643712635414,1286.8207457961107,1295.1451416015625
2023-08-25,1285.5016097963642,1294.14440193583,1284.0460038576823,1291.9609375
2023-08-28,1291.9610192819164,1296.2369938760085,1284.0460851385783,1287.91259765625
2023-08-29,1295.509057691945,1295.8729869417455,1287.594124022955,1289.7320556640625
2023-08-30,1298.2383261733323,1307.0176054605395,1295.5090234553786,1305.6529541015625
2023-08-31,1305.6529176191962,1314.523151204695,1299.739428562197,1305.92578125
2023-09-01,1301.8319683222358,1315.524015813637,1299.3301072963106,1313.5679931640625
2023-09-04,1312.794670582204,1337.3583962271932,1305.243554943164,1332.9005126953125
2023-09-05,1332.8095304482017,1346.5015772139598,1325.0765058688094,1345.455322265625
2023-09-06,1348.1845184505673,1349.0942859762029,1331.2628646848657,1344.135986328125
2023-09-07,1337.9042448716023,1340.4516386395803,1330.1257983242597,1333.9012451171875
2023-09-08,1331.4449464210497,1341.6798324116455,1328.4426687748935,1336.9945068359375
2023-09-11,1336.9945540619674,1344.6821575553772,1332.3547611267988,1343.2264404296875
2023-09-12,1348.7304447397828,1368.2904478169532,1343.8176775697427,1365.652099609375
2023-09-13,1369.200367950324,1369.200367950324,1354.3256884896966,1363.150390625
2023-09-14,1369.200240762729,1376.0690305788348,1363.8781225031132,1370.9742431640625
2023-09-15,1381.0271243049056,1381.391053531654,1372.8392164532954,1375.20458984375
2023-09-18,1369.1092169496771,1369.1092169496771,1353.7341230453653,1357.1912841796875
2023-09-20,1342.9990909242965,1360.1937233901647,1342.9990909242965,1355.7813720703125
2023-09-21,1352.4149859666784,1368.790801746706,1342.8168939622524,1366.243408203125
2023-09-22,1357.2821697249913,1370.9741041105199,1351.186660777571,1361.148681640625
2023-09-25,1355.4170944618959,1355.4170944618959,1338.768415761757,1341.1337890625
2023-09-26,1345.682751173916,1346.3650768655104,1327.3509120486192,1328.85205078125
2023-09-27,1324.6215850268404,1336.994401796738,1319.2085123948889,1334.6290283203125
2023-09-28,1335.4478965364908,1339.7237598799838,1305.51651996519,1309.56494140625
2023-09-29,1302.8780821778992,1316.251731755555,1288.2308468786073,1305.92578125
2023-10-03,1306.4718796302209,1307.3361144764153,1292.143039127087,1304.6068115234375
2023-10-04,1296.4188460811952,1319.1175035605104,1290.2323819022101,1314.0228271484375
2023-10-05,1320.982497846701,1342.4985228636597,1319.3448718155562,1331.3992919921875
2023-10-06,1336.9036191822188,1350.5501345192267,1331.2631039318392,1345.2734375
2023-10-09,1332.718425809864,1356.46333522133,1330.261986939683,1342.31640625
2023-10-10,1350.004007288522,1361.9219392552532,1336.5394039477924,1360.2388916015625
2023-10-11,1361.9220140294271,1381.254574348816,1347.7750842911132,1359.556640625
2023-10-12,1357.2822909047482,1368.654385789573,1320.982541821264,1333.264404296875
2023-10-13,1278.2233513513881,1308.2456791767233,1273.6745138020951,1302.0137939453125
2023-10-16,1302.8780961484347,1313.340423053773,1300.9676064898863,1304.7431640625
2023-10-17,1310.2928671016498,1322.2108011891066,1308.291422679862,1312.2943115234375
2023-10-18,1311.8849145317179,1322.8021260257406,1308.5642404911625,1310.5657958984375
2023-10-19,1297.419661765858,1309.7470582096269,1297.419661765858,1304.2884521484375
2023-10-20,1300.967803543473,1308.700828949151,1296.6464069932413,1298.4659423828125
2023-10-23,1296.9647063021316,1303.1056377818345,1278.4509573114844,1281.544189453125
2023-10-25,1289.2389333048216,1292.5104566531788,1254.4967997562355,1262.560302734375
2023-10-26,1248.7371699932087,1266.2003688015045,1246.9400932403355,1252.7918701171875
2023-10-27,1256.662518290247,1276.337444851252,1256.662518290247,1272.05224609375
2023-10-30,1272.0521334622172,1272.0521334622172,1256.155513264206,1269.0111083984375
2023-10-31,1271.6834287710847,1272.7893480503349,1256.0633173275878,1261.0396728515625
2023-11-01,1265.3249033766447,1269.379603358429,1245.6038569027073,1247.90771484375
2023-11-02,1262.514333895597,1268.32010174213,1254.8194697606157,1262.652587890625
2023-11-03,1271.7756915818663,1282.7880874213406,1269.6560973022642,1280.069580078125
2023-11-06,1284.5392525449095,1296.8418333328405,1281.6824907597581,1293.2017822265625
2023-11-07,1290.1604881630135,1295.5976155760281,1285.4145181543718,1294.1231689453125
2023-11-08,1294.7681818070128,1294.7681818070128,1277.6735106371746,1281.8665771484375
2023-11-09,1286.3821608724284,1287.8566074771882,1262.5602919196745,1266.9376220703125
2023-11-10,1262.4681428598753,1265.4171487849635,1254.2203756878132,1261.4544677734375
2023-11-13,1271.5912989072524,1273.9872886097166,1263.2974105189112,1265.78564453125
2023-11-15,1289.2389232333946,1303.062071087934,1283.7096640915788,1299.836669921875
2023-11-16,1304.9972320134652,1339.3708365003445,1299.9287446892533,1331.5377197265625
2023-11-17,1327.9898053316556,1337.1591147047359,1322.4605464148888,1324.764404296875
2023-11-20,1328.865149180104,1338.0805801730312,1321.1702867996207,1323.8887939453125
2023-11-21,1328.8654600226937,1336.2378065415437,1324.0273576196985,1326.100830078125
2023-11-22,1323.5202369954038,1344.4853438157159,1323.5202369954038,1343.4256591796875
2023-11-23,1352.733312304696,1352.733312304696,1334.1180718038254,1335.5465087890625
2023-11-24,1332.1368202960523,1338.6797545299087,1321.3546973396635,1324.626220703125
2023-11-28,1330.7084271755414,1331.6299704076575,1315.088314388403,1329.5103759765625
2023-11-29,1337.251355220777,1346.0981477081089,1336.0534165206054,1345.08447265625
2023-11-30,1339.2326879569457,1346.0521303013406,1335.8230230312827,1340.983642578125
2023-12-01,1345.3608832594507,1345.3608832594507,1332.6896647955414,1338.357177734375
2023-12-04,1345.8677509348179,1356.4194883018783,1335.592634024112,1349.4617919921875
2023-12-05,1350.798062419795,1351.8117374373267,1328.8652893459846,1339.877685546875
2023-12-06,1342.4582175598755,1361.1194695973477,1337.2054656873006,1358.63134765625
2023-12-07,1357.2949393135057,1357.2949393135057,1347.1119540015106,1350.8902587890625
2023-12-08,1355.0372784572535,1377.4307129471217,1351.2128512985264,1374.1593017578125
2023-12-11,1373.0993558033465,1380.471701337861,1365.727010268832,1371.717041015625
2023-12-12,1361.5800891380788,1373.0993792323097,1352.5029110424384,1360.243896484375
2023-12-13,1360.19782972632,1360.2439518858023,1320.7097241735976,1335.316162109375
2023-12-14,1348.5864684779983,1392.4519064335434,1346.6972597427207,1383.651123046875
2023-12-15,1403.5564479809898,1463.917528966799,1401.6672393803897,1454.5638427734375
2023-12-18,1444.9336219034078,1468.0183241638513,1437.88390638634,1441.6160888671875
2023-12-19,1446.915036424613,1450.4629554436433,1422.1716226248461,1436.0408935546875
2023-12-20,1442.2611198785871,1459.2635456213156,1409.9609881911038,1415.85888671875
2023-12-21,1401.897594233354,1425.3048140325604,1401.897594233354,1415.4903564453125
2023-12-22,1414.522706978693,1443.1366686825568,1403.5103106025122,1440.2799072265625
2023-12-26,1414.5687619692478,1426.5488231455345,1403.5102439603677,1422.8165283203125
2023-12-27,1422.8627642542663,1446.8228885227966,1422.8627642542663,1444.150390625
2023-12-28,1445.855092876647,1445.855092876647,1432.9996108186176,1440.0494384765625
2023-12-29,1420.144166634131,1437.1004712006081,1419.1765012951132,1421.8489990234375
2024-01-01,1418.255071679868,1434.8428502960069,1414.7992844681723,1429.6361083984375
2024-01-02,1424.7058704570197,1427.608754205272,1403.5103756183967,1414.0159912109375
2024-01-03,1400.6995390215577,1400.6995390215577,1371.2562788380874,1373.099365234375
2024-01-04,1386.8763509676678,1400.5152349032498,1375.7718232468026,1394.018310546875
2024-01-05,1388.5351762892633,1418.8999788505123,1388.07440470264,1412.31103515625
2024-01-08,1408.9934505703893,1415.4903752195028,1394.52526712299,1403.3260498046875
2024-01-09,1420.9275847658068,1431.1566925228285,1406.1367703448866,1409.316162109375
2024-01-10,1405.3072902245185,1414.983494047482,1386.9225479581153,1400.653564453125
2024-01-11,1405.261293276588,1405.3534251009314,1369.9661425866611,1376.9698486328125
2024-01-12,1439.450434041234,1491.056851650907,1433.368271607278,1486.21875
2024-01-15,1515.8925107048797,1534.3233755421343,1507.6447436874366,1522.4815673828125
2024-01-16,1515.7542704008683,1519.1639351762556,1497.5076704042556,1503.5438232421875
2024-01-17,1493.130273985418,1518.2423245739706,1493.130273985418,1511.5150146484375
2024-01-18,1513.7730508709333,1519.6248280436816,1500.5028054955274,1513.7269287109375
2024-01-19,1522.0207083253042,1534.830181149936,1515.1552565650597,1529.0244140625
2024-01-23,1520.6386022901127,1543.30854535104,1509.2114426801818,1513.3123779296875
2024-01-24,1529.669692631178,1548.1926898142694,1515.9386754431387,1543.95361328125
2024-01-25,1541.6956238359799,1548.6994420250173,1527.9185982399085,1538.147705078125
2024-01-29,1534.5077798990815,1547.5936491768944,1518.3346507098104,1526.6285400390625
2024-01-30,1532.0194213135253,1557.4079810311105,1518.9335530973535,1521.8824462890625
2024-01-31,1518.93364206389,1536.4429635862402,1509.5799556993886,1530.5911865234375
2024-02-01,1529.3471931576782,1545.4280783736983,1520.8689274978267,1527.0433349609375
2024-02-02,1535.3370559365164,1583.6719506012253,1534.3693906028748,1560.4951171875
2024-02-05,1561.7853328521521,1567.3145920332188,1549.8974031142452,1554.82763671875
2024-02-06,1554.4129683538292,1597.034340689009,1542.6171705805966,1593.7628173828125
2024-02-07,1593.3481668011993,1593.3481668011993,1554.5050990563916,1560.86376953125
2024-02-08,1564.7803892211357,1572.4752526176906,1550.7729772594932,1559.34326171875
2024-02-09,1552.5237167662156,1560.0804381745947,1529.5773820750176,1538.3780517578125
2024-02-12,1539.2997433619348,1560.126598289278,1539.2997433619348,1548.2847900390625
2024-02-13,1550.9571831806093,1556.5785741207376,1532.9870910403704,1552.3856201171875
2024-02-14,1529.9460822117326,1538.470357405494,1507.1840085834583,1535.475341796875
2024-02-15,1545.428005093551,1555.3345948697918,1531.2362167759502,1544.8289794921875
2024-02-16,1556.486498735968,1574.917363137815,1555.5188333576436,1568.14404296875
2024-02-19,1571.2311682439513,1577.2211990906292,1555.2884257624896,1566.39306640625
2024-02-20,1552.800375906301,1561.324650966914,1537.8252980971156,1553.03076171875
2024-02-21,1542.663439133254,1542.663439133254,1516.2151921931338,1525.6610107421875
2024-02-22,1534.3694366019563,1552.4316609246032,1515.3856690741432,1549.4366455078125
2024-02-23,1563.8587905950133,1565.194983220865,1540.728079066558,1545.2896728515625
2024-02-26,1543.5387967991637,1543.5387967991637,1515.938621902185,1529.9000244140625
2024-02-27,1530.6833557243867,1539.9909201570279,1523.1267459853489,1533.079345703125
2024-02-28,1538.9770993537304,1555.3806128350852,1531.6508761234932,1540.1290283203125
2024-02-29,1534.369410109207,1550.2660301238518,1523.5873997921522,1542.5711669921875
2024-03-01,1538.05555376044,1540.774061120071,1521.467776667757,1524.87744140625
2024-03-04,1527.7805015485362,1533.862664687169,1505.4791992091916,1508.7506103515625
2024-03-05,1505.8016678459578,1508.888815229402,1476.312283897934,1480.459228515625
2024-03-06,1477.049450044554,1493.0382016771937,1452.352047887815,1490.6422119140625
2024-03-07,1489.7667940250446,1500.6870590284748,1478.3396352373709,1489.6285400390625
2024-03-11,1481.9797912201366,1487.186533050453,1463.4106723438592,1475.0220947265625
2024-03-12,1474.46925768503,1497.5078398363585,1472.3036534614205,1486.4031982421875
2024-03-13,1486.3569240580796,1497.0468017752844,1473.1328027552288,1484.974609375
2024-03-14,1487.7393497230903,1527.6882245455754,1481.8414508033693,1523.58740234375
2024-03-15,1512.3444475668186,1516.6757678865583,1491.3793408128192,1505.801513671875
2024-03-18,1502.11556344857,1504.5576756669025,1473.4094674521489,1476.911376953125
2024-03-19,1467.4193112677192,1473.5475961267095,1435.764324431153,1438.943603515625
2024-03-20,1440.3720813461923,1451.3844780457566,1430.5576233604784,1432.95361328125
2024-03-21,1441.2936639483573,1453.2276042120811,1422.309895221054,1432.7232666015625
2024-03-22,1401.6672315575609,1408.9474454626866,1380.6560012352104,1390.470458984375
2024-03-26,1374.9423563000637,1389.1801527269931,1371.164051948253,1375.5413818359375
2024-03-27,1378.628657389427,1381.3932870499673,1365.3124028550521,1367.431884765625
2024-03-28,1370.4729789851785,1393.189041141791,1370.4729789851785,1380.517822265625
2024-04-01,1405.353474561426,1409.9150687111335,1375.6798265220143,1378.121826171875
2024-04-02,1368.353462463362,1376.0023163808078,1364.6672894897633,1366.5103759765625
2024-04-03,1362.9623414349414,1377.7991638971826,1359.2761687738598,1364.48291015625
2024-04-04,1373.6062588459959,1378.3061066574217,1352.8254147328123,1370.0582275390625
2024-04-05,1363.93009899174,1370.0582714607572,1360.24392608138,1363.0545654296875
2024-04-08,1366.6486630791478,1373.97488704448,1358.4469055155266,1360.8428955078125
2024-04-09,1373.099263903387,1395.0320353978589,1370.6111424492417,1377.5687255859375
2024-04-10,1382.6373994109804,1391.3920603288602,1368.0770834855082,1388.5814208984375
2024-04-12,1386.001060258461,1388.581426378512,1363.423250433772,1368.2613525390625
2024-04-15,1363.884010132131,1374.8964069734686,1346.420810540168,1352.9637451171875
2024-04-16,1337.159257468646,1340.983684459676,1302.1867360834249,1303.476806640625
2024-04-18,1309.6051010829012,1331.3534994670702,1297.072135276183,1307.9002685546875
2024-04-19,1276.3373231980736,1314.903883353496,1270.5776782377934,1300.52783203125
2024-04-22,1308.4992564312556,1324.1193692022916,1302.1867077963823,1320.341064453125
2024-04-23,1329.786912241484,1333.334831262017,1320.571479724218,1329.2340087890625
2024-04-24,1330.9848800805114,1330.9848800805114,1315.0882599841418,1318.4979248046875
2024-04-25,1308.5913232271268,1331.5377710414832,1308.5913232271268,1325.59375
2024-04-26,1326.745647271391,1331.9985107982977,1315.042094094127,1318.037109375
2024-04-29,1317.7607514168,1326.838042603384,1316.1941728580287,1322.1842041015625
2024-04-30,1322.1380131744238,1323.8429581264434,1306.3336369406475,1309.0982666015625
2024-05-02,1302.1406139236367,1312.2775896866656,1301.08081668616,1303.476806640625
2024-05-03,1310.5266461015717,1313.0148803966708,1293.109456008172,1305.1817626953125
2024-05-06,1308.5913151241766,1332.2749298443393,1305.9188174045357,1314.0284423828125
2024-05-07,1313.1527716041048,1330.1091868361195,1304.5363662735126,1327.8974609375
2024-05-08,1322.6448266752147,1326.791770914921,1313.751912640343,1315.318603515625
2024-05-09,1315.5489046143746,1336.1913801730982,1313.060670734901,1326.607421875
2024-05-10,1322.4604966710783,1323.289795482951,1302.1404259190676,1313.1068115234375
2024-05-13,1313.1990668474873,1313.1990668474873,1300.481725623948,1311.7706298828125
2024-05-14,1314.489298423798,1321.2626187308836,1306.7944348778417,1312.922607421875
2024-05-15,1314.120547134986,1319.4655424641765,1307.255095585117,1308.545166015625
2024-05-16,1321.4468679639122,1341.5365553493355,1315.0421875208667,1339.3248291015625
2024-05-17,1342.6882935563137,1342.6882935563137,1326.330903569612,1330.9847412109375
2024-05-21,1317.8067987413262,1331.3534390178734,1316.332352094495,1321.6312255859375
2024-05-22,1316.6550066153582,1345.40711294369,1315.9638491315707,1340.6612548828125
2024-05-23,1340.5689872639355,1362.17924504405,1336.237778771356,1356.88037109375
2024-05-24,1353.0558377538796,1359.737026123514,1345.4531061608475,1350.1529541015625
2024-05-27,1356.373491379203,1363.5154519951307,1345.6836115365593,1355.9127197265625
2024-05-28,1359.7369459532367,1360.1977175377685,1345.7295347806962,1351.949951171875
2024-05-29,1350.4295268928772,1350.521658721026,1336.237738072663,1337.1131591796875
2024-05-30,1329.6025651299135,1336.0993771509409,1310.0197722599248,1315.456787109375
2024-05-31,1325.1858078435043,1350.5182603744363,1315.9739443356261,1322.4598388671875
2024-06-03,1353.5731158092904,1353.5731158092904,1319.7337879140582,1321.519775390625
2024-06-04,1324.4335719499218,1330.0734594103187,1276.8234990229753,1310.0048828125
2024-06-05,1316.1149378567663,1351.6932097544602,1316.1149378567663,1344.267333984375
2024-06-06,1358.2260359203012,1385.8145809499692,1351.2232206049546,1383.8875732421875
2024-06-07,1392.1124223339962,1447.289283385155,1388.5874921626576,1441.555419921875
2024-06-10,1433.753506313127,1437.9834221145236,1407.434030215548,1409.7369384765625
2024-06-11,1410.0190163300265,1416.0348049461413,1404.2850385180848,1405.97705078125
2024-06-12,1416.5518188986746,1418.1967861734406,1393.7572723769142,1396.0601806640625
2024-06-13,1405.27206045412,1414.6718735675256,1399.9611430962834,1404.2850341796875
2024-06-14,1413.4498626747718,1413.4498626747718,1396.8592841989566,1399.5382080078125
2024-06-18,1407.151975588544,1416.5517883847267,1405.6480284899164,1408.2799072265625
2024-06-19,1414.6718886285164,1424.6827126496337,1406.8699977638037,1420.6407470703125
2024-06-20,1425.2936379231433,1426.4215695435462,1409.125891319924,1424.4476318359375
2024-06-21,1452.271166938704,1464.2559289959652,1432.249518545518,1440.7093505859375
2024-06-24,1433.0486251290843,1437.325471461373,1424.4477727552649,1435.4925537109375
2024-06-25,1434.4115183965616,1451.237207255743,1429.1006009006553,1449.4041748046875
2024-06-26,1448.5112883548547,1455.89011914625,1442.8714001458156,1448.229248046875
2024-06-27,1446.114304702132,1483.6666295895413,1440.0985156795878,1478.919677734375
2024-06-28,1478.1677581888457,1493.160415233066,1470.3658668733547,1472.7158203125
2024-07-01,1465.900925341744,1503.8761950899986,1465.900925341744,1495.3223876953125
2024-07-02,1500.3983274471718,1535.7417213583608,1491.280553383894,1523.7569580078125
2024-07-03,1527.4696078755678,1537.809402144264,1509.609963229638,1529.7255859375
2024-07-04,1530.4775505601317,1560.3690026530594,1530.2896001922775,1551.5802001953125
2024-07-05,1552.332191113537,1565.8679458210338,1535.3185512266714,1548.572265625
2024-07-08,1544.4832231774994,1566.008817507365,1541.5693041489067,1561.919921875
2024-07-09,1560.2750121000736,1566.7138611771477,1551.9091554243114,1557.6900634765625
2024-07-10,1557.5489326244456,1573.5286138885465,1539.266343193334,1549.3240966796875
2024-07-11,1556.6091866425368,1565.0690191786375,1543.4964921091096,1553.5072021484375
2024-07-12,1579.1686539269024,1616.5329122564228,1566.6199259649964,1609.0130615234375
2024-07-15,1622.5957659620963,1624.2877782953476,1600.4592739409936,1604.59521484375
2024-07-16,1615.4519041715741,1633.593589888385,1597.9682742375035,1622.454833984375
2024-07-18,1615.827983176718,1659.4431419133819,1615.827983176718,1652.5343017578125
2024-07-19,1733.3255702708213,1733.3255702708213,1679.2295989019908,1685.3394775390625
2024-07-22,1692.1074068427617,1713.5859571917674,1685.3394724496927,1702.1651611328125
2024-07-23,1701.3662125939957,1729.5186076175692,1676.2217119382558,1726.6517333984375
2024-07-24,1727.2156416274588,1731.7745279912915,1710.3899533806657,1723.878662109375
2024-07-25,1710.7660645530111,1721.0118842620095,1703.246213719811,1715.324951171875
2024-07-26,1715.7949342558115,1769.9848820315087,1715.7949342558115,1766.1309814453125
2024-07-29,1779.9486525351583,1788.78450012986,1752.1252276626687,1758.799072265625
2024-07-30,1758.799150694115,1767.1179630223214,1748.3653802446454,1764.486083984375
2024-07-31,1764.344953812893,1772.0058245898792,1753.1122228334534,1756.1201171875
2024-08-01,1744.699358548906,1755.7911843622094,1734.3595637121655,1741.409423828125
2024-08-02,1732.3855594141,1747.895251074617,1707.147084115294,1711.8939208984375
2024-08-05,1677.8197340219435,1689.616546348778,1615.405061601391,1646.75341796875
2024-08-06,1654.5551502330297,1689.0994653436978,1640.126459251215,1646.0013427734375
2024-08-07,1688.206449501223,1689.9924369566963,1656.341059827465,1684.1175537109375
2024-08-08,1673.1196857214622,1673.1196857214622,1623.4416964698462,1638.5284423828125
2024-08-09,1664.9419144885312,1673.8717370362467,1650.6071993461458,1664.471923828125
2024-08-12,1666.6339385624474,1695.2563240862842,1661.9809621451984,1689.5224609375
2024-08-13,1701.366147109179,1701.366147109179,1681.673584839887,1689.5693359375
2024-08-14,1693.8464406687062,1715.4660123309595,1689.5694795075585,1713.821044921875
2024-08-16,1738.9653871768742,1750.1041425189478,1719.6957707243737,1747.378173828125
2024-08-19,1748.3653628246682,1755.46226812506,1738.2135180462226,1752.8773193359375
2024-08-20,1767.1647855371516,1772.5226328723743,1756.0729606665764,1759.8328857421875
2024-08-21,1762.5588344138969,1766.2247842698705,1755.0389843478197,1760.3028564453125
2024-08-22,1770.9248323444356,1779.9956751616294,1757.4830533776285,1767.39990234375
2024-08-23,1765.4729100507645,1769.6088509029312,1745.5453515046195,1750.3392333984375
2024-08-26,1757.7651122966831,1775.3897624868237,1752.125224235838,1763.5460205078125
2024-08-27,1763.54596510821,1788.5494451104064,1761.431007151832,1786.0584716796875
2024-08-28,1792.450420519267,1833.903574209478,1783.5205978872887,1822.7177734375
2024-08-29,1816.9840177451665,1833.4336919875568,1805.6102659320495,1817.31298828125
2024-08-30,1821.6839001205192,1832.9636765918535,1812.284086394407,1827.041748046875
2024-09-02,1826.712755054023,1857.1681741009113,1826.195834151735,1846.5933837890625
2024-09-03,1848.943412636329,1848.943412636329,1820.226934986873,1824.7388916015625
2024-09-04,1805.7981867712704,1811.5320501789129,1786.0116477811107,1807.067138671875
2024-09-05,1810.638983993486,1823.5637269032381,1794.9882723576418,1817.1248779296875
2024-09-06,1806.6441381891027,1820.2738676395406,1783.00358450389,1787.7034912109375
2024-09-09,1776.5648545358595,1805.5632579164233,1775.624873131343,1780.935791015625
2024-09-10,1790.5704823041315,1818.8638977650467,1782.2046254069915,1797.5263671875
2024-09-11,1799.7822173243185,1810.4040523138208,1790.6644442667855,1795.50537109375
2024-09-12,1809.464116978717,1838.9795546148218,1796.1164275717779,1833.3865966796875
2024-09-13,1833.3865832495185,1841.0474542218399,1819.4749280775688,1827.417724609375
2024-09-16,1828.9688141569388,1834.8436979233431,1817.0310962411352,1833.19873046875
2024-09-17,1830.8485176417557,1840.906271327735,1825.5846454813945,1835.3604736328125
2024-09-18,1822.388925387728,1822.388925387728,1768.3870402660307,1778.5858154296875
2024-09-19,1795.9282898631557,1809.370068657787,1766.036952686509,1780.5125732421875
2024-09-20,1790.6643987818527,1800.0642118988178,1755.3211244108263,1791.369384765625
2024-09-23,1794.4244980502351,1803.7303368872645,1765.7080202954846,1782.627685546875
2024-09-24,1774.6846588682515,1796.2102531560402,1759.0809925494216,1784.6484375
2024-09-25,1773.1337292502485,1787.4684442930745,1764.156976545127,1781.546630859375
2024-09-26,1783.8966765192179,1802.8372091877666,1779.384720079492,1786.1995849609375
2024-09-27,1816.1380763305222,1856.0872866298698,1789.0666803151419,1792.3095703125
2024-09-30,1767.1649937536263,1787.1395980713203,1758.2351706468926,1763.029052734375
2024-10-01,1762.464916843665,1794.3772357071236,1762.464916843665,1790.0533447265625
2024-10-03,1776.0946700907043,1797.1032292411892,1768.1048290238766,1779.7606201171875
2024-10-04,1776.1418246086153,1836.8175525476968,1772.8048448832324,1803.0252685546875
2024-10-07,1807.772048058558,1825.4437429610623,1801.0512733437376,1818.2059326171875
2024-10-08,1821.5898836675146,1840.436440915146,1791.9334261359113,1831.6007080078125
2024-10-09,1835.3606336116181,1858.3431317562972,1828.3577036972526,1835.548583984375
2024-10-10,1840.3893918331603,1846.1232547571165,1799.2181654069389,1803.8240966796875
2024-10-11,1802.8842276209207,1830.1436867455332,1795.4583520140732,1818.9578857421875
2024-10-14,1816.1849669571325,1851.2932470173037,1815.1979406537325,1841.3294677734375
2024-10-15,1842.3633853617557,1871.925751948734,1834.6085394794932,1841.7054443359375
2024-10-16,1837.6635261263593,1841.9404871358424,1801.3332242595482,1804.858154296875
2024-10-17,1819.0517651449982,1859.2830106666543,1814.304928428157,1849.9771728515625
2024-10-18,1780.1367445813487,1820.6028732629586,1757.0601563072833,1766.7889404296875
2024-10-21,1777.5986762175419,1784.8366013292746,1727.6856903747387,1741.5504150390625
2024-10-22,1746.6732140121014,1765.0969393741664,1736.098424337156,1740.4693603515625
2024-10-23,1734.5004417506527,1772.8046785756571,1733.3254651609286,1760.9609375
2024-10-24,1749.6812424897346,1770.9247972575436,1748.3652457001226,1751.51416015625
2024-10-25,1751.6082405232555,1763.7340231622866,1735.5816269882255,1750.2923583984375
2024-10-28,1748.0832475331754,1768.9509020729429,1745.5453438193326,1753.3941650390625
2024-10-29,1754.9629211020826,1760.2867290719619,1738.8012907344037,1748.5933837890625
2024-10-30,1741.653136738328,1748.3079249245552,1707.76122797984,1713.2276611328125
2024-10-31,1699.728089871948,1699.728089871948,1660.3697457491953,1670.589599609375
2024-11-01,1677.4821051581494,1678.9081313172524,1665.646134457717,1674.0120849609375
2024-11-04,1639.4546463788554,1679.8587185569368,1633.275200045737,1676.6739501953125
2024-11-05,1673.2039554066878,1681.2371893406507,1658.9436944231081,1667.68994140625
2024-11-06,1677.0066599508023,1737.0898453384439,1675.723259696614,1733.762451171875
2024-11-07,1723.5427837627808,1735.6640066783782,1698.8725764841015,1714.131103515625
2024-11-08,1728.3437169759088,1749.829154713953,1723.7329222391422,1739.704345703125
2024-11-11,1738.8011800020988,1775.8778590726738,1732.669314114394,1768.367431640625
2024-11-12,1778.825053675029,1788.2368497786626,1769.223167165386,1776.6385498046875
2024-11-13,1769.3181384269985,1780.8213927172376,1764.7549244206982,1776.2581787109375
2024-11-14,1773.5961711004963,1783.4833086013102,1764.469627272938,1772.5980224609375
2024-11-18,1758.0049000608628,1758.0049000608628,1706.4778709351956,1722.1165771484375
2024-11-19,1735.4737552340218,1767.987103735295,1730.7679155470983,1734.7607421875
2024-11-21,1751.1601874214036,1774.9272909423237,1730.8155235974339,1743.602294921875
2024-11-22,1762.6633798054363,1819.6569616576032,1743.554652462339,1808.4388427734375
2024-11-25,1821.5106048142616,1824.647908539123,1789.187347735094,1796.507568359375
2024-11-26,1811.0057060152076,1842.996250535251,1803.7330651846873,1829.2589111328125
2024-11-27,1834.9153604909611,1845.6581372544963,1817.4703304442407,1829.591552734375
2024-11-28,1820.4648690644453,1820.4648690644453,1760.3341042723987,1765.0875244140625
2024-11-29,1759.811276019277,1784.4340168837268,1754.0121263454853,1766.2283935546875
2024-12-02,1767.3216723437565,1789.9479994533772,1744.6953452341356,1787.095947265625
2024-12-03,1793.9408410909798,1806.0620629902432,1778.8725217831325,1798.789306640625
2024-12-04,1791.0888644737497,1819.56180716774,1782.5327074778559,1796.0799560546875
2024-12-05,1806.2997139926326,1853.7388717964993,1795.7946087095554,1839.4310302734375
2024-12-06,1837.4821076532628,1842.3780374823932,1818.0881305684336,1827.594970703125
2024-12-09,1829.3062538776032,1835.0103583375276,1803.6377838079438,1828.783447265625
2024-12-10,1843.3764867481466,1868.664660829215,1836.721697987323,1852.45556640625
2024-12-11,1858.5873457085745,1880.4530791874988,1855.7352935156714,1876.79296875
2024-12-12,1877.791037372581,1900.227273174294,1873.370449502188,1889.0091552734375
2024-12-13,1872.6099443049989,1907.500003205855,1857.4465798294907,1901.0828857421875
2024-12-16,1897.0424188970678,1900.9877808683423,1880.072732013709,1882.4019775390625
2024-12-17,1870.9462106912868,1884.255787393359,1861.4393701898068,1879.1220703125
2024-12-18,1869.8055830579622,1887.060407082662,1864.861955978867,1881.5465087890625
2024-12-19,1838.623014099366,1863.1031292043601,1825.3134369549032,1850.2213134765625
2024-12-20,1877.7436779576376,1882.3068918972044,1816.9949422253026,1827.357421875
2024-12-23,1834.867922920088,1844.3271834459897,1814.855975875461,1829.4014892578125
2024-12-24,1832.0158786013108,1846.2285597653754,1749.2587795923225,1814.903564453125
2024-12-26,1814.9034908105154,1825.0757640546135,1808.4863732653307,1813.3348388671875
2024-12-27,1815.236249934069,1829.25884045684,1810.007487366256,1822.2237548828125
2024-12-30,1821.2254956591669,1821.510747311123,1793.4655661808106,1812.00390625
2024-12-31,1798.9794709559926,1803.4476395627287,1754.0596496753712,1787.2860107421875
2025-01-01,1781.5819053214227,1799.5973216045268,1781.5819053214227,1789.6627197265625
2025-01-02,1793.9408108770863,1865.8600828114977,1792.324694404524,1861.2967529296875
2025-01-03,1856.6384617090841,1856.6384617090841,1827.214835312903,1843.1387939453125
2025-01-06,1855.7352837034794,1875.69964894824,1832.9188662808956,1842.2830810546875
2025-01-07,1849.08049857111,1861.9623140172655,1828.7834170796311,1835.6282958984375
2025-01-08,1834.8202633622047,1842.9961231909604,1795.6045452981161,1837.81494140625
2025-01-09,1838.6705399259386,1855.5926464465324,1816.3294646707038,1822.74658203125
2025-01-10,1841.475056372847,1880.2630131182193,1836.9593070090002,1869.947998046875
2025-01-13,1859.538056114521,1885.0164358188285,1852.8832675701437,1865.4322509765625
2025-01-14,1871.7543886244132,1874.5589763818855,1835.8660634362316,1844.374755859375
2025-01-15,1850.981884706997,1861.4869901029845,1841.5700892018165,1853.501220703125
2025-01-16,1868.9973329214629,1869.948017007702,1822.3187674971882,1833.3466796875
2025-01-17,1759.7161759087412,1766.3709642563163,1722.6394979722525,1725.9193115234375
2025-01-20,1733.0494968108637,1737.8029172097529,1704.7191808636662,1723.87548828125
2025-01-21,1729.3418737355341,1741.3204695981628,1704.6240883474466,1711.896728515625
2025-01-22,1718.2664752007781,1773.7864501626696,1716.1274359637641,1764.8974609375
2025-01-23,1766.370941552174,1786.8582289789933,1761.3322697336553,1773.4534912109375
2025-01-24,1773.501188842313,1801.4513245969808,1772.312833717117,1782.96044921875
2025-01-27,1757.577160982871,1771.1244088768565,1722.6395216773292,1732.1463623046875
2025-01-28,1739.7519532584283,1771.5998715284597,1734.9034874184256,1739.5142822265625
2025-01-29,1754.0120684956396,1795.5094503993766,1749.7339902797964,1788.474365234375
2025-01-30,1780.7739533235829,1794.1309953598945,1753.0614884709362,1768.224853515625
2025-01-31,1778.729881094765,1803.875428129993,1778.729881094765,1787.095947265625
2025-02-01,1787.571323971164,1797.3633003755383,1754.9628135718901,1760.0489501953125
2025-02-03,1745.4559465267448,1784.0062318529979,1742.0335070965566,1771.40966796875
2025-02-04,1795.8421853594061,1816.947325024505,1782.5326085489075,1805.158935546875
2025-02-05,1812.0039378058837,1825.0282638663168,1800.880979990787,1803.495361328125
2025-02-06,1822.46137881177,1829.116167362465,1806.2997494743677,1821.177978515625
2025-02-07,1824.648004479721,1828.8309215990796,1796.2699917999128,1809.769775390625
2025-02-10,1811.0531389851265,1811.0531389851265,1785.9550565261386,1787.5712890625
2025-02-11,1790.2330622534764,1809.1516975397526,1777.779124750046,1783.1505126953125
2025-02-12,1792.0393905493213,1801.1659339967016,1755.91339753029,1771.2669677734375
2025-02-13,1776.353161119435,1781.1065814060805,1745.1232130462338,1752.348388671875
2025-02-14,1762.5681886374266,1767.606860408019,1738.1831200991312,1764.849853515625
2025-02-17,1747.880247229523,1761.3799146336082,1732.2890052365772,1751.4453125
2025-02-18,1751.445375977347,1769.8410902296603,1746.977091046225,1760.619384765625
2025-02-19,1756.2937934312417,1758.004955145868,1716.840404092615,1721.498779296875
2025-02-20,1716.5077280780874,1740.7025920720746,1716.5077280780874,1735.14111328125
2025-02-21,1731.956275207461,1739.6092122968646,1717.1255109603246,1725.4915771484375
2025-02-24,1711.2789698500455,1718.8368620656656,1663.9348549947076,1677.101806640625
2025-02-25,1659.0863139546623,1690.744023588038,1659.0863139546623,1680.524169921875
2025-02-27,1668.640674098442,1688.2723238346587,1664.7428925260701,1677.2919921875
2025-02-28,1668.4982752722037,1668.5457398498413,1599.4785126706022,1604.4696044921875
2025-03-03,1608.8427856333933,1643.3525496222132,1608.8427856333933,1624.3388671875
2025-03-04,1611.4094536632444,1615.212189837081,1587.642352576766,1605.0399169921875
2025-03-05,1608.9852468032536,1647.4879525703643,1608.9852468032536,1627.0958251953125
2025-03-06,1630.4231429408271,1637.3631829139892,1607.7017709749155,1631.231201171875
2025-03-07,1619.109945155919,1620.9162680194895,1592.8710891886537,1602.853271484375
2025-03-10,1602.8533592169706,1634.225933863566,1593.5366088108908,1617.5413818359375
2025-03-11,1597.1492261839649,1597.1492261839649,1556.3173920894415,1579.6566162109375
2025-03-12,1556.1746748414012,1556.1746748414012,1486.6796971141694,1512.3956298828125
2025-03-13,1520.381526929375,1526.8462251444753,1492.8592690164621,1501.938232421875
2025-03-17,1468.949515897204,1515.3904095675546,1468.949515897204,1511.63525390625
2025-03-18,1511.63525390625,1511.63525390625,1511.63525390625,1511.63525390625
2025-03-19,1523.9465678973438,1523.9465678973438,1495.2359553339961,1508.307861328125
2025-03-20,1513.4891497172634,1551.4214700841842,1513.4891497172634,1535.8778076171875
2025-03-21,1500.131882621123,1524.8022038807094,1486.5371700431922,1514.011962890625
2025-03-24,1519.1456594946171,1527.844442496362,1495.140885206093,1514.2021484375
2025-03-25,1525.84798372026,1555.46181670782,1525.84798372026,1548.1414794921875
2025-03-26,1545.8122407498795,1556.9827781599724,1516.3410356679321,1520.571533203125
2025-03-27,1516.8640098840594,1540.0606082841557,1507.7849306219216,1524.469482421875
2025-03-28,1511.5876072967835,1519.620840928022,1483.0670864043914,1493.19189453125
2025-04-01,1463.3404602190724,1471.0885586286036,1442.9957978349414,1451.21923828125
2025-04-02,1459.4902057913214,1478.9317655581158,1459.4902057913214,1473.7030029296875
2025-04-03,1458.9673514518697,1458.9673514518697,1411.8134441365378,1422.69873046875
2025-04-04,1388.4742004590178,1399.4070681791675,1376.5906485892897,1380.0606689453125
2025-04-07,1285.3249277060586,1336.5668248830998,1242.5441423903983,1327.8680419921875
2025-04-08,1360.4289830692378,1384.671428260199,1345.218037067066,1358.3375244140625
2025-04-09,1335.758736096975,1339.9416532809853,1313.7503760547593,1334.4752197265625
2025-04-11,1341.652928180614,1367.844321400648,1328.1532604606723,1339.941650390625
2025-04-15,1374.3089224037624,1376.3053358191778,1339.513907284088,1355.675537109375
2025-04-16,1354.7249077086744,1357.1016180730755,1327.9156612183533,1343.4117431640625
2025-04-17,1329.0563853909828,1359.2881865002564,1310.327954849587,1349.49609375
2025-04-21,1340.4645789137878,1399.2169026224717,1340.4645789137878,1379.442626953125
2025-04-22,1368.985143422317,1368.985143422317,1349.3060284057444,1352.6334228515625
2025-04-23,1374.6892676203474,1414.427911126592,1368.6048659090611,1402.1640625
2025-04-24,1397.4106437086987,1409.7695375562273,1389.4248737048488,1398.836669921875
2025-04-25,1402.7343459374797,1427.642222162945,1391.3261370921732,1407.2025146484375
2025-04-28,1407.2024661808139,1416.1389193452367,1393.0373668593481,1409.0087890625
2025-04-29,1408.9138107783806,1435.3428747016321,1401.4033833138335,1423.6494140625
2025-04-30,1422.9840278751349,1434.3922372400868,1409.4842438297574,1426.1212158203125
2025-05-02,1425.7408206525301,1448.081895785028,1422.4134264838601,1432.5858154296875
2025-05-05,1440.2864278864722,1447.8919007730015,1428.6881281546378,1434.2020263671875
2025-05-06,1431.7302219442606,1440.856765886036,1425.170478593818,1436.958984375
2025-05-07,1426.026145690909,1443.8990531370239,1422.7937965506155,1433.9168701171875
2025-05-08,1433.6315426322524,1441.7123570303784,1427.166844693632,1436.8638916015625
2025-05-09,1426.6915991963783,1436.8639888159648,1420.4171072727893,1433.2513427734375
2025-05-12,1461.2013305506293,1551.5163119444549,1456.4479104772702,1546.6678466796875
2025-05-13,1529.6505772658943,1532.6927196880702,1487.4401838690076,1491.242919921875
2025-05-14,1496.3767741072957,1516.3411402167324,1492.0986956552736,1513.869384765625
2025-05-15,1511.3976659657826,1538.7772990924948,1493.524758023796,1533.4534912109375
2025-05-16,1533.0731584594146,1533.0731584594146,1503.5069061207216,1511.49267578125
2025-05-19,1498.7534529196623,1506.8342676039738,1478.9791776249906,1482.8770751953125
2025-05-20,1492.5740269319685,1505.4082621953962,1481.1658178089215,1483.6375732421875
2025-05-21,1490.5776840160047,1493.5247816353951,1475.5568282070587,1491.1480712890625
2025-05-22,1478.789066286349,1483.8277382618005,1464.0534632471729,1471.18359375
2025-05-23,1473.5603223754533,1508.9257236923431,1473.5603223754533,1487.6304931640625
2025-05-26,1489.3416207391451,1505.693456152503,1485.6339297061554,1502.55615234375
2025-05-27,1501.985817890451,1504.8378701621398,1479.6447417622219,1492.6690673828125
2025-05-28,1503.0315254066693,1509.4010623010483,1492.5740005619675,1494.2852783203125
2025-05-29,1510.6368898553303,1529.5555248389078,1498.8483849371494,1507.404541015625
2025-05-30,1514.5387348868949,1515.5027951891782,1499.2101525439637,1506.5369873046875
2025-06-02,1503.9340358386107,1503.9340358386107,1483.6887699715526,1497.9569091796875
2025-06-03,1502.9700087561519,1510.9717563250315,1480.410974183671,1487.5450439453125
2025-06-04,1487.545069852834,1501.3311794658816,1486.0025968815146,1495.4503173828125
2025-06-05,1492.2689554139665,1511.3572786610305,1486.195328477135,1498.43896484375
2025-06-06,1498.8244913615613,1512.5142181403369,1487.641415492617,1507.5975341796875
2025-06-09,1521.2871674371763,1530.9277705261318,1514.5387452749073,1516.3704833984375
2025-06-10,1527.0715350387688,1549.726952383094,1520.8051430073597,1538.6402587890625
2025-06-11,1532.9521677606,1575.8528485433976,1532.9521677606,1572.4786376953125
2025-06-12,1558.8856061675938,1569.4902701551284,1540.6648417796544,1550.7874755859375
2025-06-13,1519.3591134860721,1551.1731050755648,1513.7675163758718,1544.4246826171875
2025-06-16,1542.4964798976407,1576.0458254086714,1539.7006814911979,1565.441162109375
2025-06-17,1562.452616510744,1588.193099360836,1557.535932091381,1580.962646484375
2025-06-18,1562.7417700471647,1585.589952431105,1562.7417700471647,1574.214111328125
2025-06-19,1565.5375611980423,1571.4183055533617,1553.5831898154863,1560.2352294921875
2025-06-20,1560.8136276168789,1572.0930860674746,1551.076642111549,1564.573486328125
2025-06-23,1543.4605584963404,1543.4605584963404,1518.7806380620095,1527.071533203125
2025-06-24,1543.4604830931148,1551.172965207259,1519.9373891083474,1524.7576904296875
2025-06-25,1532.8558375256184,1561.6812632899293,1528.1319186406413,1556.8609619140625
2025-06-26,1550.9803214172216,1565.6339915058402,1548.8593180602195,1557.9215087890625
2025-06-27,1560.8136478253264,1571.0326636135578,1544.8102701550988,1550.208984375
2025-06-30,1556.9573602116636,1556.9573602116636,1536.8084767193552,1544.2318115234375
2025-07-01,1551.1730095922587,1559.5602870581276,1542.978497111504,1549.0521240234375
2025-07-02,1559.8495930029494,1589.735462831807,1545.7743359105034,1552.619140625
2025-07-03,1560.331649069145,1573.7321112354073,1556.9574379034102,1560.5244140625
2025-07-04,1566.5980642699803,1584.3367981958825,1554.3545449332526,1581.7337646484375
2025-07-07,1581.058907066303,1584.91514830305,1564.669881810128,1568.526123046875
2025-07-08,1569.4902652889589,1587.0361167588558,1563.2238729521173,1579.8056640625
2025-07-09,1578.937970779495,1579.1307357618878,1565.248244218562,1574.9852294921875
2025-07-10,1579.998406486553,1579.998406486553,1549.341242702206,1557.7286376953125
2025-07-11,1522.3476337948875,1549.3413228616234,1506.8262861181436,1537.579833984375
2025-07-14,1534.5911874414394,1534.5911874414394,1503.7412587495296,1513.8638916015625
2025-07-15,1508.8507771918205,1545.967099361679,1507.790334380739,1528.614013671875
2025-07-16,1522.2511831800944,1554.0651724422496,1521.7691530397587,1550.112548828125
2025-07-17,1540.5683518202854,1552.1370753633664,1523.3116489985612,1526.5894775390625
2025-07-18,1534.8804313290245,1541.8217363306167,1523.2153248462614,1529.0960693359375
2025-07-21,1523.2153333190533,1531.8918763569468,1510.4897839367352,1527.36083984375
2025-07-22,1508.7544033781517,1528.806905141675,1508.7544033781517,1514.4423828125
2025-07-23,1519.648319505044,1534.6876368616054,1494.2934861823694,1517.9129638671875
2025-07-24,1523.21527148752,1525.14339208434,1492.558106924831,1496.70361328125
2025-07-25,1487.930738061539,1493.8114825426642,1456.9844249801497,1461.2261962890625
2025-07-28,1459.4908778130184,1464.6968268487494,1429.2193615593824,1461.515380859375
2025-07-29,1458.5267960319763,1462.6721845547067,1442.3305365336291,1459.2979736328125
2025-07-30,1465.2753927209724,1467.0106307922656,1451.8749299240865,1464.40771484375
2025-07-31,1455.4418850255533,1472.21655890233,1443.198365471235,1454.76708984375
2025-08-01,1440.2096707795008,1444.8370894973941,1412.83033538686,1416.782958984375
2025-08-04,1408.9741142502269,1429.5086455065348,1398.8514812022438,1427.291259765625
2025-08-05,1425.5559991895734,1425.5559991895734,1402.7078158601623,1407.8173828125
2025-08-06,1399.8155998166778,1403.768223634903,1378.895537719122,1385.0654296875
2025-08-07,1378.6062610201184,1390.1749848888187,1363.3740608530718,1385.25830078125
2025-08-08,1373.785961785155,1381.6912093691872,1366.169861688454,1371.9542236328125
2025-08-11,1368.8693412283471,1381.8841562074572,1363.1813615156616,1376.8709716796875
2025-08-12,1376.8708364780418,1389.2108550605094,1369.9296495773656,1372.918212890625
2025-08-13,1373.7858962323605,1382.4624387348806,1371.279363046038,1375.328369140625
2025-08-14,1374.9427475738962,1417.1686356270611,1374.9427475738962,1395.6700439453125
2025-08-18,1412.05912550974,1412.05912550974,1378.2206312900619,1384.1978759765625
2025-08-19,1381.2091389381637,1397.3090164904586,1381.2091389381637,1388.246826171875
2025-08-20,1388.921654258322,1445.1264179190935,1388.921654258322,1442.427001953125
2025-08-21,1453.802949118853,1453.802949118853,1430.9547668193538,1442.619873046875
2025-08-22,1444.258688328196,1450.2359327005538,1432.6899649169563,1434.0396728515625
2025-08-25,1452.549588321255,1483.6887826854402,1452.549588321255,1477.0367431640625
2025-08-26,1468.2638125760993,1483.1103644867733,1464.021923789744,1474.6265869140625
2025-08-28,1474.6266696224122,1474.6266696224122,1444.162386475055,1446.1868896484375
2025-08-29,1447.922152992462,1447.922152992462,1414.951220922169,1416.782958984375
2025-09-01,1423.6277245981132,1449.3682038919694,1423.145694472945,1445.511962890625
2025-09-02,1445.5120710387366,1458.4305028963795,1432.8829043510907,1444.837158203125
2025-09-03,1446.09053538698,1447.9222736017668,1420.0609057500144,1425.941650390625
2025-09-04,1430.6654315565193,1430.6654315565193,1407.6243677138264,1410.420166015625
2025-09-05,1417.1686742864704,1419.771590084351,1381.4984423486478,1392.6815185546875
2025-09-08,1398.8514448025214,1405.5998666589085,1376.9673238557784,1381.4019775390625
2025-09-09,1427.7733097648295,1453.0316426482493,1419.5787971834648,1450.2359619140625
2025-09-10,1455.8274419814547,1479.7361846012639,1455.056264347903,1477.518798828125
2025-09-11,1469.1314991861996,1472.6020926929066,1452.3568266067848,1455.4417724609375
2025-09-12,1481.7606968153777,1487.4486761823323,1466.4321143461764,1470.7703857421875
2025-09-15,1470.7703889313757,1472.6021270614033,1447.2472937742573,1454.1885986328125
2025-09-16,1454.18869843609,1459.5874130189484,1449.4647790449067,1456.9844970703125
2025-09-17,1462.3832147820146,1471.830935901443,1459.58741614181,1467.685546875
2025-09-18,1494.2935138953433,1499.1138155530703,1483.2068200825713,1485.2313232421875
2025-09-19,1489.0875921991392,1495.546867150236,1465.4681136380061,1484.845703125
2025-09-22,1429.4121385641438,1460.2620677071914,1428.7373434373958,1445.6083984375
2025-09-23,1439.3420265057648,1458.6232324870878,1439.3420265057648,1443.6802978515625
2025-09-24,1433.7504516255494,1442.909024606748,1429.4121802134027,1440.884521484375
2025-09-25,1435.4858961438838,1448.6934761875953,1423.4351414751138,1431.4368896484375
2025-09-26,1421.9889772759154,1425.555953399892,1389.4036912657584,1396.8270263671875
2025-09-29,1407.5280279964163,1412.3483294621576,1384.872611107433,1389.982177734375
2025-09-30,1391.1390030128964,1400.0083106366037,1386.4150840398418,1389.982177734375
2025-10-01,1394.0312659732858,1397.405477197979,1376.0997670015454,1393.8385009765625
2025-10-03,1387.282784330546,1396.2485922754322,1381.6911874663804,1394.609619140625
2025-10-06,1394.6096065704758,1425.6524188431904,1390.4642178899833,1422.9530029296875
2025-10-07,1424.5918193613172,1429.6050033943986,1401.743637948074,1406.0819091796875
2025-10-08,1404.6358503769075,1444.1623224877194,1402.707729786136,1441.2701416015625
2025-10-09,1448.0185870707542,1459.5873108023447,1433.557682406266,1455.0562744140625
2025-10-10,1455.7310370996563,1467.0104954131987,1444.933608930849,1460.4549560546875
2025-10-13,1443.1982662450723,1450.6214834671307,1430.087069727637,1439.5347900390625
2025-10-14,1445.1264411305913,1459.9729938155936,1433.075686951717,1436.353515625
2025-10-15,1430.5690952632847,1435.1001315764527,1414.75848288892,1421.4105224609375
2025-10-16,1420.9285143742625,1421.5069270236047,1408.0100826842827,1418.61474609375
2025-10-17,1402.6113299617484,1405.9855409539045,1382.462446500531,1389.3072509765625
2025-10-20,1401.4544470050912,1414.276496397426,1397.8874708768014,1408.395751953125
2025-10-21,1424.881136066363,1432.5936185349226,1417.1686535978035,1419.482421875
2025-10-23,1455.7310466373283,1490.4372172856354,1451.8748054541832,1473.566162109375
2025-10-24,1484.1708637038648,1487.5450748262833,1463.4435668090073,1470.57763671875
2025-10-27,1478.0165606695539,1483.2043487095048,1466.3685916918344,1472.633056640625
2025-10-28,1467.9347848431598,1474.5908017388306,1458.9296979699484,1468.4241943359375
2025-10-29,1468.4241778932897,1488.0005573851865,1465.1941469679696,1478.408203125
2025-10-30,1475.0801523386458,1476.2546872805226,1457.5592692997866,1462.1597900390625
2025-10-31,1458.4403008415877,1465.3898918009988,1449.3372364048548,1450.9034423828125
2025-11-03,1450.9033496746388,1459.8105780526128,1442.974820743242,1454.0355224609375
2025-11-04,1448.3583414401685,1450.511814804534,1431.9142548968182,1436.808349609375
2025-11-06,1447.2816360762577,1451.58846323567,1430.9354078512456,1435.6336669921875
2025-11-07,1438.8638806951196,1449.533031326473,1418.4065403991735,1445.5198974609375
2025-11-10,1458.5381171839108,1487.8048281611332,1458.4402591842686,1481.4425048828125
2025-11-11,1492.6989304110698,1500.9210336624128,1479.0933228205395,1497.88671875
2025-11-12,1507.3812396717751,1526.1745164244364,1505.5214596999074,1518.8333740234375
2025-11-13,1524.1189242683809,1524.5104757353395,1497.8866487683968,1509.14306640625
2025-11-14,1487.8047537888665,1497.59294295853,1457.2656513734084,1470.9691162109375
2025-11-17,1464.3132041198487,1478.212385937251,1460.8873376663598,1475.66748046875
2025-11-18,1474.1013313334302,1474.1013313334302,1451.784211591062,1454.91650390625
2025-11-19,1458.9296699222182,1510.317665675936,1458.9296699222182,1508.4578857421875
2025-11-20,1522.0634729079381,1522.0634729079381,1501.5082748815287,1503.955322265625
2025-11-21,1498.5718033380108,1518.6375916910017,1493.9714020948772,1512.2752685546875
2025-11-24,1530.4813442936104,1551.4280945139647,1508.3600590826622,1515.2117919921875
2025-11-25,1516.1905908718425,1517.7566773334454,1493.5798964672151,1498.1802978515625
2025-11-26,1499.6485223505715,1527.251289037942,1499.6485223505715,1524.902099609375
2025-11-27,1530.8728564928056,1540.954739594805,1519.3227449478784,1533.2220458984375
2025-11-28,1531.8516566735827,1535.179665000364,1524.0211050739736,1527.055419921875
2025-12-01,1529.4045743430058,1540.6609920101703,1523.042251313739,1530.872802734375
2025-12-02,1533.8093151456649,1546.4361036663386,1523.1401645511503,1527.9364013671875
2025-12-03,1522.1613705980963,1552.406900951154,1521.182551618934,1545.261474609375
2025-12-04,1534.7880917871573,1565.1314788059085,1534.7880917871573,1563.7611083984375
2025-12-05,1575.8985332981872,1597.2368345243183,1566.1103436503722,1581.9671630859375
2025-12-08,1582.8481284293375,1595.4749170068917,1566.306063981828,1576.681640625
2025-12-09,1567.2848235795727,1572.8641631737528,1548.883099378693,1565.1314697265625
2025-12-10,1573.9408513587562,1573.9408513587562,1549.2746619298632,1551.2322998046875
2025-12-11,1564.1527099609375,1573.3536321517727,1547.023378030827,1564.1527099609375
2025-12-12,1567.4806809838458,1567.8722324584342,1549.0788370408115,1564.348388671875
2025-12-15,1551.4280562362142,1576.6816332735752,1551.4280562362142,1572.766357421875
2025-12-16,1566.1103574156468,1569.0468143358012,1552.0153403019585,1559.1607666015625
2025-12-17,1553.5814245843821,1572.8642300238714,1552.4068896118622,1568.0679931640625
2025-12-18,1576.3879761796316,1595.4749463972676,1572.6684162407605,1592.3427734375
2025-12-19,1615.0513027562847,1619.847539612933,1595.2792073285575,1603.9906005859375
2025-12-22,1628.7547583833573,1657.3362243784013,1628.7547583833573,1653.8125
2025-12-23,1643.4370603643276,1643.4370603643276,1621.3157754082474,1632.9637451171875
2025-12-24,1625.8182910699556,1632.2784723030877,1617.4983299175808,1628.16748046875
2025-12-26,1628.167521100225,1633.453167508233,1616.7152673020842,1621.0220947265625
2025-12-29,1622.8818655924697,1637.6620082639456,1602.4245250544589,1609.863525390625
2025-12-30,1612.1148331917736,1612.9957941560388,1582.554548282334,1587.2528076171875
2025-12-31,1586.6655664923117,1594.1045668429529,1575.1154547350545,1581.1842041015625
2026-01-01,1581.184158007412,1604.8715288376811,1579.9116455766828,1595.2791748046875
2026-01-02,1601.2499777187402,1608.6889779975038,1593.0278744696911,1605.6546630859375
2026-01-05,1602.3265912739637,1602.3265912739637,1549.568226955718,1572.374755859375
2026-01-06,1566.2081943610224,1585.5888575673962,1565.1315174017209,1578.0518798828125
2026-01-07,1580.7926463324388,1607.2207586859843,1580.7926463324388,1604.2843017578125
2026-01-08,1604.186403368615,1609.472049603195,1574.5281413468902,1579.128662109375
2026-01-09,1575.898487352098,1596.747378487979,1572.9620305433675,1579.91162109375
2026-01-12,1575.996349102621,1579.1286413969012,1558.867017677559,1562.09716796875
2026-01-13,1583.7290294043642,1583.7290294043642,1552.7983751003353,1565.1314697265625
2026-01-14,1554.3644397699236,1582.7501883551427,1549.5682031809922,1565.91455078125
2026-01-15,1565.91455078125,1565.91455078125,1565.91455078125,1565.91455078125
2026-01-16,1628.461030733189,1658.119292555676,1618.3792672921977,1654.00830078125
2026-01-19,1649.309891747184,1649.309891747184,1631.201741600405,1645.59033203125
2026-01-20,1637.5641409981627,1644.6115898062917,1617.889903547792,1623.7628173828125
2026-01-21,1616.0301458476063,1621.9030597634667,1596.6494821313709,1619.358154296875
2026-01-22,1630.712428320841,1635.8022392467942,1618.7708845027832,1628.265380859375
2026-01-23,1631.8869227568262,1640.2068839190629,1626.9928279555104,1635.4107666015625
2026-01-27,1650.0930280724322,1653.6167523834592,1625.9161283991023,1647.05859375
2026-01-28,1644.4158380681818,1653.029492632909,1615.05126953125,1631.2017822265625
2026-01-29,1622.8818691859371,1631.2018305177105,1607.318623503672,1624.35009765625
2026-01-30,1619.9454090553113,1619.9454090553113,1583.8269648597889,1606.241943359375
2026-02-02,1626.7970461591942,1626.7970461591942,1583.7290136495644,1594.8875732421875
2026-02-03,1690.616056346825,1691.3991593070652,1617.9877374621406,1620.9241943359375
2026-02-04,1540.66097646391,1551.3301265638145,1478.1144237257668,1503.2701416015625
2026-02-05,1501.5082372972433,1518.1481590925844,1483.5958031001303,1488.00048828125
2026-02-06,1489.86026239605,1492.6988611765453,1448.6520095352703,1475.177978515625
2026-02-09,1489.8602864300617,1495.6353420798034,1461.376679139494,1465.4876708984375
2026-02-10,1468.2284271414342,1483.7916723660803,1459.4190565785855,1466.0750732421875
2026-02-11,1469.4029562852068,1474.003477029586,1437.885033967625,1440.7236328125
2026-02-12,1398.6344233110094,1405.2903204885395,1351.259562174479,1356.64306640625
2026-02-13,1266.493817560756,1348.1273389393946,1254.3564391221673,1340.1009521484375
2026-02-16,1344.6035807140283,1346.854912154694,1309.953484521095,1336.6751708984375
2026-02-17,1340.9819956812096,1400.6899531531467,1338.0455387563604,1361.73291015625
2026-02-18,1361.4392729027982,1371.3253201935424,1316.805153615715,1344.603515625
2026-02-19,1355.6643110050506,1372.3042339560152,1334.326009074035,1341.471435546875
2026-02-20,1330.4106332686276,1336.0878308198503,1309.8554358713993,1324.5377197265625
2026-02-23,1323.3632672728343,1323.3632672728343,1290.0834217940796,1299.3822021484375
2026-02-24,1273.4434027288626,1275.988307999553,1237.3249610296912,1248.4835205078125
2026-02-25,1258.9568742250233,1295.564726518415,1258.9568742250233,1262.7742919921875
2026-02-26,1277.848187510079,1286.168148899459,1259.054910753846,1261.7955322265625
2026-02-27,1298.207628321947,1306.723305439908,1266.7874442662774,1272.5625
2026-03-02,1263.6552272829085,1271.290062662244,1246.0364867011174,1261.5997314453125
2026-03-04,1264.6340504084835,1289.104523520103,1264.6340504084835,1279.7078857421875
2026-03-05,1292.0410271405913,1292.0410271405913,1262.7743163409898,1278.141845703125
2026-03-06,1275.4011212294208,1299.0884925711757,1275.4011212294208,1280.686767578125
2026-03-09,1262.676497890922,1290.0834296280893,1255.3353554613236,1287.14697265625
2026-03-10,1292.0410437407636,1293.0198627132945,1256.9014187299574,1268.1578369140625
2026-03-11,1260.7188580118502,1271.975276386956,1244.3726286871142,1249.2667236328125
2026-03-12,1245.5471752363726,1251.5179472285731,1231.3542997621664,1238.9891357421875
2026-03-13,1224.5025045780033,1242.7085131232232,1216.280401513626,1221.8597412109375
2026-03-16,1213.931245180508,1227.7326883178384,1198.2701415781937,1223.3280029296875
2026-03-17,1218.6295738865974,1218.6295738865974,1189.3628638376754,1206.785888671875
2026-03-18,1211.7778669014497,1263.459555545422,1208.7435520363658,1240.261474609375
2026-03-19,1217.846529327881,1228.4178221249233,1189.3629208552388,1194.9422607421875
2026-03-20,1215.6930991638783,1238.0102183433878,1203.1641691885866,1229.2987060546875
2026-03-23,1211.9735596886824,1234.3885372371806,1201.4023868626336,1230.1796875
2026-03-24,1242.1213008151199,1269.5282325903943,1224.5025589595862,1251.224365234375
2026-03-25,1243.100095463166,1263.263742406015,1230.4733068170258,1252.00732421875
2026-03-27,1257.9780904958054,1267.3748481809973,1236.444073189259,1242.806396484375
2026-03-30,1223.5236944376795,1238.6953882487069,1216.6719617488286,1224.1109619140625
2026-04-01,1262.6764804554484,1275.4011271577126,1242.610691424955,1248.6793212890625
2026-04-02,1233.3119397486187,1277.7503462365091,1233.116223742555,1273.247802734375
2026-04-06,1273.8350657038357,1292.041075138383,1271.4858762157266,1278.5333251953125
2026-04-07,1274.4222980187042,1316.609371698259,1266.1023367797188,1311.0301513671875
2026-04-08,1320.4267760360608,1347.7358488962445,1302.8080347694565,1317.68603515625
2026-04-09,1301.7313192842819,1309.170319257509,1286.1680743957882,1303.395263671875
2026-04-10,1290.0834192154255,1290.9643801968148,1256.1184483091881,1265.12353515625
2026-04-13,1245.0577246851824,1261.6976471062894,1238.8911174058185,1249.756103515625
2026-04-15,1278.631284802942,1294.4881045276459,1272.9540869097948,1277.6524658203125
2026-04-16,1294.0965334739733,1302.808046184627,1281.2740288923192,1291.2579345703125
2026-04-17,1285.1893342368037,1300.165312581974,1278.4354593069281,1290.7685546875
2026-04-20,1292.0410136169874,1296.8372503675125,1280.3930442184933,1284.7977294921875
2026-04-21,1282.2528368892558,1296.9351212811175,1271.7795218169556,1285.385009765625
2026-04-22,1267.5705813427946,1270.2133447995752,1229.2987830540255,1241.729736328125
2026-04-23,1227.438951608261,1238.891085420282,1200.0320212693207,1214.32275390625
2026-04-24,1174.5826894228176,1197.9764852174349,1127.7950978335834,1130.144287109375
2026-04-27,1130.1443119385692,1154.9084786451926,1130.04645394258,1145.5118408203125
2026-04-28,1138.0727223885278,1144.6308809119316,1125.4460537763027,1127.697265625
2026-04-29,1133.961747660014,1153.2444330805374,1132.2978032475876,1142.7711181640625
2026-04-30,1142.7711514334947,1164.5988623339997,1135.0384576467616,1156.768310546875
2026-05-01,1156.768310546875,1156.768310546875,1156.768310546875,1156.768310546875
2026-05-04,1169.6886601132755,1169.6886601132755,1140.5198072387318,1143.652099609375
2026-05-05,1144.728787187228,1160.0961972461241,1135.5278649580357,1153.1466064453125
2026-05-06,1161.8580797644604,1166.2627649868193,1139.443102180398,1142.4774169921875
2026-05-07,1148.1546369607545,1150.5038263553197,1134.6468875555572,1138.07275390625
2026-05-08,1136.4088093734103,1158.4322359116547,1134.2554554613432,1154.2232666015625
2026-05-11,1151.0911273032605,1161.8581361470833,1147.2737093616843,1152.0699462890625
2026-05-12,1137.3876630949442,1137.3876630949442,1099.2137225952,1116.1473388671875
2026-05-13,1112.5255790772605,1118.398492694932,1097.2560275682617,1099.3115234375
2026-05-14,1096.0815207310736,1098.137016652994,1065.933848927119,1071.8067626953125
2026-05-15,1078.658538900176,1109.1976439317652,1078.266987402901,1095.2984619140625
2026-05-18,1095.2984136735845,1121.8243835304838,1094.319594715878,1118.3006591796875
2026-05-19,1137.3876555901809,1173.0166903851343,1137.3876555901809,1171.5484619140625
2026-05-20,1161.8580984968487,1181.3366195800531,1159.802602590221,1168.4161376953125
2026-05-21,1170.7653346096859,1176.3446743746752,1152.0699163634372,1156.180908203125
2026-05-22,1157.4533539662823,1166.5564175672662,1147.6651649263981,1149.622802734375
2026-05-25,1157.9428754813864,1159.900513478819,1141.4008105061328,1143.75
2026-05-26,1141.5965459846338,1155.6914427435413,1138.2685377836078,1142.966796875
2026-05-27,1136.4088302961693,1142.5754376343073,1130.5359164445094,1135.3321533203125
2026-05-28,1135.3321533203125,1135.3321533203125,1135.3321533203125,1135.3321533203125
2026-05-29,1156.96396849116,1184.370898370815,1129.1654871448488,1136.3109130859375
2026-06-01,1150.1122640819906,1191.222659904496,1148.8397516554953,1177.02978515625
2026-06-02,1206.3943648530496,1251.811588367994,1206.3943648530496,1243.8831787109375
2026-06-03,1215.7909483013548,1223.425783618914,1190.2437985614154,1196.7039794921875
2026-06-04,1182.4132636253246,1189.4607121046952,1170.8631524946943,1175.855224609375
2026-06-05,1194.159169493737,1197.8787294549086,1169.0035692089534,1172.1357421875
2026-06-08,1152.559265415463,1175.26781631171,1151.5804465064052,1162.4453125
2026-06-09,1168.3182691086097,1168.3182691086097,1142.5754025403635,1155.300048828125
2026-06-10,1160.0999755859375,1171.4000244140625,1143.300048828125,1145.300048828125
2026-06-11,1129.699951171875,1133.699951171875,1109.0,1114.5999755859375
2026-06-12,1120.0,1123.300048828125,1111.5,1116.4000244140625
2026-06-15,1130.0,1151.0,1123.0,1134.9000244140625
2026-06-16,1136.9000244140625,1153.800048828125,1123.199951171875,1143.5999755859375
2026-06-17,1149.0,1162.5,1148.0,1157.699951171875
2026-06-18,1142.9000244140625,1142.9000244140625,1125.300048828125,1127.5
2026-06-19,1062.300048828125,1066.0,1030.0,1051.4000244140625
2026-06-22,1055.0,1080.300048828125,1055.0,1065.4000244140625
2026-06-23,1053.800048828125,1055.300048828125,1026.0,1029.300048828125
2026-06-24,1040.9000244140625,1065.5,1037.699951171875,1056.5999755859375
2026-06-25,1065.0,1068.0,1039.0999755859375,1041.199951171875
2026-06-26,1041.199951171875,1041.199951171875,1041.199951171875,1041.199951171875
2026-06-29,1037.0999755859375,1046.5999755859375,1029.0999755859375,1036.699951171875
2026-06-30,1030.0,1030.4000244140625,996.0,1000.4000244140625
2026-07-01,1006.0,1014.0,982.4000244140625,985.2999877929688
2026-07-02,1006.4000244140625,1045.0,1006.0,1040.9000244140625
