date,open,high,low,close
2021-07-02,741.9357326145338,743.1628412602923,733.44028529452,738.726318359375
2021-07-05,741.935695656625,749.015234737318,740.5197878404864,747.3633422851562
2021-07-06,746.2777707902237,750.4311233231725,735.0449369714347,738.0655517578125
2021-07-07,734.1953976683025,738.0655803177265,725.4639660213281,735.2337646484375
2021-07-08,734.337006863179,743.4459793071816,727.7766224147041,732.7322998046875
2021-07-09,728.7206213079188,732.4963758224676,724.0009281647328,728.2958374023438
2021-07-12,732.4963789570581,737.2160721204413,725.4168392119834,729.52294921875
2021-07-13,734.2898655424082,738.3487900304377,730.2781264620477,737.357666015625
2021-07-14,736.2720862788562,742.8796562839229,733.4874559683191,742.0773315429688
2021-07-15,745.5138022874214,748.3297751648327,739.9773478024575,744.4638061523438
2021-07-16,748.3774627642885,748.3774627642885,741.2182395873341,744.3682861328125
2021-07-19,740.550048828125,745.227431370262,735.0135944444318,740.550048828125
2021-07-20,739.7863344037635,740.4545401646377,718.1654588741699,725.6588134765625
2021-07-22,729.477202707427,732.2454010060492,721.3156990712457,723.9884643554688
2021-07-23,724.0361512294926,732.9612934013211,723.7975104413483,729.4771728515625
2021-07-26,728.3316269166743,729.3816229954089,718.3087146196558,720.0269165039062
2021-07-27,721.6496335557385,725.467885585134,708.9062407123922,711.6744384765625
2021-07-28,716.590600193939,716.590600193939,691.7242406840631,695.5902099609375
2021-07-29,696.831020862099,705.2788804814872,693.1082016924574,698.2151489257812
2021-07-30,701.7948019061403,725.4679551045384,698.5969805679426,709.3358154296875
2021-08-02,715.9223739477437,724.5611589409974,710.7677095505552,723.2725219726562
2021-08-03,728.7134421556742,737.5908667035993,721.1723708958142,735.8248901367188
2021-08-04,737.8772607501529,740.5500257214461,729.8111910727537,731.4339599609375
2021-08-05,731.1953411209057,731.5294149041218,722.3179158641171,724.8474731445312
2021-08-06,729.0952990123375,737.2090855279831,720.6951552132274,723.7974853515625
2021-08-09,727.3771043227414,746.4683669033907,726.8998227582251,739.7387084960938
2021-08-10,741.6478558414169,753.9139690934824,739.9296538126868,750.572998046875
2021-08-11,750.5729546020829,754.0571332252091,732.627179957143,743.3182983398438
2021-08-12,745.5137759616634,758.5435854916208,738.5931935343625,740.931884765625
2021-08-13,747.3751784575036,753.6275550068893,737.4954155784832,743.2705688476562
2021-08-16,744.9411511578044,767.4211030637749,744.7979433717752,762.9823608398438
2021-08-17,762.9345611899327,767.4210194329839,746.4683476390709,754.725341796875
2021-08-18,757.8276149600788,760.7867370566669,751.1456737312247,755.3934326171875
2021-08-20,752.9594147033997,755.3935391275985,740.9796586063335,749.9525756835938
2021-08-23,754.1048623636949,757.3981167694371,728.9521475377201,731.0999145507812
2021-08-24,732.1499325840581,744.4638204655295,726.9952682936955,742.7933349609375
2021-08-25,745.4660324779356,747.4228750962408,735.5385533609118,736.9703979492188
2021-08-26,735.968150334881,747.3274745332694,732.3885387087386,745.8956298828125
2021-08-27,744.4638012890847,749.3320499008745,730.2407874830178,739.9296264648438
2021-08-30,748.3297553517575,758.0663106430621,747.4229087526135,755.5844116210938
2021-08-31,752.1957707475487,759.6413517497741,745.8001859174906,757.2549438476562
2021-09-01,757.2549562635322,766.0369491396968,733.963649714127,734.918212890625
2021-09-02,737.7340377998277,738.975016387661,715.9222951781619,718.260986328125
2021-09-03,721.6497775338216,722.6043407316176,711.245015373079,715.8269653320312
2021-09-06,718.7859965498458,725.2770138171709,713.1063345927213,720.4564819335938
2021-09-07,720.7906571833532,724.2271196994443,714.1087147076324,718.8815307617188
2021-09-08,721.649685779128,723.3678876643161,714.967744244136,720.4564819335938
2021-09-09,715.9223832807817,722.1270439358818,713.5836918430152,716.6383056640625
2021-09-13,719.2632260373664,719.2632260373664,706.710699185968,711.6744384765625
2021-09-14,710.9586169750582,718.3564813304056,710.8154674608109,716.11328125
2021-09-15,717.8314052280239,725.4679095389603,712.581308514255,720.79052734375
2021-09-16,725.3247777353049,726.4225486497237,717.2109910552489,722.5565795898438
2021-09-17,723.7497579860235,731.1953385539035,715.1109735366913,719.8837890625
2021-09-20,715.3496465126293,722.1270215595807,698.9311487124285,704.5153198242188
2021-09-21,706.4720887992421,707.2357858474677,696.401460291243,704.8970947265625
2021-09-22,705.3267412031113,724.5134373864463,704.8971761293536,718.3087768554688
2021-09-23,722.1270544793784,727.3771520334254,718.54744251071,723.9884643554688
2021-09-24,724.9906946935319,746.5160815471922,718.3564693109063,744.0342407226562
2021-09-27,753.6275015688522,776.7756547202704,747.4705584597026,774.4846801757812
2021-09-28,782.7417654406908,784.6508916978632,760.0708911367683,769.4255981445312
2021-09-29,763.6504931890295,778.637145770246,762.6959300725432,775.20068359375
2021-09-30,771.3347051723827,780.2599051593048,764.8914042150567,766.5618896484375
2021-10-01,763.6504871090001,793.2419434844738,751.2411666934788,790.2350463867188
2021-10-04,794.673791897225,813.2877726083311,790.4736908935453,802.9307861328125
2021-10-05,802.9308107867978,807.5604187241281,797.107940659182,804.7444458007812
2021-10-06,807.5603738767475,816.0560086797409,791.3328013520373,796.2010498046875
2021-10-07,801.5466947174042,847.4611592719078,799.1125703190353,838.3450927734375
2021-10-08,853.0930427001412,854.3339630611447,832.9040101006932,837.9154663085938
2021-10-11,839.0610132136075,861.4932473552681,839.0610132136075,854.90673828125
2021-10-12,847.6520569485931,853.9999250491995,837.1518625494551,849.6566162109375
2021-10-13,852.4248613389012,927.0239920497512,852.4248613389012,892.8505859375
2021-10-14,895.8574527043082,903.2553165918505,880.2980861157944,889.080078125
2021-10-18,914.4714472122455,914.4714472122455,867.0296496241139,869.5592651367188
2021-10-19,869.6069853489016,885.4527095268955,860.2522786078482,875.8116455078125
2021-10-20,871.5160761997835,882.8753999500851,853.9998673049116,858.4862670898438
2021-10-21,867.0297162383297,869.7024814637342,852.8067599529672,856.2431640625
2021-10-22,862.9250057780088,868.4614598706635,844.8837406489055,847.5087890625
2021-10-25,842.8791620415194,864.7386789031902,842.8791620415194,850.2293090820312
2021-10-26,852.8066453685599,859.1067381435173,843.8337294654103,853.9043579101562
2021-10-27,859.1067751157985,862.7341031805727,843.3564842386755,846.5065307617188
2021-10-28,846.6975100058711,855.2885783148372,838.0110086871254,843.6906127929688
2021-10-29,843.3565263820968,860.5386627430224,822.8334190621024,844.0724487304688
2021-11-01,844.072467232041,847.5566460419194,821.3061593595545,830.8040161132812
2021-11-02,835.2426804571877,839.347289977339,819.9696714431134,822.3560791015625
2021-11-03,824.7425808856007,830.3745269070613,804.6967542668534,810.4241333007812
2021-11-04,816.8674229800429,835.2427637832749,814.2423742938669,833.1904296875
2021-11-08,838.1063772826225,838.3450180506414,815.4832208220429,820.4469604492188
2021-11-09,824.7424906885728,864.261425005496,823.4060790887132,851.6134643554688
2021-11-10,864.7387705168185,882.9709031583511,854.334009001864,877.864013671875
2021-11-11,877.1957843663702,886.5982077248992,869.6069959654425,882.7322387695312
2021-11-12,891.5619418656074,896.8120389536812,882.970873903305,895.1892700195312
2021-11-15,892.5164625302399,905.4507803615858,879.2480126702152,886.2163696289062
2021-11-16,886.2164622977323,922.0602973538656,883.4959223307512,916.6669921875
2021-11-17,916.332799342061,934.5172135509108,904.2098371155263,911.0827026367188
2021-11-18,911.607794976325,911.607794976325,876.4798832201952,881.72998046875
2021-11-22,884.3073486213098,887.9823935402803,853.0931211465492,859.918212890625
2021-11-23,857.0544150519293,867.2205348856202,852.9975220709013,860.3953857421875
2021-11-24,866.4569488219099,866.4569488219099,849.5611700791892,852.6157836914062
2021-11-25,850.4203077551607,858.0568127227251,843.3565173553999,850.7066650390625
2021-11-26,844.788285753912,844.788285753912,804.6966382944042,814.9581909179688
2021-11-29,806.7968035331857,828.3699078863788,790.7123791496404,812.142333984375
2021-11-30,812.1422794649321,821.687910531191,790.9032503425059,797.5374755859375
2021-12-01,798.0147851759231,804.4103698673945,785.8441051388501,796.7738647460938
2021-12-02,797.8238536221089,820.8765765516382,797.1079312735137,810.9490966796875
2021-12-03,810.3763885276752,816.7241984450454,796.0579414422999,798.921630859375
2021-12-06,799.9238690475041,802.4057097755855,782.7894499376015,784.7940673828125
2021-12-07,788.9463847597963,795.7715340791174,785.1281324439593,788.42138671875
2021-12-08,796.5828700614337,805.3648618271344,789.3759306425579,802.5488891601562
2021-12-09,818.4425056679642,818.4425056679642,798.0148300159017,812.4287109375
2021-12-10,811.4740380392251,829.1334547371004,811.4740380392251,820.6378784179688
2021-12-13,829.4676678871118,829.4676678871118,801.5466955125611,804.7921752929688
2021-12-14,801.8330079243233,803.6944176308149,788.4691244589178,798.8261108398438
2021-12-15,805.6512313312452,814.9105047655139,800.1147771758998,807.7512817382812
2021-12-16,814.1468352317165,823.0719762973582,807.7512512497418,814.5286254882812
2021-12-17,809.4695136479323,813.5264068472292,792.287377745028,796.6783447265625
2021-12-20,788.4691820426967,792.2874347402401,760.7868499855076,777.30078125
2021-12-21,785.0327594148893,789.4237266087953,770.8097451470401,775.2962036132812
2021-12-22,781.5963485440478,789.6147028522945,774.1507671217701,781.5009155273438
2021-12-23,787.4191051532159,795.9146815773925,785.3667712338646,789.2804565429688
2021-12-24,793.2419795833972,794.244259240958,771.2870270798857,775.7257690429688
2021-12-27,771.2869157937034,785.7485687695965,770.284636280758,781.3575439453125
2021-12-28,786.5600125054025,801.8330224569637,781.8349133992564,800.5921020507812
2021-12-29,805.1262999489736,805.1262999489736,793.0987693103556,794.86474609375
2021-12-30,804.6966663087331,804.6966663087331,789.5668649859825,791.619140625
2021-12-31,796.8693513758066,806.6059077130092,792.4783839403594,799.1126098632812
2022-01-03,797.0602366542965,801.8330524426457,788.7555255301869,792.0964965820312
2022-01-04,799.8761535018015,803.7421223667421,788.1350391386118,794.0532836914062
2022-01-05,792.2873635488013,808.5149360552225,792.2873635488013,801.355712890625
2022-01-06,800.8784030089312,803.9807329371541,789.9009278782962,801.6897583007812
2022-01-07,802.7875202027104,811.1399468397778,785.1281038843392,791.332763671875
2022-01-10,797.9670790920425,808.2763494880462,792.0010593881153,803.6944580078125
2022-01-11,803.7421481617857,810.1854492307787,797.5852043768106,803.16943359375
2022-01-12,808.3240226692631,844.0247059688651,804.2194129853397,840.54052734375
2022-01-13,840.540502057232,868.1751146657126,828.5607471466064,855.2885131835938
2022-01-14,849.3702916830587,855.2408784464803,839.6815105255117,841.1610717773438
2022-01-17,844.0246384167714,862.9249746607206,842.5450773802979,859.870361328125
2022-01-18,861.0158872697832,868.7478248152262,847.9383615868078,851.6134643554688
2022-01-19,867.6501734699249,867.6501734699249,840.7791979068807,853.7612915039062
2022-01-20,855.2885256956274,856.8158033296068,833.1903669334384,840.4927978515625
2022-01-21,836.0063693527414,844.692928707177,825.8880235793431,835.4336547851562
2022-01-24,831.6154660365129,838.4405579145879,809.5173047967237,815.8651733398438
2022-01-25,807.655840741622,819.2538060723446,806.8444853861337,815.6741943359375
2022-01-27,807.1786039693466,823.6448188705746,802.9785609227029,819.0629272460938
2022-01-28,825.1244077350694,855.2885798814824,821.3061551463128,830.1358642578125
2022-01-31,838.9655513673964,848.463407823318,832.4744755272103,845.552001953125
2022-02-01,851.4702780127818,854.0476100134083,824.9334357091595,830.1835327148438
2022-02-02,835.9109370474588,840.3019041010567,825.8403077692501,829.8494262695312
2022-02-03,828.5607689374543,842.3065008513181,813.4309671412283,817.2969360351562
2022-02-04,822.2607161498589,822.2607161498589,798.1579967461688,803.455810546875
2022-02-07,802.7875337882384,806.3194287640636,784.841759905282,791.81005859375
2022-02-08,792.2874198769144,799.637567834179,780.0213066209341,794.2442626953125
2022-02-09,799.9238753153913,807.5126635892017,795.2942675995344,802.02392578125
2022-02-10,805.6512546783424,818.7764972752941,792.430579076358,814.2900390625
2022-02-11,814.2423036647118,822.7856548455799,797.6328828408801,814.86279296875
2022-02-14,803.5035331850972,806.9877119946144,745.2274644086701,787.5623168945312
2022-02-15,790.3782374309069,819.0151300914471,783.1235812616663,815.7695922851562
2022-02-16,815.769643483184,838.5837260393314,815.769643483184,824.981201171875
2022-02-17,832.3790733047623,837.4382463869158,819.9697522577876,823.0720825195312
2022-02-18,818.2515820611635,830.2313385009766,808.6582336078437,813.287841796875
2022-02-21,806.7966779179999,811.8558502826659,794.1964343741071,802.8829345703125
2022-02-22,789.4237350611403,817.1060667621961,785.939556214691,814.4810180664062
2022-02-23,817.1059992541982,830.1835251469797,807.2740111491984,811.6649780273438
2022-02-24,780.9280416698385,794.1010589390021,754.5821236553264,759.6412963867188
2022-02-25,775.773581070958,787.5146976379032,765.5597424310282,770.9052734375
2022-02-28,770.3324159858785,770.3324159858785,751.0025133542625,754.9161987304688
2022-03-02,749.8092800101878,773.9119971588285,734.0589895962246,742.984130859375
2022-03-03,756.0139814200988,757.111752298894,725.5156784717927,727.4248046875
2022-03-04,715.9223289075691,721.6497075388296,696.8310668033672,699.0265502929688
2022-03-07,687.1422095284308,687.1422095284308,650.7733795013263,659.1735229492188
2022-03-08,659.1735744514816,671.1056138784576,640.6550842179615,668.814697265625
2022-03-09,672.9670072099312,706.2812837794138,668.1941915559601,701.460693359375
2022-03-10,727.3293734667512,727.8543715249776,701.6038859945686,705.2789306640625
2022-03-11,700.6493250290744,708.0949056590179,695.5901521819274,701.4129638671875
2022-03-14,701.4128610987656,712.103978051653,692.4877206035485,709.4312133789062
2022-03-15,711.1494703003272,734.2499076993764,711.1494703003272,726.6134033203125
2022-03-16,733.9157923581055,740.7409416067966,730.2407478469064,738.4977416992188
2022-03-17,749.332015412452,763.5550285638969,741.6955107967838,758.304931640625
2022-03-21,753.7230192701205,755.1548639558631,744.654669593751,747.9002075195312
2022-03-22,747.422883445068,753.197978363367,734.059000471593,749.9047241210938
2022-03-23,754.104884436894,758.1140612976749,737.0181808391926,738.9273071289062
2022-03-24,738.5454884583853,744.5592243875957,727.9975777652761,730.8612670898438
2022-03-25,737.8772818648608,737.8772818648608,723.7497595306967,730.0021362304688
2022-03-28,730.1453422554077,737.5909228213749,717.1632490713981,734.2976684570312
2022-03-29,735.9681647212918,747.4229221488606,735.6818074379845,738.2113647460938
2022-03-30,743.8910123980942,758.8776647249175,740.6455328142771,757.3026123046875
2022-03-31,761.7413898277765,776.0598370049903,761.7413898277765,769.9028930664062
2022-04-01,774.1506956590124,791.8101135008025,771.0006489936696,788.994140625
2022-04-04,780.8326224522838,798.0147583986666,773.1961175872248,795.8192749023438
2022-04-05,798.9692989256192,813.2877451429242,795.8192524101935,798.5397338867188
2022-04-06,800.5920910752797,800.5920910752797,785.5577221103212,790.2350463867188
2022-04-07,788.4691058440925,802.1193462662517,784.937210787809,796.3919677734375
2022-04-08,792.2873319237492,821.5447127266593,789.4713592723622,818.4423828125
2022-04-11,816.1037234889353,822.2128922931266,807.7512964714841,817.9173583984375
2022-04-12,811.3785968678214,827.9880173319955,804.9830127460117,821.6878662109375
2022-04-13,823.3107272690371,835.2427667946753,823.1675194899648,826.7471313476562
2022-04-18,826.7471009414788,836.1972992029888,819.1105959259264,834.3836059570312
2022-04-19,838.201791989214,847.4610652386245,825.7924723230922,832.8562622070312
2022-04-20,833.7632201276984,849.4657960704455,833.7632201276984,841.2088012695312
2022-04-21,841.2087420600699,872.4706839635788,840.731460504291,869.6069946289062
2022-04-22,862.7340593490094,884.9276499119463,848.6542545832752,878.8184814453125
2022-04-25,872.8046919480049,885.8345007432246,854.4293534358205,862.9249877929688
2022-04-26,865.406916310846,900.0576047779151,865.406916310846,897.4325561523438
2022-04-27,887.74371357959,897.9575507538017,881.014055145159,884.73681640625
2022-04-28,902.0621923028646,902.0621923028646,876.766268391726,880.9663696289062
2022-04-29,886.6937125964264,896.5734176630359,876.2889512000712,880.20263671875
2022-05-02,873.4252419180998,891.2755836512121,868.3660691090979,879.4866943359375
2022-05-04,876.1934943955129,881.9685895086819,850.5634401565436,855.3839721679688
2022-05-05,868.6524906424187,879.1526855842501,854.9545323639763,858.2000122070312
2022-05-06,849.5611614140081,873.2343147088932,846.9838293843031,853.2362060546875
2022-05-09,840.0155570455112,860.9205129631123,835.2427413804799,854.620361328125
2022-05-10,854.6203090049777,869.5592444266705,843.929190917477,847.986083984375
2022-05-11,848.2247393613309,857.5795042626954,836.6745492649463,846.7451782226562
2022-05-12,844.692918375225,848.606603816974,814.9105377249922,825.9357299804688
2022-05-13,839.8246491170327,863.8796521894982,830.5653748942216,849.0839233398438
2022-05-16,854.3339867353004,867.6024373200871,852.1385032262395,862.3045654296875
2022-05-17,865.7887484623101,875.3343796471205,857.3408881685165,869.4160766601562
2022-05-18,868.6524435748919,880.8231234161885,864.0705522281975,871.802490234375
2022-05-19,860.0613467126805,871.5161038276108,840.1587295302522,842.4496459960938
2022-05-20,856.1476197601306,869.9410091733296,848.2724746260501,862.7340698242188
2022-05-23,869.607003587978,900.5825885295255,868.8910812469342,899.10302734375
2022-05-24,905.8803979710169,916.7624408088359,900.2484522763386,903.8280639648438
2022-05-25,910.4622364346166,910.4622364346166,881.395779558657,886.2163696289062
2022-05-26,887.8391526996098,891.084690678511,873.2343483183752,887.5527954101562
2022-05-27,897.2893074807574,914.471443155921,881.0617348986586,909.555419921875
2022-05-30,928.0740232173864,965.7792676679771,913.5646516751567,952.9880981445312
2022-05-31,952.6062927799585,995.6093503843501,946.9266304710214,987.3523559570312
2022-06-01,987.9727662041394,1009.2117942698806,968.6905807572427,999.7615966796875
2022-06-02,997.4707213004071,1009.8800423041195,987.9728645263256,997.0889892578125
2022-06-03,1002.3867092730269,1008.5437113129504,979.0953458340873,981.911376953125
2022-06-06,981.2908477485777,1000.9548239220452,971.7452169339028,988.8795776367188
2022-06-07,987.7819455225967,997.5184425629672,971.8406717893581,995.1798095703125
2022-06-08,1008.9254149739537,1008.9254149739537,987.2568793629916,997.5184326171875
2022-06-09,988.9273905300487,1001.6231266125968,985.1091380569596,997.6138916015625
2022-06-10,986.0637530314423,996.0866663003969,979.9545254484574,989.4047241210938
2022-06-13,977.1385558392127,982.245445198992,953.178986698885,958.667724609375
2022-06-14,954.5631361908265,978.4272145955972,953.6562895590632,972.9384765625
2022-06-15,978.0931246328839,992.0774976516543,973.6543828182138,978.9044799804688
2022-06-16,990.550111872407,990.550111872407,951.6994391505145,959.5745849609375
2022-06-17,954.5630851993619,962.1518733790783,938.4787205185155,952.3198852539062
2022-06-20,959.3358779450922,962.199567132988,934.6126713181629,938.0491333007812
2022-06-21,938.0491748570053,959.0972796681039,937.1900447578142,952.6062622070312
2022-06-22,949.9334467163419,958.3335899411371,928.4557779962892,939.09912109375
2022-06-23,941.1992207312151,984.7272749775101,940.4355819002449,981.0044555664062
2022-06-24,989.7865593159889,1025.6781106606816,984.7273279819353,1023.3394775390625
2022-06-27,1040.2829848613637,1045.2466667147717,1023.3394886657588,1033.5054931640625
2022-06-28,1032.8372293376237,1070.4946953874055,1030.4030469288286,1061.47412109375
2022-06-29,1055.7468575198168,1064.7674327941593,1041.1419945268758,1061.235595703125
2022-06-30,1058.8968069306138,1066.7241771016131,1038.612342712798,1043.4805908203125
2022-07-01,1042.7647289938777,1062.7627788546808,1015.6551142925836,1057.035400390625
2022-07-04,1050.9740281750644,1051.9285913250872,1030.3554874393371,1041.6192626953125
2022-07-05,1041.428393875262,1051.9285884972855,1029.0190729583248,1032.78955078125
2022-07-06,1033.5054945458078,1061.4742419550523,1031.5009351993986,1054.36279296875
2022-07-07,1068.1560976881287,1087.1995847237129,1063.9559967874518,1081.806396484375
2022-07-08,1131.1094407339187,1140.6074130061668,1074.981203246378,1082.0926513671875
2022-07-11,1077.6539489206925,1114.8342510205534,1071.640271395466,1112.11376953125
2022-07-12,1111.1113272922555,1111.5408340309143,1090.1109413812335,1094.5496826171875
2022-07-13,1100.8022467516564,1103.9523519530126,1086.3883655908014,1088.5361328125
2022-07-14,1094.3221201953036,1110.2817167404296,1090.850436788023,1101.89208984375
2022-07-15,1102.2295030150585,1133.955992568073,1099.7222678462579,1130.67724609375
2022-07-18,1137.427549214512,1137.427549214512,1117.8998613199858,1121.90185546875
2022-07-19,1120.455588488232,1147.071085723459,1119.5876675283193,1143.93701171875
2022-07-20,1152.3748516206663,1152.3748516206663,1121.0341129782632,1124.07177734375
2022-07-21,1125.4698819988848,1137.9097665492968,1123.2519929140858,1133.2327880859375
2022-07-22,1137.909719230007,1143.5992913693767,1128.5557626922673,1138.970458984375
2022-07-25,1142.7313271966989,1142.7313271966989,1091.6218247988718,1095.33447265625
2022-07-26,1093.550587398905,1105.1225512867243,1085.0162875748592,1095.479248046875
2022-07-27,1099.3366458175017,1109.2692959319468,1086.6075317418492,1097.50439453125
2022-07-28,1101.3617020634565,1110.9085963566185,1094.8524720066796,1108.1602783203125
2022-07-29,1117.465934929557,1141.9598289783032,1112.1138549836705,1122.914306640625
2022-08-01,1146.9746233912651,1204.159346582841,1142.0082981924027,1193.5999755859375
2022-08-02,1193.55164420771,1214.81517581628,1182.4618450238345,1209.75244140625
2022-08-03,1215.0080219397096,1215.0080219397096,1187.09070437017,1208.98095703125
2022-08-04,1219.7815148770815,1219.8779243713593,1194.853598226628,1216.7921142578125
2022-08-05,1232.6070216527023,1232.896367847753,1187.3317582421164,1191.81591796875
2022-08-08,1200.591297161815,1234.342859732629,1198.3251443609963,1231.1605224609375
2022-08-10,1231.449800950455,1234.0534456906128,1215.2972683224832,1222.819091796875
2022-08-11,1231.4497258672036,1233.3301227631,1209.270130178131,1221.034912109375
2022-08-12,1219.8778371208134,1223.6387488575288,1204.7378984026718,1214.5257568359375
2022-08-16,1234.9213876437368,1252.3757429405005,1229.1836693104046,1242.3468017578125
2022-08-17,1247.8434984350474,1247.8434984350474,1224.7478331663758,1228.7979736328125
2022-08-18,1228.5569050523063,1232.7517186652676,1209.9452816177384,1216.165283203125
2022-08-19,1224.6993996453323,1227.2548983137951,1191.4300065053606,1195.19091796875
2022-08-22,1195.1910355575992,1202.905678204134,1175.5669368686977,1182.9439697265625
2022-08-23,1176.4347823713258,1231.449876812633,1174.5543852449389,1227.68896484375
2022-08-24,1229.4728830600454,1237.7179543064553,1216.020522306537,1223.0601806640625
2022-08-25,1228.5567435306323,1231.883635820317,1211.8737830508817,1214.7186279296875
2022-08-26,1234.2463276327017,1252.6650121198825,1223.5422852524948,1229.18359375
2022-08-29,1204.4486483447752,1235.1144016100538,1197.8430087645693,1231.257080078125
2022-08-30,1238.200131146073,1268.0943710724969,1238.200131146073,1262.01904296875
2022-09-01,1234.3428001824286,1278.4126483837508,1234.3428001824286,1265.2496337890625
2022-09-02,1271.6142606647315,1283.1862250566915,1264.4299288083907,1269.010498046875
2022-09-05,1271.9516520973575,1277.2072050897125,1254.6901163687376,1273.4464111328125
2022-09-06,1277.7376677824363,1279.6663284130514,1254.2079845457129,1259.8011474609375
2022-09-07,1244.950576050366,1265.1532513250777,1235.5000908188433,1243.6968994140625
2022-09-08,1258.451084841128,1284.4397402347383,1255.5580938414932,1274.748291015625
2022-09-09,1290.2739784086816,1290.2739784086816,1247.8917075944794,1254.8348388671875
2022-09-12,1261.3441608126313,1268.6730482955372,1248.807865636359,1250.7847900390625
2022-09-13,1263.2245769053366,1263.2245769053366,1244.9505626729197,1253.48486328125
2022-09-14,1238.1519924483277,1266.9854954744667,1234.342934385693,1251.7491455078125
2022-09-15,1258.4511696181069,1267.3712258012238,1243.0701468536643,1250.7847900390625
2022-09-16,1245.1914924968405,1250.7363916889851,1190.4657482961081,1205.50927734375
2022-09-19,1214.9598286740488,1252.1346929501656,1205.5093441796512,1242.684326171875
2022-09-20,1253.629393786598,1265.2013574215512,1250.3025013279896,1256.47412109375
2022-09-21,1262.2601254347392,1275.8090135188677,1247.4576785641166,1260.042236328125
2022-09-22,1250.7363977166965,1273.44642334302,1246.8790765209626,1263.658447265625
2022-09-23,1258.4511592121876,1271.0838637805969,1216.0206220433474,1226.9176025390625
2022-09-26,1205.412841808469,1214.0435506693786,1172.9149586797519,1192.2979736328125
2022-09-27,1198.2767814477397,1208.2094304104119,1177.6400899286577,1191.671142578125
2022-09-28,1189.115786684214,1216.7438760477398,1168.0451910939767,1198.0841064453125
2022-09-29,1210.2346047200522,1222.7226358257399,1201.26628526397,1213.465087890625
2022-09-30,1212.1150283041525,1236.9465356762103,1189.0676263142386,1222.9637451171875
2022-10-03,1224.651242077927,1230.5818970856626,1197.7465203386196,1206.7147216796875
2022-10-04,1219.877958741425,1232.365990363044,1210.2346547197535,1215.393798828125
2022-10-06,1222.77093835056,1231.4499118877486,1209.7524780447773,1212.06689453125
2022-10-07,1215.0562552155905,1216.9366523336475,1188.9710718564631,1194.66064453125
2022-10-10,1189.9836247045957,1202.0860174069555,1174.5543394572105,1198.66259765625
2022-10-11,1204.6897669083087,1204.6897669083087,1181.786919628683,1185.6925048828125
2022-10-12,1191.5747710854048,1214.4293523457852,1186.2226907785057,1203.3878173828125
2022-10-13,1210.234617643728,1228.7015678227087,1196.2518272406728,1203.6771240234375
2022-10-14,1222.5297731048047,1226.6281769980765,1184.1976425736148,1186.4156494140625
2022-10-17,1183.2333516935023,1194.5642334232484,1153.821275714161,1186.1263427734375
2022-10-18,1192.0568186718942,1222.1438742898342,1189.5013200592339,1209.0772705078125
2022-10-19,1215.0079396843207,1219.6850359095374,1199.6269181656637,1203.8699951171875
2022-10-20,1196.9269307260513,1209.2704078125,1179.906592125511,1205.4130859375
2022-10-21,1208.402289959956,1223.6387559701463,1199.7715807573113,1211.922119140625
2022-10-24,1216.0204396586814,1232.414053833303,1216.0204396586814,1225.615478515625
2022-10-25,1225.6156698946745,1238.055555548174,1214.6705434416456,1235.6929931640625
2022-10-27,1237.5251983148764,1253.484795146312,1233.4267942840802,1247.9881591796875
2022-10-28,1254.2562580494398,1268.9622954739734,1243.9861165671184,1264.8638916015625
2022-10-31,1271.228447859565,1310.0427433470275,1269.6372792839388,1300.495849609375
2022-11-01,1312.453513214209,1317.8055933633514,1301.2190418907205,1305.75146484375
2022-11-02,1305.7514926901624,1312.453541203549,1290.8525188925407,1304.112060546875
2022-11-03,1292.2027420205698,1306.6676980879643,1281.161205975571,1287.766845703125
2022-11-04,1290.2738862578003,1303.7745098808266,1283.523574446287,1290.563232421875
2022-11-07,1297.0241597672957,1307.246036665366,1288.9237622894711,1303.0994873046875
2022-11-09,1316.1661108696474,1316.1661108696474,1283.5235556314062,1289.8399658203125
2022-11-10,1291.238404119135,1291.238404119135,1244.5647892694403,1251.8936767578125
2022-11-11,1258.5475215687827,1271.7106544452192,1232.9446212975788,1241.1895751953125
2022-11-14,1257.4866289006222,1262.9832641644407,1222.8190039709727,1232.5587158203125
2022-11-15,1238.7306203283504,1250.0615021434548,1229.7623008265475,1245.62548828125
2022-11-16,1242.9734540443267,1248.8076992624551,1230.485424138141,1240.8037109375
2022-11-17,1234.5355841950054,1239.1644166510366,1209.4148508917783,1214.4293212890625
2022-11-18,1205.461116699492,1211.15057119324,1173.8310363477367,1183.3779296875
2022-11-21,1174.5543275766981,1190.851533497625,1159.1250424853786,1174.79541015625
2022-11-22,1177.1097642716088,1191.381781597368,1172.5773413858383,1184.6314697265625
2022-11-23,1190.5621849999432,1196.1070843188506,1180.3403071900473,1191.6229248046875
2022-11-24,1197.6019654350116,1212.1633311522492,1194.4678915875616,1209.318603515625
2022-11-25,1213.1274649091433,1222.4814213279662,1201.555501809851,1215.82763671875
2022-11-28,1213.9954699211962,1226.6281736379258,1201.5555851830625,1206.087890625
2022-11-29,1211.1987817633105,1219.8777539256273,1204.0145685598304,1212.259521484375
2022-11-30,1217.0812934716848,1269.058722123141,1212.7900705631057,1259.0296630859375
2022-12-01,1268.0944775839657,1269.9748747798692,1242.0575567514431,1247.3131103515625
2022-12-02,1240.5627829756725,1247.6507055141858,1215.056291249771,1219.4921875
2022-12-05,1224.1690968817168,1224.1690968817168,1207.9201542775013,1214.8634033203125
2022-12-06,1203.9663835256645,1220.3117350781988,1203.9663835256645,1217.9974365234375
2022-12-07,1216.984880378127,1223.6387832197702,1207.7273327235428,1221.4207763671875
2022-12-08,1227.5442011540126,1236.2714374046589,1224.2173087248161,1228.894287109375
2022-12-09,1235.7891200181514,1238.826783614476,1211.6808656284097,1220.263427734375
2022-12-12,1218.8170426653792,1231.7390917297923,1211.68097517762,1218.9134521484375
2022-12-13,1222.770795922042,1240.0804773740888,1221.8064656413464,1237.5732421875
2022-12-14,1241.0930508023932,1244.9503718616081,1230.9193194222753,1240.5626220703125
2022-12-15,1240.032445616745,1247.3613328813299,1236.0304510403128,1241.044921875
2022-12-16,1232.36589105309,1241.0931275758655,1205.412905570965,1206.955810546875
2022-12-19,1206.2809042389185,1248.7114412527571,1200.6395950200738,1244.613037109375
2022-12-20,1242.0091546747035,1242.0574182758282,1218.0455704196672,1229.76220703125
2022-12-21,1234.2464178153966,1238.682313807805,1213.6097251281608,1220.5528564453125
2022-12-22,1220.5527891453405,1232.0766066288907,1185.4512611021835,1189.935302734375
2022-12-23,1176.482927550381,1186.1262302352202,1164.910964328574,1180.9188232421875
2022-12-26,1180.9189430673098,1202.90572250613,1172.9150716564172,1192.9249267578125
2022-12-27,1198.9037045731293,1203.966438897689,1180.2920817792572,1190.2247314453125
2022-12-28,1185.981644509349,1210.2345760913736,1181.3046659059223,1207.6790771484375
2022-12-29,1203.1949245951976,1222.3851220075098,1194.3713961096819,1217.3223876953125
2022-12-30,1220.2153152292715,1220.2153152292715,1200.5912172693343,1204.641357421875
2023-01-02,1206.3772742646468,1225.663881367199,1198.2768757383533,1217.8045654296875
2023-01-03,1217.949193327592,1219.8778539662737,1202.2305620358934,1204.7379150390625
2023-01-04,1207.6790608553395,1211.0060711114443,1187.0906319276783,1192.1051025390625
2023-01-05,1195.7695818503526,1210.2345364695102,1187.090609078858,1207.9683837890625
2023-01-06,1207.9684472477336,1229.472943614924,1203.6289606340185,1219.781494140625
2023-01-09,1227.544132874654,1267.0335268629706,1226.2905741913369,1263.610107421875
2023-01-10,1263.754969637459,1279.0878463033332,1259.1744003083647,1267.998046875
2023-01-11,1268.576610933375,1272.9160976298401,1254.1116552784904,1265.780029296875
2023-01-12,1269.0585466742984,1279.666178903339,1263.2725654584583,1272.8194580078125
2023-01-13,1277.737726449088,1289.3096907640986,1264.8156760874379,1280.775390625
2023-01-16,1285.452345116793,1287.6220883849946,1256.474171270591,1268.6729736328125
2023-01-17,1271.90334467263,1276.6285864725075,1257.5830639074054,1273.735595703125
2023-01-18,1273.2535381880343,1277.7376978027899,1261.4404915479709,1274.9893798828125
2023-01-19,1270.601662896636,1281.305706383987,1265.4907826017939,1272.482177734375
2023-01-20,1276.8215904284348,1277.7376571339014,1264.8638710750556,1267.853271484375
2023-01-23,1274.2179748380554,1297.9404795880016,1265.49085518101,1281.064697265625
2023-01-24,1287.477455023937,1287.477455023937,1273.9286839384738,1276.677001953125
2023-01-25,1277.6411650360676,1284.4878862317719,1259.4635634625681,1264.7191162109375
2023-01-27,1271.0836946417073,1292.009731954176,1240.7555549919985,1273.1087646484375
2023-01-30,1273.012495686107,1294.1313542957043,1258.4511306675815,1284.102294921875
2023-01-31,1302.1352839316223,1336.079664259052,1287.6703290677567,1329.5704345703125
2023-02-01,1337.0922725201142,1340.4191650880273,1274.8447023355195,1303.8228759765625
2023-02-02,1299.965586874333,1329.0400530104891,1283.041541996059,1304.160400390625
2023-02-03,1310.7177183303006,1342.299536177121,1302.3763552703585,1338.490478515625
2023-02-06,1342.251455412019,1342.251455412019,1311.489293298056,1326.9185791015625
2023-02-07,1333.5724170556928,1335.5974871753374,1312.4535595997359,1317.9501953125
2023-02-08,1324.5560177207574,1330.7759014781793,1311.4892942103795,1324.0738525390625
2023-02-09,1323.0612093412526,1336.5618339263674,1314.3822363936788,1323.2540283203125
2023-02-10,1329.377571982813,1337.4778522679717,1302.6174063625058,1316.7447509765625
2023-02-13,1325.954282186865,1334.6332556702698,1277.7860264404121,1304.739013671875
2023-02-14,1309.5605309429409,1327.8828064126874,1301.8458886398896,1314.52685546875
2023-02-15,1315.5394194715475,1333.813550276607,1311.5375426825397,1330.1490478515625
2023-02-16,1330.87233376594,1347.1695407295845,1314.5751268022955,1319.3486328125
2023-02-17,1311.4410178671565,1323.5916745007326,1284.7773777513064,1293.649169921875
2023-02-20,1294.2277418242634,1306.6193633037467,1285.0666034806295,1298.229736328125
2023-02-21,1306.1853816317068,1313.8036144882458,1293.1669226785668,1303.6298828125
2023-02-22,1298.8565182203167,1304.5942364789857,1264.3817096341513,1272.6749267578125
2023-02-23,1277.9787668998106,1278.9430972275977,1258.4510777621226,1267.081787109375
2023-02-24,1273.108731945311,1273.446341701174,1232.6068619867187,1234.5355224609375
2023-02-27,1224.747752108303,1239.5501987608116,1203.8699774421164,1212.5489501953125
2023-02-28,1218.6242699144711,1247.1202800992598,1215.05629454867,1224.3138427734375
2023-03-01,1230.4372116959958,1258.981483038798,1223.7834267312946,1226.7728271484375
2023-03-02,1232.9445099829368,1232.9445099829368,1205.41283377312,1206.9075927734375
2023-03-03,1213.0310783621826,1231.4014994999943,1208.5469190332024,1223.349365234375
2023-03-06,1224.2656197258955,1238.4412285157875,1222.7708606252822,1225.1334228515625
2023-03-08,1224.6995231502553,1245.866526877316,1213.4169053383841,1243.9378662109375
2023-03-09,1244.9504367058864,1248.614938989448,1200.542978612237,1203.62890625
2023-03-10,1204.4485831902198,1211.8738796510675,1181.6421473231808,1182.9439697265625
2023-03-13,1179.086792578545,1187.0907823894709,1140.2724920170697,1150.880126953125
2023-03-14,1149.7710576073275,1149.86746709359,1115.58547802609,1119.3946533203125
2023-03-15,1125.3736364729502,1132.5097053545628,1112.0658291608581,1118.9608154296875
2023-03-16,1118.6231770516818,1133.3292145086111,1099.481243642768,1125.4217529296875
2023-03-17,1131.0630987377006,1143.936885454387,1110.9085707426377,1129.7130126953125
2023-03-20,1128.2182554049662,1137.0901653294052,1104.1582600561253,1126.0003662109375
2023-03-21,1128.8451300351746,1133.088207290805,1115.1516855952113,1118.91259765625
2023-03-22,1125.8557733617426,1138.3920689109525,1117.8036378406657,1122.5770263671875
2023-03-23,1119.587548607553,1133.0881736553613,1112.6444170979803,1123.3966064453125
2023-03-24,1119.1535630836115,1128.7968659658413,1106.1832500773528,1109.7513427734375
2023-03-27,1100.7830891372873,1109.5584717361153,1085.3538036128048,1097.3115234375
2023-03-28,1102.8081384520722,1108.0155457612727,1083.328712932441,1088.053955078125
2023-03-29,1093.5022420171842,1111.342351676708,1091.6218451124832,1103.483154296875
2023-03-31,1106.6654637108763,1121.5161743434255,1104.9778856325436,1117.3695068359375
2023-04-03,1119.8768268906545,1137.9097564530891,1114.090845078181,1128.1700439453125
2023-04-05,1130.195312085664,1131.4489887844945,1110.860439054405,1114.235595703125
2023-04-06,1112.837225270144,1133.0881626450773,1107.3405893548195,1129.471923828125
2023-04-10,1129.4718953023673,1148.5174192573058,1129.4718953023673,1146.2030029296875
2023-04-11,1157.1963789090285,1161.2465191487688,1145.8172340966485,1158.835693359375
2023-04-12,1160.571653207269,1169.6845285327952,1155.846410635616,1164.2843017578125
2023-04-13,1170.1665519165265,1178.6044420160574,1156.7624549598663,1161.5841064453125
2023-04-17,1175.4704303288127,1175.4704303288127,1160.4751640506402,1169.6844482421875
2023-04-18,1169.7327489927452,1174.4579913901011,1159.7036895142185,1161.728759765625
2023-04-19,1161.680472825239,1174.5059946709482,1160.4750599986066,1172.1434326171875
2023-04-20,1174.5544819168947,1181.208385530091,1171.2275889683558,1175.133056640625
2023-04-21,1178.363368866174,1178.363368866174,1165.9236021071113,1169.4915771484375
2023-04-24,1167.2254207177182,1173.68638665265,1153.3390408300559,1164.669921875
2023-04-25,1164.6698762780002,1171.6612706915919,1156.6177421172895,1166.6949462890625
2023-04-26,1168.7683024989835,1173.8310364825807,1162.3073366920705,1170.2630615234375
2023-04-27,1166.8879709217479,1181.3046623678767,1166.8879709217479,1180.34033203125
2023-04-28,1181.304711631403,1184.9209505445606,1168.2862515440368,1183.136962890625
2023-05-02,1186.1262354772048,1196.5410495092974,1174.0721070678835,1193.1658935546875
2023-05-03,1193.1659411861797,1197.698246562576,1186.2226923155756,1191.3818359375
2023-05-04,1190.9479621878347,1193.8892167922306,1184.1976498515473,1187.765625
2023-05-05,1188.8264550726135,1198.0357389175365,1164.9592798636113,1167.996826171875
2023-05-08,1173.5416620227336,1195.6248485049398,1170.4075886798644,1187.862060546875
2023-05-09,1194.8052630248033,1205.4128965141276,1190.0318750410486,1201.025146484375
2023-05-10,1205.412784177756,1211.0059465827778,1190.947830767623,1204.1109619140625
2023-05-11,1205.412827479233,1215.8757872785336,1199.7715189898495,1206.66650390625
2023-05-12,1211.5846682558865,1233.1856915138196,1206.6666070426334,1230.437255859375
2023-05-15,1234.2464821274764,1241.8164520992837,1227.2068232372462,1239.7913818359375
2023-05-16,1241.093056365361,1245.625361543815,1213.9471357462403,1217.418701171875
2023-05-17,1219.877783270346,1226.3387489490547,1215.7311160510517,1218.0455322265625
2023-05-18,1224.651192527538,1224.651192527538,1196.9749605660454,1201.0733642578125
2023-05-19,1208.2095388580385,1217.4188232217934,1193.3105640767137,1215.4420166015625
2023-05-22,1214.333118348251,1224.1692418452078,1206.6667383623394,1220.408447265625
2023-05-23,1220.4082785830537,1225.4227491401527,1211.7293057384647,1223.30126953125
2023-05-24,1215.0563483167464,1232.4142961498426,1209.7525309233001,1230.1962890625
2023-05-25,1234.342915346181,1235.1144267547177,1212.6937448939375,1232.221435546875
2023-05-26,1243.9861469214825,1246.6863189779874,1223.1083713776022,1236.1268310546875
2023-05-29,1274.362498805819,1301.8459125144575,1251.7007366250118,1282.7039794921875
2023-05-30,1282.5111928932572,1287.6704548047048,1272.9161523164094,1281.064697265625
2023-05-31,1277.7375193054338,1280.8715924659944,1256.7633373847598,1271.9515380859375
2023-06-01,1271.9517561733248,1289.9846869795583,1265.972954974496,1271.8553466796875
2023-06-02,1277.5930202509362,1297.0243000363373,1273.2053878581714,1293.552734375
2023-06-05,1301.6530286454583,1351.0266907424707,1298.3260186274629,1345.62646484375
2023-06-06,1345.6265664499165,1364.4310078908513,1338.5387620654005,1360.8629150390625
2023-06-07,1372.0491710123679,1372.0491710123679,1345.2407421118007,1356.234130859375
2023-06-08,1362.3092881167458,1365.0577234840214,1328.3649106267328,1331.788330078125
2023-06-09,1331.4989893007573,1337.5260533479272,1314.3821274067952,1321.75927734375
2023-06-12,1328.7508203184234,1335.4047233142533,1320.4576028047709,1332.1259765625
2023-06-13,1333.8135919095746,1338.9727359119981,1319.3967820635705,1324.1702880859375
2023-06-14,1324.9899612188915,1331.740273976193,1317.2753180676898,1329.47412109375
2023-06-15,1332.5116750692428,1357.0055708737546,1322.579025747874,1343.071044921875
2023-06-16,1349.098167801836,1359.5129827312098,1343.697941352427,1353.775146484375
2023-06-19,1359.2236554249941,1364.8649645417481,1346.205195440434,1352.5216064453125
2023-06-20,1352.5696931403547,1359.6093516140702,1331.4508354353127,1346.6390380859375
2023-06-21,1344.3247446665139,1353.3412097157923,1321.759391383776,1325.23095703125
2023-06-22,1329.811440893689,1342.3477343901486,1325.6166277669392,1329.5220947265625
2023-06-23,1327.786430746138,1330.3900755032932,1319.6860325783953,1324.2666015625
2023-06-26,1325.9541598538074,1354.7876593094848,1321.0842447620857,1347.7962646484375
2023-06-27,1356.5235031436516,1366.4561531783936,1343.8907986652528,1352.376953125
2023-06-28,1358.693206087385,1363.322038876113,1340.563866049767,1345.2408447265625
2023-06-30,1352.6180248038988,1408.8866786738306,1350.0625257654776,1401.7506103515625
2023-07-03,1417.565425016253,1444.6149348045303,1407.247138736925,1415.5885009765625
2023-07-04,1433.9593208974345,1433.9593208974345,1409.9474701246581,1412.213623046875
2023-07-05,1411.7312209927477,1425.2801080781696,1405.1255823300564,1422.724609375
2023-07-06,1425.1355044376623,1497.5085402407958,1420.1210339847714,1493.5548095703125
2023-07-07,1491.7224809918648,1535.1654879419234,1484.3935946659196,1508.357177734375
2023-07-10,1511.1056637586908,1522.6776279993444,1490.8064627334343,1496.0621337890625
2023-07-11,1502.667687393433,1519.7845501890265,1495.0977180946584,1513.4681396484375
2023-07-12,1513.0342497821991,1523.3043910820672,1486.6598394621033,1514.8182373046875
2023-07-13,1519.7845373711295,1537.9139939135193,1502.8604936915021,1511.0091552734375
2023-07-14,1522.7510842708898,1526.8437868263368,1503.262364339351,1507.0140380859375
2023-07-17,1519.1456495120922,1519.1456495120922,1490.3997889215811,1497.0260009765625
2023-07-18,1496.7337333568137,1502.7265386963288,1486.989373113605,1495.4669189453125
2023-07-19,1491.0818172501956,1509.888478338911,1485.0403620448535,1504.967529296875
2023-07-20,1510.4245249272221,1514.0298904412314,1491.4230234864472,1505.8446044921875
2023-07-21,1509.3526949958994,1512.9094104223714,1480.0221932352881,1484.5533447265625
2023-07-24,1483.0916841694486,1517.1969462889826,1476.2218623626284,1507.306396484375
2023-07-25,1511.788662356575,1529.377279477437,1508.4756751651298,1525.72314453125
2023-07-26,1530.0108241780142,1533.7623792700213,1492.836064194201,1505.3575439453125
2023-07-27,1460.6795551458995,1461.653991139993,1401.5799883141979,1410.398681640625
2023-07-28,1422.6764518075106,1433.3952469923618,1412.932092548555,1430.277099609375
2023-07-31,1439.0471077721659,1441.1908193556255,1420.3378655222698,1437.4879150390625
2023-08-01,1437.4880339155263,1465.5518401363206,1432.6158535959244,1455.174072265625
2023-08-02,1455.1739723907283,1458.730687569868,1427.792344663827,1447.329833984375
2023-08-03,1447.0375613290828,1463.1645258382594,1410.593628587148,1431.5927734375
2023-08-04,1443.139645634802,1464.04124923579,1379.5576997349567,1427.2076416015625
2023-08-07,1450.9351852940013,1491.861496766364,1442.8960883976442,1487.8663330078125
2023-08-08,1490.887029648346,1494.7847735167077,1447.037411129277,1461.361572265625
2023-08-09,1466.5262742080602,1498.2442156254692,1454.102214409952,1495.5157470703125
2023-08-10,1495.2720563254877,1516.2711999065534,1492.641126680165,1505.8934326171875
2023-08-11,1508.9627924289607,1519.7302379818004,1493.8590356596212,1506.9163818359375
2023-08-14,1505.4549441793718,1511.1067209104945,1485.040556290565,1507.306396484375
2023-08-16,1519.1944326990542,1532.787766776216,1499.267145925181,1530.4490966796875
2023-08-17,1532.7878064209217,1538.6831917178074,1520.2663277871445,1533.2750244140625
2023-08-18,1528.6465262185234,1542.0937910489677,1505.1138722401015,1512.9581298828125
2023-08-21,1506.4781289011046,1512.9581524046257,1492.5924152291507,1499.2186279296875
2023-08-22,1498.682586955317,1515.247999164836,1495.5156699152617,1510.863037109375
2023-08-23,1506.5268636770686,1515.1018293252273,1496.8311538607713,1503.018798828125
2023-08-24,1510.4246869096728,1515.1993285214335,1488.987093241562,1502.7752685546875
2023-08-25,1491.7641354083244,1507.6961406372343,1469.6443662569727,1481.1915283203125
2023-08-28,1488.9382538930129,1513.2991546438802,1485.1379295859354,1509.64501953125
2023-08-29,1515.1506394048854,1524.3590125064336,1500.6315184558568,1520.948486328125
2023-08-30,1528.8899859779513,1548.3787047284668,1519.9252229325937,1542.7269287109375
2023-08-31,1548.3301241073493,1549.3533295463694,1527.087489449435,1535.1265869140625
2023-09-01,1536.685646641036,1563.4826379426395,1534.7367745463741,1551.25341796875
2023-09-04,1564.8468144845042,1564.8468144845042,1524.2127614396288,1536.1009521484375
2023-09-05,1537.270171886945,1543.604005730695,1525.2359113737612,1530.985107421875
2023-09-06,1536.685546875,1540.4858710028057,1518.8533207866762,1536.685546875
2023-09-07,1532.0082090588094,1537.5625655468368,1520.363746610176,1525.72314453125
2023-09-08,1525.089733323202,1537.6599812948307,1520.1201335994524,1527.4771728515625
2023-09-11,1527.5745989337831,1548.3787834679713,1524.017883791005,1541.6551513671875
2023-09-12,1541.7526322159526,1548.8172934019722,1474.370476201481,1518.12255859375
2023-09-13,1524.0178420665295,1528.5002236944317,1490.984439219009,1497.6593017578125
2023-09-14,1505.5035201617127,1535.126396387197,1499.0234974014977,1525.9666748046875
2023-09-15,1539.2677088363296,1569.5238724683734,1531.6670611593652,1560.1693115234375
2023-09-18,1567.6239056098132,1627.3081102523001,1561.1438824586876,1599.4879150390625
2023-09-20,1578.6837096237366,1622.4359089770835,1578.6837096237366,1592.2283935546875
2023-09-21,1595.9312868319885,1613.860813605452,1534.8340798527468,1542.7757568359375
2023-09-22,1539.6088585151817,1576.588656619256,1526.0641745142527,1566.0648193359375
2023-09-25,1571.7165068622721,1578.5863282781806,1541.8987888958482,1548.8172607421875
2023-09-26,1548.8172809833306,1565.5288824793085,1541.5577802302714,1554.4202880859375
2023-09-27,1554.0793179674613,1558.7078892270454,1542.7758835234724,1548.57373046875
2023-09-28,1555.151017680763,1556.0768032095475,1504.529117304699,1516.2711181640625
2023-09-29,1533.762323662689,1536.1984137574518,1510.4732785668139,1514.5172119140625
2023-10-03,1556.369227480159,1557.1488239080588,1493.859249389804,1498.0980224609375
2023-10-04,1492.6411879625111,1498.585224073557,1463.359337099888,1483.1890869140625
2023-10-05,1493.8103784731443,1511.1553867424084,1474.3704279770066,1498.6337890625
2023-10-06,1505.5035722620244,1514.273495983939,1500.9724212157612,1509.255126953125
2023-10-09,1500.6313916322217,1501.849436592962,1475.2960564488205,1476.46533203125
2023-10-10,1482.5556027829864,1504.38299294588,1480.3631217857032,1498.536376953125
2023-10-11,1500.631416377956,1519.2918892741552,1500.631416377956,1516.5147705078125
2023-10-12,1519.1457603582112,1529.9133259957975,1515.8326540889761,1526.6002197265625
2023-10-13,1520.6074656297585,1534.1521506002546,1510.6682654368637,1522.507568359375
2023-10-16,1522.897245453334,1536.9291473359283,1518.6584727361192,1534.2982177734375
2023-10-17,1534.7367025545338,1543.4092067589104,1528.500288354212,1536.2957763671875
2023-10-18,1536.2958392445062,1539.0729581728488,1521.8254878181215,1534.590576171875
2023-10-19,1513.6400912954778,1538.5369779267207,1513.6400912954778,1529.426025390625
2023-10-20,1525.9666734141865,1534.736596824613,1505.6009385933678,1518.414794921875
2023-10-23,1508.670557392154,1534.6393009331057,1506.9652943691046,1525.1385498046875
2023-10-25,1533.76230915865,1536.2958190433028,1507.4525363840098,1528.987548828125
2023-10-26,1514.2735302263231,1518.3661138092148,1461.6539867049453,1467.5980224609375
2023-10-27,1469.7904170375527,1494.7359531542552,1468.7673306768263,1472.1778564453125
2023-10-30,1463.700257237458,1476.708953740251,1425.7946739428464,1459.51025390625
2023-10-31,1456.0021519621507,1459.0229985732437,1418.3402975754657,1421.312255859375
2023-11-01,1427.4512889414173,1447.0374283227131,1412.9321690693157,1417.41455078125
2023-11-02,1427.5486167440574,1439.7290656923856,1415.3681677957293,1432.12841796875
2023-11-03,1442.1653295715623,1450.058237652924,1423.1150575368642,1431.446533203125
2023-11-06,1443.9192181710648,1454.0532567501018,1435.8801216955774,1450.2530517578125
2023-11-07,1450.2043366287987,1458.7306513914407,1437.2930599882266,1441.921630859375
2023-11-08,1447.0861978726118,1451.32497059038,1436.31863272717,1449.3760986328125
2023-11-09,1449.376103074569,1518.853317204944,1449.376103074569,1512.3734130859375
2023-11-10,1510.3758565886453,1511.350292625154,1476.5629737016743,1485.137939453125
2023-11-13,1487.2330174061447,1503.8471995948912,1474.3705091598144,1500.8751220703125
2023-11-15,1509.4014059805638,1511.155438409231,1494.3464169417264,1504.6754150390625
2023-11-16,1504.7240406766027,1543.457872115662,1499.1698029935267,1529.3773193359375
2023-11-17,1534.7368125470605,1555.1999700476879,1532.4469115690763,1544.042724609375
2023-11-20,1549.158420485275,1549.158420485275,1501.2160972932425,1512.51953125
2023-11-21,1513.2991437586402,1531.2287903722518,1509.547588859934,1519.8765869140625
2023-11-22,1520.1202504725188,1524.6514019321394,1495.7593490226388,1503.9932861328125
2023-11-23,1516.8070964743304,1521.0458694036158,1495.8567218850449,1506.3319091796875
2023-11-24,1509.401313002532,1519.6328906568424,1507.9396590519164,1513.493896484375
2023-11-28,1513.494026586918,1531.813471922621,1502.7265795949488,1526.015625
2023-11-29,1535.7111815307185,1581.899473090049,1527.1848662779305,1577.7093505859375
2023-11-30,1573.762942827665,1617.5637943786983,1572.4473590399386,1605.626953125
2023-12-01,1613.6659759737388,1623.4103357320344,1579.7555564349889,1583.9456787109375
2023-12-04,1620.3408786948971,1632.180299883997,1597.5390525065761,1614.4942626953125
2023-12-05,1618.440666379109,1664.3365750751404,1598.659569341369,1642.94775390625
2023-12-06,1644.9454003265885,1666.7240213023624,1641.096425677184,1658.8798828125
2023-12-07,1659.4644165747345,1662.38772441368,1638.6602329108457,1649.3790283203125
2023-12-08,1655.5667928083026,1664.4829061533922,1620.0486475701389,1625.895263671875
2023-12-11,1631.2058874509025,1631.644336077323,1604.9935348841213,1609.963134765625
2023-12-12,1620.4871851925445,1627.3082376858383,1584.920268620369,1593.5927734375
2023-12-13,1597.1006782058394,1627.795413632004,1587.892305157875,1623.556640625
2023-12-14,1633.1547290161673,1666.1393636851742,1628.3313184166764,1660.00048828125
2023-12-15,1683.7280512321447,1695.128905279133,1654.592389951305,1680.8533935546875
2023-12-18,1676.0299493238397,1687.5769923359255,1655.323183961554,1667.065185546875
2023-12-19,1676.0299646399435,1679.7815195499222,1648.0636982749634,1655.9078369140625
2023-12-20,1666.2855261716475,1668.1856287531893,1598.6596453546233,1604.8472900390625
2023-12-21,1593.20290060913,1610.8889382498705,1578.976158436446,1592.082275390625
2023-12-22,1588.3305711120354,1609.7681616423818,1581.265910596353,1592.471923828125
2023-12-26,1598.9521614762962,1626.3337910893556,1592.715746875705,1619.75634765625
2023-12-27,1627.3079949891833,1648.5507457371848,1617.8072447190368,1644.799072265625
2023-12-28,1645.7736356062462,1695.4698716360238,1645.2377671757495,1690.1104736328125
2023-12-29,1685.7742129821288,1713.0584198974466,1671.1576735632086,1685.1895751953125
2024-01-01,1685.1895909746208,1685.7742287669114,1655.5667136849609,1659.7568359375
2024-01-02,1660.0491295821757,1661.413363758781,1607.283396908048,1613.86083984375
2024-01-03,1629.2569835797085,1635.2984391686025,1605.9192890802046,1612.9351806640625
2024-01-04,1624.2874264708937,1631.644347056339,1596.3210413108327,1599.7315673828125
2024-01-05,1605.821772451305,1619.0254279449127,1594.6645277350885,1600.02392578125
2024-01-08,1606.0167923260076,1611.1325815653452,1565.0417090291419,1574.8348388671875
2024-01-09,1583.458516128612,1594.9569086256138,1573.714156029359,1588.2332763671875
2024-01-10,1602.9471531556237,1605.3344736761874,1579.901718926698,1591.05908203125
2024-01-11,1601.8752849839784,1609.0373654399025,1584.2866684737785,1587.01513671875
2024-01-12,1588.3307751256548,1592.0823301603953,1560.5593474624147,1582.922607421875
2024-01-15,1593.2029042068075,1598.9521005562726,1574.786039505851,1593.7388916015625
2024-01-16,1596.1261875648217,1598.0750595887105,1576.1990187004435,1578.9273681640625
2024-01-17,1570.7908053859774,1573.7141133364476,1550.3276497326863,1556.8563232421875
2024-01-18,1559.0977160302984,1581.802124099876,1540.2424018170002,1575.90673828125
2024-01-19,1583.4097028261342,1616.5892956236075,1580.7787732521986,1613.2275390625
2024-01-23,1577.6119128905243,1605.4807592109403,1547.6480053418006,1554.4202880859375
2024-01-24,1554.225439825393,1590.571950668905,1534.7367195767988,1586.479248046875
2024-01-25,1589.8897393212537,1600.7547244121815,1562.8979099471155,1593.6900634765625
2024-01-29,1593.6902328863378,1602.9473757860137,1583.4586538919589,1598.0751953125
2024-01-30,1607.7706503276731,1617.0765618216249,1573.1781719036492,1578.9273681640625
2024-01-31,1573.762919750011,1615.9072770277162,1567.9163037114854,1609.329833984375
2024-02-01,1616.832971474442,1659.0747492896935,1603.4832455366525,1608.9400634765625
2024-02-02,1612.6915487725566,1643.9222695477015,1607.8193688668994,1618.2945556640625
2024-02-05,1633.8367866333676,1669.0626716726733,1622.5333528716458,1660.00048828125
2024-02-06,1667.2111015803393,1685.774153568005,1662.3876913219747,1683.4842529296875
2024-02-07,1687.1872033853297,1707.211911225305,1671.839836032705,1677.00439453125
2024-02-08,1684.7998025182005,1699.3189223506638,1632.7162471804434,1642.8016357421875
2024-02-09,1642.8990419067288,1646.5531767864145,1586.3817557675886,1604.3114013671875
2024-02-12,1611.717132689614,1632.229057925552,1598.6110161614702,1618.002197265625
2024-02-13,1627.3082263715462,1636.4679491602274,1581.948180026633,1604.652587890625
2024-02-14,1589.3051037993587,1636.7114386253752,1582.3866320424113,1614.689208984375
2024-02-15,1638.0757190443887,1739.2708759341344,1625.456701215228,1719.9283447265625
2024-02-16,1742.2914990171462,1816.9820392498518,1731.426514257384,1788.6259765625
2024-02-19,1789.1132512679503,1808.9916503513905,1773.4735060114288,1801.293701171875
2024-02-20,1790.4288417477558,1812.4510729299727,1773.9608485317287,1806.263427734375
2024-02-21,1802.6092340675975,1841.3917166569313,1799.4909674045723,1812.1099853515625
2024-02-22,1823.120991649459,1867.9938171531298,1805.6299129810902,1861.5137939453125
2024-02-23,1877.1047251624725,1898.0550987199656,1852.500216682161,1880.6126708984375
2024-02-26,1885.5336945175643,1901.1246708029807,1875.984173962863,1880.4666748046875
2024-02-27,1876.763640619138,1906.9223857065276,1866.0936145412927,1900.7347412109375
2024-02-28,1902.050189323118,1903.2195838232865,1848.5537512694377,1853.0361328125
2024-02-29,1854.205491120432,1901.027187801107,1844.1688718401374,1883.0001220703125
2024-03-01,1884.1695151759764,1931.6246219965901,1881.148787222645,1922.5135498046875
2024-03-04,1916.7155938124356,1924.4623123590447,1869.9914356356803,1871.9403076171875
2024-03-05,1875.7893355648528,1917.6900843592884,1873.8892329087098,1889.675048828125
2024-03-06,1895.2780315252548,1929.2858719219992,1872.8660033889664,1920.2723388671875
2024-03-07,1880.8076043397475,1882.7564762725506,1836.1297390701804,1849.041015625
2024-03-11,1864.0961071339623,1864.7781647683983,1825.411044701709,1845.9228515625
2024-03-12,1843.632895415795,1849.8205401701932,1828.6753267402855,1846.702392578125
2024-03-13,1847.5307031505693,1852.792681474801,1797.1036388636273,1806.31201171875
2024-03-14,1806.3119100480876,1847.140800981909,1797.444566510837,1842.219970703125
2024-03-15,1827.067475611715,1833.9859473294237,1743.071141112808,1753.49755859375
2024-03-18,1761.7315823265883,1819.661875991246,1755.0080688432229,1808.60205078125
2024-03-19,1808.601994491777,1817.3231491558322,1780.0997413481803,1796.7625732421875
2024-03-20,1804.6067987517674,1811.5253898800875,1774.0096018816162,1797.2498779296875
2024-03-21,1812.4021710596073,1827.0674802812136,1797.8344005967142,1818.1513671875
2024-03-22,1818.1514895297419,1856.7391335198777,1800.0270026957085,1830.7705078125
2024-03-26,1830.1856396977046,1868.4810219118165,1813.5228079597753,1816.2999267578125
2024-03-27,1822.0978977490602,1851.3309777098996,1807.8711559580597,1833.060302734375
2024-03-28,1833.060384696463,1912.7691815839003,1822.5364278601178,1872.232666015625
2024-04-01,1888.456942140346,1913.646088605476,1843.4380471366967,1866.9705810546875
2024-04-02,1866.9706453674796,1926.9472299921247,1852.8413230742378,1921.5390625
2024-04-03,1916.7155865492791,1952.087660459481,1906.1916303091366,1938.445556640625
2024-04-04,1947.8976859120482,1963.4886628878326,1913.0128273488451,1951.5030517578125
2024-04-05,1944.34083381507,1975.6202053838983,1941.3201060283077,1961.83203125
2024-04-08,1966.4117675047328,2033.6478487524168,1965.3399117385507,2024.9754638671875
2024-04-09,2041.4434028433761,2044.9999990537203,2017.180041807055,2037.4481201171875
2024-04-10,2044.8051015714416,2054.6957693480817,2017.0824459688044,2023.1239013671875
2024-04-12,2030.724738880517,2034.1352650734543,1999.2016373374518,2018.00830078125
2024-04-15,2002.7095987947114,2030.6270951714828,1982.9772696982059,2000.95556640625
2024-04-16,1994.7191926430137,2020.7365853665865,1975.9125309111976,1979.371826171875
2024-04-18,1979.3719680917607,2033.6480077331194,1964.9502671748132,1973.1842041015625
2024-04-19,1982.0027640906853,2033.6478705296265,1947.1179087652552,2029.652587890625
2024-04-22,2070.2379899326093,2078.471926308333,2012.2102802750621,2037.2044677734375
2024-04-23,2042.4178940179277,2059.9577423444175,2004.2688190675797,2009.871826171875
2024-04-24,2002.465880266067,2037.399504285944,2000.4682389856778,2005.82763671875
2024-04-25,2007.3380342398814,2059.9088055664292,1989.700767534801,2043.24609375
2024-04-26,2045.877095236372,2049.238851764235,1986.6801098608717,1992.6241455078125
2024-04-29,1993.2088519370407,2015.4748098524958,1949.8464496338395,2009.3358154296875
2024-04-30,2020.0545338299535,2113.551617508698,2020.0545338299535,2101.22509765625
2024-05-02,2109.751324169854,2147.656786632603,2109.751324169854,2129.28857421875
2024-05-03,2153.503645076308,2153.503645076308,2116.8162233867006,2136.938232421875
2024-05-06,2144.197607520111,2182.736598161278,2134.014799095178,2168.0712890625
2024-05-07,2178.8389658909423,2179.715863159305,2109.507937426766,2135.4765625
2024-05-08,2135.6714336637733,2138.887120194292,2104.781858596661,2126.609130859375
2024-05-09,2129.6787520969638,2199.058551128511,2129.1427646907264,2155.988525390625
2024-05-10,2155.3062599205305,2174.5999014893655,2127.193687489097,2136.98681640625
2024-05-13,2151.554720584869,2151.6034899654906,2104.781791876502,2128.411865234375
2024-05-14,2119.398193709929,2222.055116321341,2119.398193709929,2211.8720703125
2024-05-15,2222.980935419098,2257.9143239243667,2198.3276565840824,2243.444091796875
2024-05-16,2260.155600434751,2332.7023152315896,2227.7556024626083,2311.11865234375
2024-05-17,2363.3484803326082,2492.558552973797,2363.3484803326082,2450.31689453125
2024-05-21,2439.0133163659634,2472.095371099554,2403.933620245638,2458.160888671875
2024-05-22,2457.2353390538115,2470.1953860952617,2426.3457638568843,2456.60205078125
2024-05-23,2455.5788856718773,2550.488863315455,2436.333773373457,2542.49853515625
2024-05-24,2523.594398905411,2538.4057785168743,2506.6390697756688,2513.80126953125
2024-05-27,2515.165296823315,2523.545541285154,2476.0417879739653,2483.934814453125
2024-05-28,2484.811570934145,2515.944750684206,2482.8626991138044,2487.5400390625
2024-05-29,2446.077689892781,2481.888208806658,2436.6744787254906,2468.87939453125
2024-05-30,2453.629784901682,2466.735901184758,2414.652345904038,2429.756103515625
2024-05-31,2453.3864348162797,2503.521123437881,2431.364084298807,2442.180419921875
2024-06-03,2509.2213546470566,2586.4941734936806,2504.690084714598,2566.664306640625
2024-06-04,2566.9079628286418,2571.536533702111,2385.6141024047747,2507.126220703125
2024-06-05,2507.126349760932,2683.3044303936604,2506.0546128747096,2670.88037109375
2024-06-06,2674.826743672292,2691.2946164426066,2602.6209429729606,2630.8310546875
2024-06-07,2600.1363948159124,2794.292767745433,2600.1363948159124,2784.402099609375
2024-06-10,2787.8613885114646,2812.2222884460284,2728.420792671129,2735.77783203125
2024-06-11,2748.883920521855,2782.014744094256,2741.4781118576716,2763.06201171875
2024-06-12,2763.0622378651465,2775.7786761216994,2710.9299082711486,2716.289306640625
2024-06-13,2777.1426033971866,2805.4987861916393,2717.360859564292,2788.54345703125
2024-06-14,2801.503772733646,2870.6887354689816,2791.7594117850076,2853.733642578125
2024-06-18,2889.2029759126776,2936.46312577162,2881.066339488529,2886.18212890625
2024-06-19,2898.947066875814,2900.8959388535454,2851.638152036496,2858.84912109375
2024-06-20,2869.7624789440233,2879.214459541675,2784.2557291936955,2797.80029296875
2024-06-21,2811.0041439518036,2846.229908850576,2752.8303645470505,2767.349365234375
2024-06-24,2763.987676709522,2849.2020561799654,2741.1372003976935,2841.260498046875
2024-06-25,2846.522317846972,2871.662813539962,2817.143168409439,2835.02392578125
2024-06-26,2832.7342153107847,2838.483292538702,2771.8807348210457,2778.604248046875
2024-06-27,2769.3471997582383,2830.7366697036177,2721.6486036265933,2815.096923828125
2024-06-28,2782.014858797605,2821.9667359291993,2782.014858797605,2793.366943359375
2024-07-01,2768.37259830271,2820.0664742317495,2765.6928993779184,2802.331787109375
2024-07-02,2816.3149433699173,2817.0945397674473,2777.1426628631007,2791.9052734375
2024-07-03,2797.605890881495,2820.9923560090306,2791.856813364079,2804.378173828125
2024-07-04,2816.1201885403448,2847.302142185082,2811.2967776658097,2828.593017578125
2024-07-05,2832.8135705094815,2832.8135705094815,2787.66130985687,2827.51318359375
2024-07-08,2827.5131945548083,2864.812888281995,2795.023102320122,2798.80224609375
2024-07-09,2802.7285899716226,2885.8184715353145,2784.9620606678814,2871.585693359375
2024-07-10,2876.0026431886554,2876.0026431886554,2648.1799488733923,2681.651611328125
2024-07-11,2707.1233931410534,2707.1233931410534,2641.4072698625932,2648.327392578125
2024-07-12,2640.08189735111,2672.1303288604104,2637.627970266538,2654.118408203125
2024-07-15,2672.670404877833,2688.52267896114,2658.1922341897434,2680.71923828125
2024-07-16,2704.178681106681,2715.8595185067957,2689.5042441988985,2705.945556640625
2024-07-18,2705.2093653642514,2773.8702010017437,2686.068733062146,2767.489990234375
2024-07-19,2767.9809482956457,2767.9809482956457,2692.449111736803,2698.633056640625
2024-07-22,2700.350724732475,2767.0484207524623,2674.7807543634126,2753.06103515625
2024-07-23,2771.956047333694,2801.8939579015687,2692.8413419109147,2769.35498046875
2024-07-24,2770.9746096360664,2778.238138331893,2712.7182817278517,2753.797119140625
2024-07-25,2748.202300059179,2774.9009810608213,2730.534023561445,2759.58837890625
2024-07-26,2769.6006190705652,2844.0035035056453,2738.582881970209,2834.58056640625
2024-07-29,2846.5556693898097,2890.726360811376,2822.5071818380684,2878.947509765625
2024-07-30,2890.7261677367437,2895.6340220113393,2851.070801054541,2868.248291015625
2024-07-31,2882.8737364455064,2924.688752687664,2820.0040723036427,2854.2119140625
2024-08-01,2872.5673514038604,2872.5673514038604,2768.128299408229,2776.275146484375
2024-08-02,2758.508736987225,2758.508736987225,2683.467689915471,2698.976318359375
2024-08-05,2630.266397412978,2678.903284011036,2587.22465672411,2629.579345703125
2024-08-06,2638.75704604678,2698.092957846322,2577.3106130693104,2584.427001953125
2024-08-07,2647.7876405571856,2654.9040299525664,2611.9603008425097,2631.444580078125
2024-08-08,2611.4693963153277,2666.4373670703208,2607.543112689971,2633.505615234375
2024-08-09,2683.61464934384,2714.0433450752444,2655.1490952725267,2698.4853515625
2024-08-12,2698.485399666355,2706.1908266760956,2658.7809068115043,2667.56591796875
2024-08-13,2668.0078667059397,2688.1789562889894,2654.2658745820695,2667.958740234375
2024-08-14,2678.510677581189,2720.865365391296,2665.259470640294,2694.657470703125
2024-08-16,2737.601012524579,2792.6181048243016,2724.9877316515813,2788.102783203125
2024-08-19,2807.1945164506305,2807.1945164506305,2709.1356795579463,2714.190673828125
2024-08-20,2728.5217654098733,2731.908137156276,2697.8476741538043,2720.2275390625
2024-08-21,2722.8776266011205,2729.6994963025872,2704.2277798435784,2718.3623046875
2024-08-22,2720.0313033260004,2724.5955122995797,2673.8483430844135,2682.584228515625
2024-08-23,2682.584083431071,2717.9697615155796,2675.0751620699807,2708.154052734375
2024-08-26,2713.9943682477915,2747.4169047819255,2702.3628970552168,2741.625732421875
2024-08-27,2746.3860901820362,2748.3983583369395,2722.8283899677194,2729.55224609375
2024-08-28,2730.632158557886,2774.9011047232398,2729.5525742863824,2746.435546875
2024-08-29,2737.944905597546,2750.0180360419035,2691.1237816154385,2706.780029296875
2024-08-30,2728.767168993809,2769.551488818369,2714.0436051323313,2753.698974609375
2024-09-02,2796.2991009756174,2796.2991009756174,2705.700063087977,2725.822265625
2024-09-03,2728.766873567624,2746.5334012268736,2721.5033453722067,2733.527587890625
2024-09-04,2710.117302835764,2728.668897317366,2680.768428263183,2698.927490234375
2024-09-05,2705.4056239770853,2709.1356412665154,2661.921985864723,2672.915771484375
2024-09-06,2672.817483693043,2688.4243646968575,2630.7081891527932,2648.37646484375
2024-09-09,2638.609514884814,2664.277735719204,2611.027518513052,2658.92822265625
2024-09-10,2641.6527449029973,2664.965054309944,2627.665359258829,2640.42578125
2024-09-11,2632.0822787709276,2658.09390673566,2595.3716242168543,2605.33447265625
2024-09-12,2615.886319395343,2700.8904509965755,2587.02823221614,2690.387451171875
2024-09-13,2704.2277304914346,2707.7123549871203,2661.7747906207433,2688.620849609375
2024-09-16,2689.7005245901078,2732.987897013337,2681.7008176344284,2706.58349609375
2024-09-17,2714.0436372098125,2742.0184088772553,2694.7067377047956,2736.276123046875
2024-09-18,2730.23937135831,2795.513834128516,2726.460227657189,2756.447265625
2024-09-19,2760.177358062444,2799.4401938812557,2740.742206403866,2745.944580078125
2024-09-20,2747.1223537780093,2905.4497834889676,2746.9260875317145,2896.468505859375
2024-09-23,2908.14917615949,3000.563980289596,2901.670712380367,2993.594970703125
2024-09-24,2964.3442053192207,3041.446649713656,2964.3442053192207,3017.6435546875
2024-09-25,2988.8833298409654,3090.966701369195,2978.625962072404,3034.084716796875
2024-09-26,3015.3858588314497,3138.2784897852453,2989.5213692964617,3122.475341796875
2024-09-27,3112.5612516036913,3162.7196192851825,3094.4513168476024,3124.97802734375
2024-09-30,3104.8557358498056,3120.413729666451,3030.109211538325,3037.863525390625
2024-10-01,3048.268345291892,3126.7448886391335,3038.747155754586,3107.16259765625
2024-10-03,3028.146128438472,3112.561223104828,3015.827366114128,3072.169677734375
2024-10-04,3069.421330956065,3099.4083698811173,2954.037623725927,2961.841064453125
2024-10-07,2972.196687579216,3010.4288262365535,2927.927744097246,3003.80322265625
2024-10-08,3017.3489641114797,3118.3525144511304,3009.4963968659067,3107.50634765625
2024-10-09,3106.4756510245243,3145.2477018088716,3087.040499158787,3094.89306640625
2024-10-10,3097.8379136482195,3160.952973568751,3096.856342699662,3135.43212890625
2024-10-11,3141.026699956645,3151.333193815878,3063.4826033014656,3076.586669921875
2024-10-14,3092.929781999881,3115.5059117955007,3057.593231015433,3096.7578125
2024-10-15,3118.4506116551115,3134.106618890806,3029.667575597161,3097.641357421875
2024-10-16,3080.1694345486676,3089.886890445492,2995.9014782855065,3011.45947265625
2024-10-17,2998.6989984025367,3008.8092262599494,2897.7934653561765,2909.965087890625
2024-10-18,2891.0699876118665,2933.7683223739004,2860.9846953108267,2909.62158203125
2024-10-21,2905.204447908075,2946.0867797077203,2839.5863379143166,2942.94580078125
2024-10-22,2949.620555047869,2953.4977121753222,2825.1573169764843,2833.991455078125
2024-10-23,2823.1450496166703,2870.9966310160476,2729.9940670157494,2742.018310546875
2024-10-24,2712.080328642026,2789.820694042913,2712.080328642026,2774.262939453125
2024-10-25,2772.9377886262782,2772.9869150994764,2629.922956624333,2670.707275390625
2024-10-28,2679.6886614456917,2782.655357012471,2663.885273483193,2729.748779296875
2024-10-29,2711.098671069357,2746.3860949821296,2652.744332323083,2696.27685546875
2024-10-30,2639.6893823306095,2705.06209615245,2619.8616992844086,2657.79931640625
2024-10-31,2657.7995313272195,2701.283170997932,2622.3649649110685,2678.265380859375
2024-11-01,2728.767096082919,2788.5446679067636,2728.767096082919,2765.72314453125
2024-11-04,2752.815511647293,2916.983240056282,2752.815511647293,2830.80126953125
2024-11-05,2822.507050476893,2854.408103907774,2770.0912616192986,2846.015625
2024-11-06,2856.3713801018757,2899.364234369821,2832.224639588809,2880.468994140625
2024-11-07,2916.983141011081,2917.7684456106017,2805.280331596467,2838.06494140625
2024-11-08,2856.3713393061576,2935.829456297765,2798.7040485211965,2920.0751953125
2024-11-11,2907.7564263970626,2954.1356478320854,2835.8072370680125,2876.591552734375
2024-11-12,2877.180517617496,2891.6095616357106,2826.9241364532595,2845.13232421875
2024-11-13,2822.9980083735018,2841.6478561339663,2731.613658490688,2747.367919921875
2024-11-14,2763.121876546697,2790.0168213357765,2685.8231739612434,2755.465576171875
2024-11-18,2791.587622295428,2821.7218008103646,2748.447629436112,2794.43408203125
2024-11-19,2792.5692664538383,2942.749617162955,2792.5692664538383,2894.603515625
2024-11-21,2907.903686367537,2919.191751310398,2864.2237828929865,2882.137451171875
2024-11-22,2889.7445663223116,3007.0422822447017,2843.3162174473614,2957.423828125
2024-11-25,3018.3305005507914,3091.6046719677925,2966.6997756441865,2989.472412109375
2024-11-26,2997.226640844289,3011.5576713516543,2898.0879833282343,2930.185302734375
2024-11-27,2970.1844452829123,3013.422691768972,2931.0198618555437,2949.42431640625
2024-11-28,2939.804867315333,2944.6635953781215,2838.70306386509,2845.279541015625
2024-11-29,2849.5002812543366,2936.5164444171633,2849.5002812543366,2911.4375
2024-12-02,2929.007502120164,2970.478871746363,2907.3146898437753,2960.810302734375
2024-12-03,2985.644046055027,2985.644046055027,2932.5900929816803,2971.509521484375
2024-12-04,2947.65727930831,2995.6071114599476,2947.65727930831,2975.87744140625
2024-12-05,2993.7420110555868,3041.8881099004757,2960.4668545966515,3014.9931640625
2024-12-06,3018.821358936135,3041.8882755139266,3009.4473087390197,3016.367431640625
2024-12-09,3006.9440564184097,3016.3672324674826,2983.975394305612,2995.01806640625
2024-12-10,2991.778918407727,3024.4652766688355,2949.9150161953166,3010.379638671875
2024-12-11,2995.754270742297,3057.5932350466105,2991.6317210502743,3015.434814453125
2024-12-12,3027.949783571586,3029.1276206545945,2988.8832161027995,3010.91943359375
2024-12-13,2994.7726468682513,3036.0968752823514,2944.7125337937573,3024.6123046875
2024-12-16,3032.4649792260966,3035.164299144682,2983.9754736360424,3027.9990234375
2024-12-17,2998.7972133837307,3036.7348310529214,2972.1965473707464,2985.44775390625
2024-12-18,2970.331709059424,3005.570007477367,2968.810226280868,2994.968994140625
2024-12-19,2950.602280562546,2988.883547675633,2915.7565117801205,2959.0927734375
2024-12-20,2959.092760232088,2969.252115392531,2833.157399414631,2852.788818359375
2024-12-23,2864.2237003789623,2888.1739329286197,2837.819540738507,2855.68408203125
2024-12-24,2855.7821967579384,2895.830336230395,2847.340831050576,2874.7265625
2024-12-26,2871.094810318321,2929.4491509279783,2869.4753142305694,2920.811279296875
2024-12-27,2932.1484344720657,3007.5331246902156,2923.167156930777,2993.251220703125
2024-12-30,2972.245733300104,2988.490779195016,2935.927610957752,2947.55908203125
2024-12-31,2939.2157428948876,2963.2642294195366,2916.443346440628,2951.681884765625
2025-01-01,2951.68185383855,3030.060143885308,2940.001016721313,3025.201416015625
2025-01-02,3042.8697421496145,3168.609068318845,3028.1953053536427,3151.92236328125
2025-01-03,3155.7503363241653,3177.3940218623675,3117.174553336012,3131.7509765625
2025-01-06,3150.4502089809775,3175.3820151911646,3033.1524807536684,3048.46484375
2025-01-07,3052.6855954797643,3073.5931042388106,3024.9562166783808,3051.556884765625
2025-01-08,3077.224795750477,3077.224795750477,3000.662264947116,3029.22607421875
2025-01-09,3046.5997366714187,3099.7025773447076,3028.4898019148104,3068.88134765625
2025-01-10,3052.685652565922,3091.555958017833,2998.6992503501256,3035.851806640625
2025-01-13,2997.3737222428495,3010.330649141311,2938.283205158888,2944.368896484375
2025-01-14,2944.712776300418,3021.716967472406,2944.3691306199808,2993.300537109375
2025-01-15,3000.7605518463165,3007.4841688555766,2896.6157815007177,2905.6953125
2025-01-16,2923.265125724467,2942.1603645524087,2890.7261479630074,2925.670166015625
2025-01-17,2915.216174089525,2915.608946197619,2849.5983093415452,2863.585693359375
2025-01-20,2856.371306761362,2881.8430235789574,2824.2739863971556,2834.875
2025-01-21,2846.653739702672,2853.4264827629177,2757.134285785287,2769.305908203125
2025-01-22,2795.5139852773646,2799.3420160158366,2754.1408667801634,2774.361083984375
2025-01-23,2774.3611151248883,2845.9666667454276,2758.21432120836,2833.25537109375
2025-01-24,2822.0164213204653,2842.629410832719,2738.5828923422946,2749.772705078125
2025-01-27,2721.209057394708,2794.434102841303,2703.3934017526717,2779.416259765625
2025-01-28,2782.753490013334,2871.094870648678,2732.6933743199725,2817.697509765625
2025-01-29,2830.80118131538,2879.438064455427,2803.6608433958063,2870.456787109375
2025-01-30,2870.456876400442,2953.448501944203,2865.2053763768627,2916.688720703125
2025-01-31,2915.2657207907027,2993.644256985671,2900.640409495799,2934.75
2025-02-01,2934.897062202913,3041.839166424146,2934.897062202913,3020.04833984375
2025-02-03,3000.2695766016714,3129.1987648511235,2988.637866092643,3114.81884765625
2025-02-04,3165.5659885522887,3210.27658865995,3080.0221849042177,3130.278564453125
2025-02-05,3130.2786850955513,3159.333039565767,3084.095726934231,3120.16845703125
2025-02-06,3111.579749534162,3122.2298896438324,3063.7281682124617,3082.08349609375
2025-02-07,3109.6165853653324,3160.60914526842,3052.6854736383157,3139.50537109375
2025-02-10,3150.05707919591,3210.6690783233926,3071.1388798322,3079.43310546875
2025-02-11,3088.856423738436,3095.8745596833433,3014.502429478445,3029.07861328125
2025-02-12,3011.999323156205,3018.3304073017925,2900.640156545156,2932.1484375
2025-02-13,2969.202622275792,2990.84630691805,2916.2960506092186,2923.117919921875
2025-02-14,2943.731107974934,2964.344096727009,2853.475712295899,2888.37060546875
2025-02-17,2886.603604392428,2900.5418625379507,2740.7912066570534,2779.759521484375
2025-02-18,2791.5875361008816,2792.5691069644895,2705.1110471604957,2738.6318359375
2025-02-19,2699.3199673109734,2731.368161248151,2677.725407572486,2706.58349609375
2025-02-20,2694.5105068170674,2792.078563249873,2640.474978169197,2787.12158203125
2025-02-21,2763.318214998928,2763.318214998928,2604.4511163658585,2620.15625
2025-02-24,2619.8126278343207,2666.7317629152567,2582.6600748914184,2659.271728515625
2025-02-25,2689.504184978934,2752.2755942146846,2677.872474307805,2726.65673828125
2025-02-27,2784.7164525017083,2787.6611649999477,2653.6767463300557,2676.302001953125
2025-02-28,2645.431781457137,2649.2598120426082,2524.796576205116,2537.458984375
2025-03-03,2565.6300210399872,2646.2659731944464,2547.1764405176054,2563.764892578125
2025-03-04,2513.8031427049473,2578.881343058572,2503.0058625137117,2565.1884765625
2025-03-05,2612.8926157339642,2686.4613069411,2593.9482493892433,2676.351318359375
2025-03-06,2697.357000659671,2715.8597091299057,2645.333739729918,2691.860107421875
2025-03-07,2671.148788037922,2714.975830404264,2658.192100814072,2677.578125
2025-03-10,2645.3334227654395,2684.252610846815,2615.984550406499,2652.79345703125
2025-03-11,2635.272397912845,2635.517790630781,2564.9918276394937,2596.843994140625
2025-03-12,2596.8440516578144,2628.646852750164,2587.5191281697166,2604.402099609375
2025-03-13,2627.763593457519,2636.8431244249127,2570.0471757040914,2594.78271484375
2025-03-17,2586.439284914281,2676.792932909477,2586.439284914281,2655.29638671875
2025-03-18,2655.29638671875,2655.29638671875,2655.29638671875,2655.29638671875
2025-03-19,2743.490635280302,2779.7105052348047,2728.325412970614,2737.699462890625
2025-03-20,2752.079366008748,2794.532306741651,2749.380046077754,2775.980712890625
2025-03-21,2786.7778692794664,2839.684441728915,2729.9939002967662,2750.21435546875
2025-03-24,2763.4165712080303,2770.1401880116123,2659.4680702977653,2723.564697265625
2025-03-25,2723.5646253248447,2750.8032167699644,2674.829727839025,2685.577880859375
2025-03-26,2700.5959105492725,2743.490508496245,2686.6085260247387,2691.712646484375
2025-03-27,2684.596442603995,2700.3015771859564,2645.8735180786143,2682.63330078125
2025-03-28,2685.381841199648,2689.2098720313766,2586.4394419438863,2616.671875
2025-04-01,2603.911193953776,2677.7252738078996,2574.807474520742,2589.28564453125
2025-04-02,2582.6112984172078,2610.9786016538305,2576.9181392522523,2588.9423828125
2025-04-03,2559.6914778377486,2603.518522038912,2552.3296961931187,2563.3232421875
2025-04-04,2566.758806960972,2583.0038534736927,2509.925947044705,2548.697998046875
2025-04-07,2380.309310124498,2478.12274942422,2380.309310124498,2445.33837890625
2025-04-08,2463.7427673947723,2503.0056003413024,2408.7748012696297,2477.14111328125
2025-04-09,2493.190014376922,2524.551155802729,2469.5831869818203,2476.6015625
2025-04-11,2502.0242865201376,2556.0106873669824,2485.3867072783323,2532.796630859375
2025-04-15,2557.973736706054,2640.4256913811532,2557.973736706054,2597.236572265625
2025-04-16,2610.978680832617,2615.886535495836,2570.047220869637,2586.046875
2025-04-17,2583.4943910707616,2633.3582365166512,2554.439799022863,2630.020751953125
2025-04-21,2650.143220149056,2722.8777208783695,2616.769809006351,2713.06201171875
2025-04-22,2714.043651867319,2769.993195504367,2705.2095133983116,2765.18359375
2025-04-23,2777.8456159070106,2869.131708585227,2773.9193323509585,2864.027587890625
2025-04-24,2864.027593898381,2874.03956905905,2812.2006029215086,2847.9296875
2025-04-25,2847.9296722269182,2885.425871777849,2778.9254306676767,2811.415283203125
2025-04-28,2865.1069823802704,2890.726076743761,2829.1816340058667,2876.591552734375
2025-04-29,2895.634127897932,2914.7747602687828,2848.3224588890184,2855.978759765625
2025-04-30,2855.1935328213995,2894.5543828293003,2833.795238891114,2874.824951171875
2025-05-02,2895.6340488303017,2944.7125920308154,2856.567480514428,2863.4384765625
2025-05-05,2894.554264689762,2987.9017509928844,2883.5607187904584,2965.81640625
2025-05-06,3092.537119715058,3101.469270387552,2999.680424335579,3011.851806640625
2025-05-07,2966.2088876955336,3067.408939276679,2966.2088876955336,3062.40283203125
2025-05-08,3069.764827758867,3079.1880045346034,2953.0561401473874,2977.202880859375
2025-05-09,2907.020375352959,3000.7603931446624,2900.5419117746987,2927.142578125
2025-05-12,2988.588899736528,3054.8449361169182,2977.7916197337977,3047.483154296875
2025-05-13,2993.7912229136264,3053.6670473718987,2979.067659522248,2997.521240234375
2025-05-14,2981.521660848866,3052.685552342378,2962.381027964404,3044.63671875
2025-05-15,3028.146311689221,3112.266892257474,3016.367460557853,3086.353515625
2025-05-16,3077.224682323662,3091.4574599612038,3057.59326489257,3077.813720703125
2025-05-19,3057.5933381297705,3098.8193157225314,3046.403525782554,3070.353759765625
2025-05-20,3070.5500703685643,3077.5193196807304,2992.9079552321714,3007.04248046875
2025-05-21,3006.55150228204,3074.2798906782073,2991.926192528381,3033.740966796875
2025-05-22,3019.900962826567,3032.857650074798,2925.5719086017684,2950.896484375
2025-05-23,2964.3442266985166,2974.945240735508,2929.203939261703,2957.1787109375
2025-05-26,2982.012327191561,3043.851292501985,2971.90209922048,3023.4345703125
2025-05-27,3023.4346657389897,3028.1462540300913,2959.043757898386,2983.779296875
2025-05-28,2983.6809465412302,2988.687053869878,2937.841634518933,2942.55322265625
2025-05-29,2943.731165877368,2973.0800402975033,2932.148581184395,2953.546875
2025-05-30,2949.620435885489,2961.791818699502,2902.5050345801633,2921.940185546875
2025-06-02,2921.9402670940844,2982.5031429505975,2907.707489219217,2970.13525390625
2025-06-03,2985.938643890787,3008.3185080849007,2971.2150805579918,2990.355712890625
2025-06-04,2988.981571408166,3030.109295270401,2984.073717026452,2997.12841796875
2025-06-05,3021.2752274490595,3037.961932733866,2939.6085765716857,2985.546142578125
2025-06-06,2985.546144464291,3055.5319579017155,2971.215113471753,3049.25
2025-06-09,3072.3169700434682,3083.114250129883,3021.275282362235,3030.501953125
2025-06-10,3044.8326993238084,3049.642300510057,3003.4104584347065,3010.968505859375
2025-06-11,3028.146095584539,3066.42735902953,3019.3119578664646,3023.92529296875
2025-06-12,3031.090964298072,3036.9803897468373,2951.5837207397353,2963.558837890625
2025-06-13,2877.9658060181723,2962.871686720959,2877.9658060181723,2950.60205078125
2025-06-16,2945.694088722296,2988.8832056512465,2933.0319207519265,2967.877685546875
2025-06-17,2986.920069192663,2986.920069192663,2938.823097983185,2951.77978515625
2025-06-18,2944.712518422337,3018.2320784424205,2931.559565029911,2985.05517578125
2025-06-19,2982.0123507638386,3049.642488932201,2978.2823334699037,3037.765625
2025-06-20,3042.8696276449014,3143.9714249505223,3033.34843835118,3125.714111328125
2025-06-23,3105.297631492493,3125.714113423775,3065.1512400128245,3077.224609375
2025-06-24,3096.954240899351,3157.3208473207433,3078.991446670088,3092.04638671875
2025-06-25,3121.395444186363,3166.0569198814824,3102.2548117455976,3156.2412109375
2025-06-26,3166.449366511021,3178.326469867674,3124.8308575737306,3156.53564453125
2025-06-27,3145.9347358837176,3181.762073749476,3128.364712622523,3144.26611328125
2025-06-30,3146.3272025585256,3160.461967013809,3102.7455513477244,3124.536376953125
2025-07-01,3129.247980484124,3158.6951070256937,3109.8128290384225,3117.5673828125
2025-07-02,3109.616610510157,3143.6770728043343,3095.580098715004,3106.8681640625
2025-07-03,3106.868033529676,3161.639735364598,3106.475501042788,3115.8984375
2025-07-04,3127.772327658951,3143.5045958652418,3101.056991150181,3129.157470703125
2025-07-07,3129.157390939974,3139.5466882063356,3118.8671359885116,3126.881591796875
2025-07-08,3116.789100344977,3134.59932377552,3090.073765199163,3124.605712890625
2025-07-09,3111.84196231781,3155.3780660831467,3107.8841347027796,3142.81201171875
2025-07-10,3138.656274626045,3158.9401407238943,3104.520012168689,3129.058349609375
2025-07-11,3124.7048196642677,3129.058333299343,3030.1126455329,3040.798828125
2025-07-14,3040.403189508732,3072.0658100887413,3021.405665474051,3059.499755859375
2025-07-15,3053.5630714917015,3115.107243079418,3050.396616121303,3095.614990234375
2025-07-16,3095.615043440429,3176.156740801707,3049.9019400858647,3162.799072265625
2025-07-17,3152.7064708164417,3203.861342643535,3137.567732403536,3161.314697265625
2025-07-18,3174.177812140804,3217.7139167961013,3143.207762106777,3158.7421875
2025-07-21,3143.5046277082884,3219.297124234989,3119.559818611938,3212.4697265625
2025-07-22,3212.4695895255054,3237.4038544759687,3176.6512989440234,3222.85888671875
2025-07-23,3225.6294011392183,3268.1760466143674,3213.755918681037,3234.336669921875
2025-07-24,3220.6820765482594,3251.8499676116294,3209.501165726489,3226.519775390625
2025-07-25,3221.6717346303226,3224.6401053931886,3180.114543950202,3212.1728515625
2025-07-28,3212.1727170852646,3222.562014320348,3165.4704006846896,3175.958740234375
2025-07-29,3169.230354248866,3191.888819942637,3153.003358209363,3165.668212890625
2025-07-30,3161.3147611006802,3207.4235487656056,3118.6690725480717,3175.068115234375
2025-07-31,3190.998354179278,3204.059136338875,3102.5410080575125,3169.329345703125
2025-08-01,3171.20934264251,3171.20934264251,3083.8402506613743,3125.9912109375
2025-08-04,3136.578410513442,3189.0196268406385,3126.683841395103,3166.4599609375
2025-08-05,3161.314885243948,3188.0302223023477,3136.6775043611883,3178.33349609375
2025-08-06,3178.3334289753557,3205.939421626046,3145.087821833613,3193.47216796875
2025-08-07,3164.283135297437,3195.550069658733,3127.7722726706547,3177.2451171875
2025-08-08,3173.1882337292836,3181.004846502841,3102.541108688246,3111.05029296875
2025-08-11,3117.6795461504503,3195.9456809705243,3097.2968796266464,3152.607421875
2025-08-12,3152.508667060144,3218.703235811858,3151.519210178554,3202.377197265625
2025-08-13,3220.6822790366273,3265.207840497963,3204.5540829050838,3247.595458984375
2025-08-14,3238.6902241172365,3278.5653848523352,3227.608355330713,3230.972412109375
2025-08-18,3314.680521531873,3395.8159850439965,3300.1355538253406,3347.431640625
2025-08-19,3364.153444930493,3368.0122301965575,3302.906159721497,3318.638427734375
2025-08-20,3318.737345067838,3368.308988728955,3299.8386224475635,3359.7998046875
2025-08-21,3374.0480628106375,3374.0480628106375,3334.4697864140317,3339.51611328125
2025-08-22,3344.3643175024795,3383.942593449254,3339.81271914195,3367.121826171875
2025-08-25,3391.8582336570007,3392.8476905513,3346.1453734537117,3363.06494140625
2025-08-26,3359.2061904175175,3378.0058716010026,3283.117051096272,3295.68310546875
2025-08-28,3339.4170397158773,3339.4170397158773,3252.6417178416227,3260.557373046875
2025-08-29,3236.5135019418317,3245.418613992421,3153.3991228030013,3165.767333984375
2025-09-01,3157.4560129758256,3289.8451530582142,3157.4560129758256,3280.4453125
2025-09-02,3289.9442895926727,3294.8915742386766,3189.0196828141907,3200.3984375
2025-09-03,3234.5347009567104,3258.9742387901047,3198.71640843962,3251.35546875
2025-09-04,3489.81447829992,3512.5719869477507,3426.88492297753,3444.794189453125
2025-09-05,3473.9831989736126,3540.0789686459348,3444.7942202297445,3523.7529296875
2025-09-08,3523.7529296875,3523.7529296875,3523.7529296875,3523.7529296875
2025-09-09,3663.167288930388,3684.539654609079,3634.374238064143,3657.32958984375
2025-09-10,3662.9695298348875,3669.7966859785915,3553.5354974978786,3566.3984375
2025-09-11,3581.8338894514236,3609.4396396523152,3542.2556144298605,3557.7900390625
2025-09-12,3556.998554088143,3602.612614329346,3544.234656558011,3552.05126953125
2025-09-15,3552.150364150091,3565.4089903311287,3489.4188916716976,3493.079833984375
2025-09-16,3507.6246653216376,3581.734889550444,3491.6943128101707,3569.96044921875
2025-09-17,3569.9605097225185,3606.4713728543934,3555.2176984791954,3594.894775390625
2025-09-18,3597.76426265166,3611.5176166748142,3565.3100286323265,3603.7998046875
2025-09-19,3563.034341377652,3598.3579048352735,3546.7083023238524,3554.228271484375
2025-09-22,3562.0448234499218,3578.4699045402576,3531.668545074382,3547.005126953125
2025-09-23,3571.9393684818556,3640.4097368718394,3568.7731547510966,3576.490966796875
2025-09-24,3576.391816757599,3588.0674560068023,3530.3820728153582,3537.209228515625
2025-09-25,3542.1565155175863,3546.3124275817413,3484.669216907295,3492.78271484375
2025-09-26,3472.9937901378257,3510.098424647845,3355.842187404843,3360.6904296875
2025-09-29,3382.9531587286147,3421.5419780297016,3369.1007620564296,3382.062744140625
2025-09-30,3383.9424543377954,3417.583987509575,3357.3261614844164,3390.86865234375
2025-10-01,3383.1510620916156,3464.0886866891965,3379.4901197906174,3426.885009765625
2025-10-03,3425.598798175102,3455.5791487122533,3368.3090992593166,3425.499755859375
2025-10-06,3425.499718310097,3443.3099421487977,3388.988856067409,3435.394287109375
2025-10-07,3431.5355606172016,3484.2734199663914,3428.56718992663,3455.97509765625
2025-10-08,3463.0991046348317,3472.6967881257806,3386.515238204699,3390.3740234375
2025-10-09,3413.6263148556836,3438.3627374271014,3387.900435381409,3406.60107421875
2025-10-10,3388.889944153422,3437.274290817019,3359.898808142667,3418.474609375
2025-10-13,3395.81597003048,3433.415331004011,3395.81597003048,3423.223876953125
2025-10-14,3433.3163677008974,3450.335219470705,3391.858220615819,3423.322998046875
2025-10-15,3424.5103219086195,3463.099140907301,3423.5208650112177,3460.32861328125
2025-10-16,3466.0674014745387,3535.527225151941,3461.4170025178278,3523.258056640625
2025-10-17,3523.455935903312,3617.454339135779,3522.565521341442,3608.7470703125
2025-10-20,3635.2645193833037,3637.243433111874,3555.118513376214,3561.154296875
2025-10-21,3570.158300669833,3589.8486377124523,3566.29951542712,3583.021240234375
2025-10-23,3593.80637945435,3611.517560728261,3562.044717430613,3585.39599609375
2025-10-24,3591.7285344827583,3616.761842278842,3576.985723350788,3586.78125
2025-10-27,3588.5624019327197,3596.972785743728,3555.1187097591487,3573.522705078125
2025-10-28,3566.9920710745173,3586.682166462954,3524.44542501177,3541.365234375
2025-10-29,3542.255796690885,3545.71889593346,3484.9663372760847,3497.433349609375
2025-10-30,3502.677320709212,3512.5718894117804,3459.1412184179107,3465.177001953125
2025-10-31,3479.029531618783,3489.5176299059376,3446.97098285248,3450.43408203125
2025-11-03,3473.9830795937396,3552.1501725267804,3473.9830795937396,3511.4833984375
2025-11-04,3511.1867222850688,3594.498941874704,3499.9067691017053,3543.44287109375
2025-11-06,3586.7813234749597,3635.957283927621,3548.489389107325,3580.349853515625
2025-11-07,3577.4803634519376,3678.800650530044,3529.1948197793167,3651.293701171875
2025-11-10,3651.2937605670536,3676.6239535319332,3606.6693998486608,3625.27099609375
2025-11-11,3660.891524819745,3719.368524829591,3631.306859836286,3709.572998046875
2025-11-12,3721.347330369154,3741.13646799409,3700.5687358629716,3714.718017578125
2025-11-13,3708.6823529587,3714.520293685323,3651.293852005235,3660.495849609375
2025-11-14,3660.9906118143044,3677.613536419112,3621.9070633908814,3659.60546875
2025-11-17,3670.885080875792,3714.9159127083994,3643.477173194438,3695.5224609375
2025-11-18,3679.2955395637914,3693.3457794478045,3649.1171036469714,3655.845458984375
2025-11-19,3656.0431100859428,3707.000138548575,3629.1299317160897,3683.253173828125
2025-11-20,3705.3182397559162,3719.368479393479,3671.973590608331,3677.514404296875
2025-11-21,3690.674175410112,3739.1575627010225,3686.71634787616,3710.067626953125
2025-11-24,3705.6150073358594,3709.968520921789,3638.4307411609,3651.887451171875
2025-11-25,3648.1275966597054,3656.8348657082097,3614.4860620010586,3630.6142578125
2025-11-26,3642.1907209605833,3668.9060563221524,3630.61412395056,3647.53369140625
2025-11-27,3662.474695147529,3678.4050477763067,3626.359518496743,3642.388671875
2025-11-28,3653.0749384287788,3729.164078737439,3651.195066912686,3717.6865234375
2025-12-01,3750.0417177957343,3754.989002383855,3690.674302738282,3702.152099609375
2025-12-02,3683.5502773121743,3708.48454343174,3666.432624249283,3677.316650390625
2025-12-03,3696.6108902483033,3700.5687177539226,3601.6230301134433,3610.923828125
2025-12-04,3636.254193631784,3639.4204074734566,3582.031905914098,3632.89013671875
2025-12-05,3620.7197423122784,3682.263914195912,3604.0968178042754,3677.910400390625
2025-12-08,3680.7795471200297,3685.7268314575567,3632.889931359416,3642.88330078125
2025-12-09,3619.4332557156063,3635.6602518701875,3566.497312801231,3597.566162109375
2025-12-10,3621.4122223657023,3655.9441712474036,3587.9685311245194,3591.728515625
2025-12-11,3585.1980264107146,3630.416399887785,3577.7770996781483,3626.557373046875
2025-12-12,3626.7551829905283,3656.04320352089,3622.6985546870824,3640.8056640625
2025-12-15,3593.707414512888,3626.755177920581,3565.606935541474,3569.96044921875
2025-12-16,3543.2452097600153,3595.1916977556593,3540.177796699335,3582.823486328125
2025-12-17,3609.4397534236496,3609.4397534236496,3556.108122777702,3574.7099609375
2025-12-18,3562.0447583419023,3573.819198555329,3502.7763880172506,3548.7861328125
2025-12-19,3533.3505424601835,3576.886645475655,3522.466516706316,3565.60693359375
2025-12-22,3562.0447221456616,3586.781143827229,3539.1881718852464,3578.568603515625
2025-12-23,3581.042430335903,3599.149540253805,3566.992190409613,3586.88037109375
2025-12-24,3586.385626439071,3619.433390733827,3574.0174150163884,3598.35791015625
2025-12-26,3598.357835998078,3608.5492903136596,3576.4909835934045,3584.9013671875
2025-12-29,3584.505508062353,3601.8210040285035,3550.2704438349692,3554.228271484375
2025-12-30,3552.150358420417,3627.3490846711,3537.5063476266946,3621.709228515625
2025-12-31,3614.4860760791744,3684.3418302396854,3602.0188224422313,3670.093505859375
2026-01-01,3685.7269636020796,3734.2103518481204,3681.868178307107,3721.347412109375
2026-01-02,3720.258873088843,3771.8096738092654,3703.7349912991735,3762.310791015625
2026-01-05,3765.774006103583,3799.415541480978,3745.0944530423662,3750.338623046875
2026-01-06,3748.0625881201495,3778.83479311283,3718.477924613535,3745.68798828125
2026-01-07,3759.936268669304,3768.4456947461017,3679.2955302754754,3709.276123046875
2026-01-08,3690.6742903138847,3717.19178393027,3654.2622275545664,3684.737548828125
2026-01-09,3672.9629324395064,3708.979065769915,3628.437373426662,3638.52978515625
2026-01-12,3636.5508631011635,3677.81116604533,3560.857412952531,3643.18017578125
2026-01-13,3677.8113430074764,3677.8113430074764,3593.212777006094,3622.896484375
2026-01-14,3624.380617341631,3643.180298403463,3596.7748665143276,3611.02294921875
2026-01-15,3611.02294921875,3611.02294921875,3611.02294921875,3611.02294921875
2026-01-16,3611.6166477421825,3690.575113369196,3611.6166477421825,3619.631103515625
2026-01-19,3650.1065345367474,3650.1065345367474,3575.897266417947,3618.839599609375
2026-01-20,3607.559855526397,3638.7277478602095,3502.677424180868,3519.992919921875
2026-01-21,3505.645704089034,3548.8849211634297,3480.0188676826856,3515.837158203125
2026-01-22,3562.044736684799,3581.8338741108255,3496.1468124294825,3536.02197265625
2026-01-23,3536.0220964697724,3558.0870337857177,3497.5323194550815,3506.04150390625
2026-01-27,3400.9611411907367,3460.8232824583374,3308.842850560237,3357.721923828125
2026-01-28,3343.374890208561,3420.4534866707663,3340.4065194862687,3412.834716796875
2026-01-29,3412.8346276780658,3442.9142618184733,3285.9863037711375,3348.7177734375
2026-01-30,3248.3869322234814,3416.000830820305,3248.189089161099,3395.6181640625
2026-02-02,3319.627825828023,3435.4933228732884,3308.446914792834,3426.68701171875
2026-02-03,3599.6441332132154,3605.3830314365555,3475.9620230835694,3490.704833984375
2026-02-04,3511.5824259462875,3581.8338636025815,3481.9977622078195,3536.31884765625
2026-02-05,3554.129226120696,3560.8575814322453,3490.9030261022713,3534.340087890625
2026-02-06,3539.287398549949,3552.150338494358,3493.376694144251,3540.27685546875
2026-02-09,3555.9102339335127,3580.943541664777,3519.5972142374158,3571.543701171875
2026-02-10,3578.172969831991,3660.0010056404467,3563.0342312276966,3637.045654296875
2026-02-11,3665.640892939194,3747.073243318835,3627.4480019161088,3636.155029296875
2026-02-12,3659.209551303126,3660.001165156362,3544.4325480162543,3555.2177734375
2026-02-13,3492.7829157662995,3558.58180072337,3483.185231988143,3496.14697265625
2026-02-16,3497.7300848214254,3512.077209638939,3432.4259304796396,3472.69677734375
2026-02-17,3472.696707510293,3478.732491007762,3425.4996634075164,3452.412841796875
2026-02-18,3454.293082630038,3507.6247129506487,3446.476228174601,3493.277587890625
2026-02-19,3497.6310232992687,3509.1088197168983,3385.2288668379047,3395.6181640625
2026-02-20,3406.7001539971625,3413.5273100752975,3366.627148990806,3376.818603515625
2026-02-23,3388.889742722774,3421.146132958986,3380.8750455366953,3410.7568359375
2026-02-24,3378.995350504861,3404.7212301865966,3354.2589277339616,3397.00341796875
2026-02-25,3398.7844943118585,3463.9896082165465,3389.285611325558,3454.490966796875
2026-02-26,3468.0463961759197,3470.0253099540514,3425.10406381711,3447.861572265625
2026-02-27,3423.520909760523,3451.3247455675996,3345.4528561617103,3361.580810546875
2026-03-02,3265.108777415957,3339.3180460462777,3248.3870521779095,3299.146240234375
2026-03-04,3205.840425836649,3243.5388311745287,3174.078762028096,3229.88427734375
2026-03-05,3242.747106506299,3325.1689135684333,3241.658607303135,3312.70166015625
2026-03-06,3280.0494951618766,3331.5012519487295,3280.0494951618766,3297.364990234375
2026-03-09,3215.7349340285728,3215.7349340285728,3109.764003114396,3153.992919921875
2026-03-10,3243.4396961825278,3274.5085460049727,3194.85726609567,3258.97412109375
2026-03-11,3241.4608674906353,3258.1825927994505,3122.7260371796233,3134.79736328125
2026-03-12,3082.257277854272,3109.665185600144,2988.159830280703,2999.24169921875
2026-03-13,2933.7397584797864,2993.1071734911816,2891.786881831719,2900.197265625
2026-03-16,2871.4038255156497,3011.6098151332594,2865.4670843188565,3004.090087890625
2026-03-17,3019.822481537494,3106.202117871207,2992.6124165826177,3095.91162109375
2026-03-18,3106.993712796831,3202.080376083967,3106.993712796831,3180.708251953125
2026-03-19,3103.2337706971916,3114.7113259707307,3000.6271369293368,3013.2919921875
2026-03-20,3026.946528168116,3073.846930601954,3011.115217621665,3033.77392578125
2026-03-23,2983.311560539505,2987.862917285711,2904.0559671600386,2924.63671875
2026-03-24,2998.054477998712,3025.0667003217295,2934.6301925800735,2999.3408203125
2026-03-25,3067.2172403307995,3124.605738522203,3050.3964736195258,3095.1201171875
2026-03-27,3067.3164239214943,3072.461551545069,2998.054440155525,3009.2353515625
2026-03-30,2948.5816484611255,2991.820867945702,2913.9506559456427,2923.54833984375
2026-04-01,3047.4281912626225,3047.4281912626225,2978.3642933133924,2999.53857421875
2026-04-02,2943.634246095732,2996.867075061141,2897.22881460746,2979.947265625
2026-04-06,2974.4063387195065,2998.0542608500614,2929.781738078228,2989.742919921875
2026-04-07,2969.9538386950817,2985.1913778719572,2918.40303912275,2974.901123046875
2026-04-08,3092.0527384346738,3196.9351673223778,3076.221428413888,3176.255615234375
2026-04-09,3146.3738496187793,3166.1629873038983,3097.9895046053134,3133.412109375
2026-04-10,3146.472931944023,3235.52405265942,3146.472931944023,3225.431640625
2026-04-13,3160.919072036619,3214.943273198625,3149.5403178210004,3186.2490234375
2026-04-15,3215.7347901852545,3267.0875045157204,3190.9983687222907,3222.166259765625
2026-04-16,3238.4923190373847,3253.3341720118915,3167.251424759752,3188.326904296875
2026-04-17,3176.156686986798,3208.3140366213993,3151.4202641909505,3166.4599609375
2026-04-20,3173.1883537741232,3201.3878760948473,3129.256562995858,3187.634521484375
2026-04-21,3178.135599278277,3227.905330232853,3178.135599278277,3213.0634765625
2026-04-22,3180.2136026176986,3215.63596731669,3109.8631185494714,3116.492431640625
2026-04-23,3072.263553401687,3081.8612366400534,3000.2310456076416,3015.567626953125
2026-04-24,3015.5677200609816,3056.4323379952857,3003.0016658516324,3006.36572265625
2026-04-27,3017.843474250891,3081.16871436632,3017.843474250891,3069.69091796875
2026-04-28,3083.048701138332,3110.852537043265,3042.5800099898347,3055.5419921875
2026-04-29,3067.3162987621963,3158.3463308544938,3059.4006437976486,3119.06494140625
2026-04-30,3072.659386386363,3084.4340685350267,3014.8751995687044,3064.8427734375
2026-05-01,3064.8427734375,3064.8427734375,3064.8427734375,3064.8427734375
2026-05-04,3098.484224774729,3138.5572284801024,3049.011380694021,3073.747802734375
2026-05-05,3081.168766576611,3188.030111082158,3037.830506324925,3176.9482421875
2026-05-06,3210.7875262100947,3280.7420782366953,3209.3033409129253,3265.999267578125
2026-05-07,3276.982238976429,3363.1640323424226,3270.1550829337175,3335.162353515625
2026-05-08,3322.39837293269,3327.5435004154288,3282.622254514911,3295.287109375
2026-05-11,3200.892995189394,3257.2920371448176,3190.2068126108315,3211.677978515625
2026-05-12,3205.8403787684983,3227.212744586939,3132.9174530339105,3142.51513671875
2026-05-13,3142.5150262440575,3155.9717363332115,3070.8784453203057,3078.991943359375
2026-05-14,3103.926150439367,3147.462252007532,3068.404746013806,3140.43701171875
2026-05-15,3136.578282202508,3155.2789204445126,3078.2003267924297,3090.1728515625
2026-05-18,3067.316428407148,3078.893025968778,3017.843582787678,3051.188232421875
2026-05-19,3066.4258647561387,3125.4963912410894,3042.5798577000382,3059.697509765625
2026-05-20,3045.548280721218,3109.665134944463,3001.0227210615512,3089.2822265625
2026-05-21,3113.8208350507475,3124.4079754679733,3047.329380308651,3066.326904296875
2026-05-22,3062.3689872557693,3098.6820057703253,3040.2052501782064,3048.8134765625
2026-05-25,3101.6505603660403,3140.2393802653914,3078.5961658051533,3105.9052734375
2026-05-26,3089.084519262658,3125.892268552333,3070.2848376912325,3074.53955078125
2026-05-27,3078.1013387396715,3108.18097309915,3071.2741828336048,3088.688720703125
2026-05-28,3088.688720703125,3088.688720703125,3088.688720703125,3088.688720703125
2026-05-29,3086.7097998373997,3117.5808063837285,2973.4169863300167,3013.489990234375
2026-06-01,3017.843472665776,3036.544111000893,2929.7818106765126,2938.884765625
2026-06-02,2882.3870397406577,2976.9789760068516,2882.3870397406577,2966.688720703125
2026-06-03,2964.412863991355,2997.559670047333,2933.73970017836,2979.353759765625
2026-06-04,2953.5288194557434,3034.7633268285626,2942.842636720267,2984.301025390625
2026-06-05,3007.849832768896,3026.7485555514872,2980.936654305168,3008.443603515625
2026-06-08,2953.5289296763053,2974.3075251614655,2916.919023345309,2934.729248046875
2026-06-09,2964.313852121864,2984.1029902689884,2942.6448424774135,2958.5751953125
2026-06-10,2948.5816475709144,2968.370786145216,2912.169584280873,2921.37158203125
2026-06-11,2899.108591774961,2980.4418971284986,2869.8205721733866,2969.260986328125
2026-06-12,2993.2062194866207,3017.8436001199643,2951.1543004685554,3010.818359375
2026-06-15,3057.421892799811,3133.610075888997,3045.5484097209765,3101.2548828125
2026-06-16,3129.6521147313924,3129.6521147313924,3075.2319862741597,3104.816650390625
2026-06-17,3111.8419097253986,3131.631047466101,3057.421780938468,3099.869384765625
2026-06-18,3103.9263690867606,3117.778766016061,3082.158316769289,3103.431640625
2026-06-19,3077.2109141370265,3097.000051848519,3026.7486129727217,3042.382080078125
2026-06-22,3052.4744156014103,3069.2951822351947,3021.603409857436,3031.10205078125
2026-06-23,3031.1022688759626,3059.598676831019,2999.8355747646,3005.277587890625
2026-06-24,3011.906807352851,3065.2384377026524,2993.1071262294267,3032.190673828125
2026-06-25,3057.4217815146217,3174.6724226503766,3053.4639539657355,3148.649658203125
2026-06-26,3148.649658203125,3148.649658203125,3148.649658203125,3148.649658203125
2026-06-29,3110.2586669561897,3140.8330295568835,3052.9692101020705,3060.39013671875
2026-06-30,3072.263603134655,3089.974784606593,3029.519114360888,3036.4453125
2026-07-01,3055.442811501597,3132.9173326583714,3055.442811501597,3097.0
2026-07-02,3136.800048828125,3190.0,3111.5,3175.39990234375
