date,open,high,low,close
2021-07-02,261.8245157190933,266.7957386402668,261.5174056815565,266.4598388671875
2021-07-06,266.8244434060529,268.1104333301389,263.24476455954283,266.4693603515625
2021-07-07,268.1393110275168,269.3773282430186,265.9799929781562,268.64794921875
2021-07-08,265.7401050538773,267.49636704168825,263.7919212302574,266.2391662597656
2021-07-09,264.6076006127589,266.8436812511514,264.2237277535544,266.7381286621094
2021-07-12,267.90890462422595,268.49430548835454,265.43287101130034,266.14306640625
2021-07-13,266.33506735947253,271.4502681264369,266.210331366787,269.6556396484375
2021-07-14,270.97037689383615,272.2275772639754,269.24290521159406,271.1239318847656
2021-07-15,270.63439793562475,271.1238524954163,268.5518437599967,269.7034912109375
2021-07-16,270.7016209659572,272.64980384909137,268.19679766614735,269.434814453125
2021-07-19,267.68821296919947,269.0701786607104,263.3887901846065,265.8456115722656
2021-07-20,266.8244222536532,269.64593236514037,265.1257699569879,268.06243896484375
2021-07-21,267.6593524599545,270.173752645904,266.1142551272196,270.05859375
2021-07-22,272.4003154535662,274.8763494100788,271.9972592293282,274.6076354980469
2021-07-23,275.78801102778897,278.30241146815854,274.9530796603886,277.9953308105469
2021-07-26,277.3523564681326,278.01454955841905,275.08748623115633,277.40032958984375
2021-07-27,277.76502450299625,277.9089731585834,271.54620828066527,274.99151611328125
2021-07-28,277.34279811505564,278.45605003500003,272.39075859018243,274.6844482421875
2021-07-29,274.7035639775205,276.9876467259065,274.5500089966287,274.9530944824219
2021-07-30,273.67677665869513,275.1067156613807,272.46754919796103,273.42724609375
2021-08-02,274.8188241867779,275.21230347891725,272.3044226840798,273.3409118652344
2021-08-03,273.91662898110934,275.6536775635122,272.55384686025644,275.548095703125
2021-08-04,274.68438727940855,275.99916705627766,273.1776564498441,274.96270751953125
2021-08-05,275.31773484513803,277.95690020325844,274.56917275143024,277.851318359375
2021-08-06,276.8821288688246,277.83221931412936,276.0279846719422,277.7938232421875
2021-08-09,278.07213285524966,279.7995752873609,276.2103188203015,276.7093505859375
2021-08-10,277.16040859309794,277.5922838439448,273.70552373680465,274.8955383300781
2021-08-11,275.63448047398396,277.02605240134324,274.338884073963,275.3849792480469
2021-08-12,275.0778712144452,278.2832546943312,274.7995509694879,278.12969970703125
2021-08-13,277.8130673648045,281.09521434057825,277.640299665323,281.0472412109375
2021-08-16,281.3735389324563,282.9378495792554,278.3312868461039,282.7267150878906
2021-08-17,280.60581088936834,281.60387465026935,279.3485809150683,281.2679748535156
2021-08-18,280.8064825737765,283.47954672914096,279.10454809865564,279.546875
2021-08-19,277.5852494378773,286.0275166816487,277.53718447593633,285.35443115234375
2021-08-20,288.1909333937579,294.0755159975354,286.5947836444188,292.6524353027344
2021-08-23,291.58513292551737,293.6524247840349,290.23899143697224,292.9312744140625
2021-08-24,293.28707625697854,293.892847343343,290.38325427792677,290.9794006347656
2021-08-25,292.59474421285233,292.8735972507259,288.86401745475416,290.3928527832031
2021-08-26,289.4120831267804,290.79669430920046,287.4505750714238,287.5851745605469
2021-08-27,287.4890790455241,289.2967678980411,285.4121618113785,288.1910095214844
2021-08-30,289.53705863519326,292.5178193402861,289.4793689535972,291.91204833984375
2021-08-31,292.7102186066526,292.7871284221074,289.9025261716433,290.2679138183594
2021-09-01,291.2198217734967,293.45058787896966,289.8929000496603,290.2198181152344
2021-09-02,290.57554613458024,291.69089959705036,288.6332289446876,289.56591796875
2021-09-03,289.4121123902904,290.96019740569926,288.7102113426839,289.5563659667969
2021-09-07,289.4312987154951,289.50820850832446,286.7293910832392,288.6332092285156
2021-09-08,288.2486872778682,289.04674765844067,286.02754588554353,288.6621398925781
2021-09-09,289.24872416460886,290.5179563470504,285.57565648982865,285.8160400390625
2021-09-10,286.9410448865193,288.3833461664702,284.0179727429177,284.33526611328125
2021-09-13,286.1044357072228,287.0563743400453,282.7679114864811,285.56597900390625
2021-09-14,288.0370763979121,289.79669976756344,286.63324519977493,288.25823974609375
2021-09-15,291.5948576961373,293.5756157110724,290.2102461632535,293.0948486328125
2021-09-16,292.07553887775646,293.565904644582,289.19093725653136,293.4793701171875
2021-09-17,292.46975710578755,292.7870503575158,288.00822606299056,288.33514404296875
2021-09-20,284.9313131787065,287.2293931677513,278.3832700003604,282.9794006347656
2021-09-21,284.3159844038209,286.09482813249366,282.7583040538949,283.460205078125
2021-09-22,285.3159429755358,288.67168664091787,283.18133670640134,287.0947570800781
2021-09-23,287.35442848279695,289.32556135418525,286.085196618995,288.037109375
2021-09-24,286.7582613035244,288.26784720291187,285.50824964587054,287.8351745605469
2021-09-27,284.74874621384953,285.0660395820949,281.67182509968364,282.8545227050781
2021-09-28,278.6525374846611,279.59485135493725,271.87373461890644,272.6141052246094
2021-09-29,274.1333769693656,275.7391224791571,272.1237742275419,273.07568359375
2021-09-30,274.71987639892257,276.7583238245585,270.7872057817873,271.07568359375
2021-10-01,271.2679145751983,278.82558560260657,270.4698544217859,277.97943115234375
2021-10-04,276.3448372844205,276.68138001851474,269.46987576086445,272.2198486328125
2021-10-05,273.1236812465694,279.2294271274474,273.1236812465694,277.65252685546875
2021-10-06,274.78720381326485,282.33525208926756,274.5276001795463,281.8352355957031
2021-10-07,283.82562463617745,285.229485530052,282.6141116407885,283.5083312988281
2021-10-08,284.82562830246127,285.229485530052,282.46026266569163,283.5083312988281
2021-10-11,281.6525327868535,286.5082674148435,281.4890591068928,282.9121398925781
2021-10-12,283.9794400643769,284.0755993304145,281.10446287508915,281.61407470703125
2021-10-13,283.5659981485587,285.84482905516467,282.20060694439593,284.9121398925781
2021-10-14,287.7005622674281,291.60438772035315,286.37364073387175,291.1044006347656
2021-10-15,290.71017592364666,292.7390278517721,288.9601770620516,292.50823974609375
2021-10-18,291.89287998601975,296.3543824347761,291.04672538099135,295.46978759765625
2021-10-19,296.48909767899323,297.40253762821436,295.40255926016323,296.37371826171875
2021-10-20,297.3159240470741,297.787095667317,294.3351627369978,295.5851745605469
2021-10-21,295.35437134682337,299.0562532662077,294.5755019170204,298.8062744140625
2021-10-22,298.4601455444869,299.1236063471209,295.96015129406624,297.2678527832031
2021-10-25,297.4601338192577,297.4986033941539,294.67169118488476,296.2774658203125
2021-10-26,299.03702309577824,300.3831645978906,296.729347757345,298.1812438964844
2021-10-27,303.8447410132644,313.55624018654,303.8447410132644,310.73895263671875
2021-10-28,311.8542246663574,312.37346110166095,308.9984682877096,311.87347412109375
2021-10-29,311.6620413582326,319.2293097590361,311.4408779594298,318.8639221191406
2021-11-01,318.6139440700778,318.73894820543626,313.8158980182633,316.70050048828125
2021-11-02,317.60429349098206,320.62352433879016,317.30622029819705,320.3158264160156
2021-11-03,321.0561844849301,322.01771844825345,317.9311991041292,321.15234375
2021-11-04,320.08507064099814,323.59466390839987,316.83508099254163,323.4985046386719
2021-11-05,325.48885700223303,325.75808532637757,321.5561867864097,323.1330871582031
2021-11-08,324.32538640649415,324.6619291544204,321.57541342152103,324.0273132324219
2021-11-09,324.1426973147689,325.69078224022303,321.6619526233949,323.02734375
2021-11-10,321.7004105931885,321.75810028088216,317.2292837348111,318.0754089355469
2021-11-11,318.50821889815046,320.93127463366,317.7966929462929,319.642822265625
2021-11-12,321.07541697774906,324.258091880674,320.9504128741325,323.7677001953125
2021-11-15,324.55627878611017,324.8831969096902,321.18128418044836,323.142822265625
2021-11-16,322.7677173822912,327.5657918667416,322.60427303916015,326.4504089355469
2021-11-17,326.4985808420445,329.62928356256526,325.59308293416547,326.6719665527344
2021-11-18,325.7663789691602,329.87965837938395,324.7452908685691,328.7429504394531
2021-11-19,330.0628138404935,332.4325070081749,329.63896245799737,330.5155334472656
2021-11-22,331.9700164889101,336.83466359463443,327.086114106962,327.3558349609375
2021-11-23,324.6778802533964,326.98980687418253,321.31599723176595,325.2847595214844
2021-11-24,323.9361753313232,325.74717091105794,321.65317557932343,325.50634765625
2021-11-26,322.0771142842693,325.5256912943584,316.07578656240105,317.5785217285156
2021-11-29,322.64540869619697,326.585274135935,322.4527383080336,324.27337646484375
2021-11-30,323.0114652960252,325.38115820776426,316.9138032094252,318.455078125
2021-12-01,322.82842346064837,326.8260839728482,317.2991304369134,317.9637756347656
2021-12-02,318.1756812750894,321.2485884430419,315.76744866054173,317.3954162597656
2021-12-03,319.8036423557392,320.48760157043654,306.3560799414712,311.1532897949219
2021-12-06,312.058785775437,315.43031134746263,307.51204154241043,314.216552734375
2021-12-07,319.4664988261164,323.4737717636202,317.9830194018074,322.6260986328125
2021-12-08,323.00180200991804,323.184830047875,318.65734078900067,322.6742858886719
2021-12-09,322.13480572641566,324.1384421698019,319.9288565931606,320.8728942871094
2021-12-10,322.68393709248,330.4095372641144,322.5009090494943,329.9664306640625
2021-12-13,328.17466430025087,331.17052092748463,326.63338956387594,326.941650390625
2021-12-14,320.98850283752,322.3563918673137,312.2128880966609,316.2876281738281
2021-12-15,316.54775928331173,322.88624490056276,312.5886384053127,322.3660583496094
2021-12-16,323.3871030361662,324.39857838163,311.1629118249928,312.9739074707031
2021-12-17,309.1015373797269,312.9932502732076,305.6047782395522,311.9143371582031
2021-12-20,308.30189894992657,310.9509545801387,305.912951232269,308.16705322265625
2021-12-21,311.4230722504831,315.70009648431505,308.0611589340678,315.2762451171875
2021-12-22,316.24907907920306,321.3641625402389,313.7926936963985,320.96923828125
2021-12-23,320.5357805584728,324.04218156998655,320.5165252794348,322.4045715332031
2021-12-27,323.14632143413695,329.908658361648,323.1174238146764,329.8797607421875
2021-12-28,330.55406718206604,331.18984424383433,327.827960266222,328.72381591796875
2021-12-29,328.7719682057402,331.6618479007126,327.21143787403537,329.39813232421875
2021-12-30,329.35948814109423,330.53470668772496,326.38291652486487,326.86456298828125
2021-12-31,326.08434561446063,326.90312120375734,323.5219825277928,323.9747314453125
2022-01-03,323.04044529431184,325.59316690685677,317.6748940387297,322.46246337890625
2022-01-04,322.53935638433114,322.8957994595312,314.1490832585769,316.9330139160156
2022-01-05,313.8986305472885,314.10094323545275,304.38132077467725,304.7666320800781
2022-01-06,301.65524488813156,307.0015395240339,300.0561747269668,302.35845947265625
2022-01-07,302.61852137240913,304.88226603603744,298.7075537396608,302.5125732421875
2022-01-10,298.1295606763108,303.16759397911807,293.50576573261736,302.7341003417969
2022-01-11,301.8768158812795,304.9882339809429,298.5149321522782,303.4180908203125
2022-01-12,307.93588346156525,311.538589841844,305.44092874443083,306.5872497558594
2022-01-13,308.7065085650938,309.10146222236773,292.8410716956861,293.6116943359375
2022-01-14,293.0819018422109,299.41074404993253,292.6002553313774,298.8135070800781
2022-01-18,292.90859986576606,298.4282516430957,290.6641100212884,291.54071044921875
2022-01-19,295.0470165949494,302.38730443677275,291.5887983066239,292.1956481933594
2022-01-20,297.72506851398765,300.21035230338873,290.0861596688608,290.5292663574219
2022-01-21,291.5792015826187,292.94706137271686,284.7590697196657,285.1636657714844
2022-01-24,281.4742645277423,286.20400792942536,265.9170569502406,285.4911804199219
2022-01-25,280.8192289411712,284.1618575908213,274.7023405114224,277.90045166015625
2022-01-26,296.68454531605374,297.17583405990564,282.2736930042485,285.818603515625
2022-01-27,291.55032568742257,296.0199908832467,286.9939382332395,288.8338317871094
2022-01-28,289.2095201733317,297.1566888577396,283.64168680427184,296.94476318359375
2022-01-31,297.60939667442534,300.9134847485598,295.1240841669652,299.56488037109375
2022-02-01,299.0157886812132,299.2277143206684,293.929602731659,297.4263610839844
2022-02-02,298.26445765509385,303.5529275513087,297.54198780490606,301.953857421875
2022-02-03,298.12957287633566,299.8057228648471,288.9493907856898,290.1920471191406
2022-02-04,289.1901298958402,297.4648117101232,288.9589490256891,294.7098083496094
2022-02-07,294.9314984801919,296.54018169712276,288.8916311687313,289.9031066894531
2022-02-08,290.1920562811641,294.34384733210226,288.9397869673649,293.38055419921875
2022-02-09,298.4956287595179,300.4800101974915,296.10668068130565,299.78643798828125
2022-02-10,292.8797100919523,297.77322723687223,289.66231392152343,291.2806396484375
2022-02-11,292.060792620919,293.12042074814497,283.4200536610799,284.2099609375
2022-02-14,282.9865867276755,285.866852917156,280.65543402557785,284.17144775390625
2022-02-15,288.99759771206277,289.75857816176847,286.11733109996294,289.4407043457031
2022-02-16,288.0120675250117,290.42527991431285,283.48487872602993,289.10284423828125
2022-02-17,286.07189021755596,286.49661803620563,279.9326908613435,280.6373596191406
2022-02-18,282.87676387601726,283.65864238707985,276.3707522552186,277.93450927734375
2022-02-22,275.1062652782788,281.41923835084543,274.62362270761514,277.7318420410156
2022-02-23,280.106319573653,281.5735712358109,270.3762623285836,270.54034423828125
2022-02-24,263.0498031628359,284.9135007247491,262.094151059809,284.36328125
2022-02-25,284.89426986554474,287.29782043336456,281.525404701234,286.9889221191406
2022-02-28,284.0930837375595,288.75542773178836,282.82856248718815,288.4175720214844
2022-03-01,286.1104303022666,289.5565043668673,282.00796959435814,284.7107849121094
2022-03-02,285.10654759375143,291.0044539337732,283.50420050610404,289.7688903808594
2022-03-03,292.37519352194875,292.6068524998791,283.8420480314748,285.64715576171875
2022-03-04,284.0736581596549,285.3960935577323,277.20083543278474,279.79742431640625
2022-03-07,278.5136356085561,279.6333695655803,268.8607871426468,269.22760009765625
2022-03-08,268.15621422846283,274.10237453893683,260.62700152327903,266.27392578125
2022-03-09,273.6003711570887,279.5465300399745,271.03270963096804,278.4847106933594
2022-03-10,273.1949308694663,276.65066742284495,270.83963327856327,275.67572021484375
2022-03-11,277.9634336750457,279.4596429563479,269.7295545935928,270.34735107421875
2022-03-14,270.6079274452205,275.49226599874805,266.244850912999,266.84332275390625
2022-03-15,270.6176534268287,277.8283334961411,269.0538964529326,277.18157958984375
2022-03-16,279.07355459724573,284.34403232991673,273.3687457127895,284.1702880859375
2022-03-17,283.10847290668306,285.34791193212243,279.32454238410753,284.9714660644531
2022-03-18,285.1162398488807,290.55079938117666,282.56790264099095,290.0005798339844
2022-03-21,288.5140113733799,289.7206174710808,284.662504677972,288.7746276855469
2022-03-22,289.3923936093338,294.4118867402999,288.39815136686497,293.5045166015625
2022-03-23,290.0777490123799,292.70332488596847,287.3845961318238,289.0931396484375
2022-03-24,288.7552868316787,293.63962518446135,287.9637462870707,293.5430908203125
2022-03-25,294.6339351738191,294.8945515047454,288.9001402281707,293.1377258300781
2022-03-28,293.7651423882981,300.0105369064653,293.7651423882981,299.9140319824219
2022-03-29,303.01264366587003,304.85634170771465,298.3213428484819,304.4605712890625
2022-03-30,302.86782002120697,304.9817964510435,300.76347640947125,302.9643249511719
2022-03-31,303.0029338565664,304.19990720218783,297.20159145457893,297.60699462890625
2022-04-01,298.6301848769681,299.36381082776825,294.9331566706007,298.678466796875
2022-04-04,299.32520192359516,304.1709216917822,298.9583889350334,304.0357971191406
2022-04-05,302.3948148545048,303.9392767129868,299.1128518165804,300.0877990722656
2022-04-06,294.59531799298344,296.3424814061848,286.4096909635366,289.10284423828125
2022-04-07,286.3614444787001,293.10877703347046,286.06220849283096,290.9079284667969
2022-04-08,290.01015328183416,290.6665398433151,285.99456517806084,286.6606140136719
2022-04-11,281.66048690117145,282.4519981244576,275.1061942358303,275.357177734375
2022-04-12,279.1989878449197,280.6469151575573,270.75274518786716,272.26824951171875
2022-04-13,272.91505579561334,278.56194983374326,271.5346757707154,277.6352844238281
2022-04-14,278.088924351685,278.3012882088098,269.6233863517897,270.11566162109375
2022-04-18,269.22764356722877,272.65439354264834,268.67742404587597,270.78173828125
2022-04-19,269.6813121043786,276.2356051160154,268.7449845312876,275.3957824707031
2022-04-20,279.35341939656814,279.64302251578187,275.46332277285063,276.4189453125
2022-04-21,278.5618984401678,283.1180442640561,270.33768184591173,271.0616455078125
2022-04-22,271.901389909691,273.36864152138946,263.88953860387505,264.5169677734375
2022-04-25,263.8027323682706,271.351238292918,261.3701954398088,270.97479248046875
2022-04-26,267.8665048519019,268.6966355558546,260.62686958563427,260.8392333984375
2022-04-27,272.30691647120665,280.8689900877158,269.4689760886624,273.3880310058594
2022-04-28,275.2896026631033,280.87861047579827,271.68907938541145,279.5754699707031
2022-04-29,278.59087064005706,279.81680135936267,266.9012842301464,267.8858642578125
2022-05-02,268.0692987483365,275.04832015441815,266.63103347319105,274.5946350097656
2022-05-03,274.1023614203299,274.26647285650915,270.42462737594974,271.998046875
2022-05-04,272.77983068105766,280.7820499971457,267.1232758393873,279.9132995605469
2022-05-05,275.6274568786791,276.40933528615983,264.816254282709,267.7217712402344
2022-05-06,265.2698978061163,269.555764420702,261.8527815684002,265.19268798828125
2022-05-09,260.68489945201344,262.90504346434847,254.17888711238737,255.39512634277344
2022-05-10,262.2582942158993,264.24677903665463,255.86811198044657,260.1443176269531
2022-05-11,256.45690628213566,261.939717895706,250.29838339965534,251.50498962402344
2022-05-12,248.7442826712676,250.8582590815856,241.3405488261486,246.4855194091797
2022-05-13,248.4160775334941,253.90855102922657,246.4855077130794,252.05519104003906
2022-05-16,250.9354501012321,256.5920348375694,246.9005663575993,252.4219970703125
2022-05-17,256.87196899135023,259.0149028011125,253.34868474571135,257.5573425292969
2022-05-18,254.46120398258716,255.04172974493503,244.56334455457838,245.830810546875
2022-05-19,245.65666082139012,249.30427969315693,243.70225448849024,244.9213409423828
2022-05-20,248.8882164839808,250.1460272870901,238.43887034074822,244.36016845703125
2022-05-23,247.19504035705393,253.0099090514097,245.20190974301659,252.1875
2022-05-24,249.5171198981205,252.84540652501488,245.2696355087697,251.19093322753906
2022-05-25,249.75905520569623,255.9899423675997,248.78183714380614,253.996826171875
2022-05-26,253.7549694604812,258.4378274860186,252.94224496283675,257.2671203613281
2022-05-27,259.763306260141,264.46550311516876,258.87316278571984,264.3687438964844
2022-05-31,263.68184944791426,265.84911459447005,260.1987236575402,263.04327392578125
2022-06-01,266.2651500668014,268.6742983008573,261.27267518128724,263.5754089355469
2022-06-02,255.86416618600398,265.73298709587516,253.10669066458044,265.6652526855469
2022-06-03,261.5338887851949,264.5719571114333,259.6955816677973,261.2532958984375
2022-06-06,263.2270376292287,265.27820295854366,258.5441812387559,260.0245056152344
2022-06-07,257.9830411761452,264.26232157625736,257.3057561922374,263.65277099609375
2022-06-08,262.88839638694134,264.1365222872214,260.85657107937885,261.630615234375
2022-06-09,259.086091675852,263.85602423310576,256.03836738291267,256.19317626953125
2022-06-10,252.11974139835968,252.11974139835968,244.33111239687503,244.77618408203125
2022-06-13,237.1520369876546,240.9350949240482,233.6882667435192,234.39456176757812
2022-06-14,235.94263445006774,237.76160149558388,233.6689256431726,236.55218505859375
2022-06-15,240.24816456305055,247.01122689050288,238.4195274205562,243.58615112304688
2022-06-16,237.99377410485405,239.38702405079715,235.12988456120002,237.01657104492188
2022-06-17,236.75536866492723,242.36706412018737,236.10712319916604,239.60958862304688
2022-06-21,242.13486575130284,246.47909535720655,241.40921581403924,245.50189208984375
2022-06-22,243.7119356534914,248.82052450027996,242.24128106481916,244.91168212890625
2022-06-23,247.27247956979176,250.9490941058249,245.39546270431345,250.4556427001953
2022-06-24,253.30985203926372,259.2795445759663,253.22277759883846,259.0086364746094
2022-06-27,259.5021360954201,259.58921056194794,254.73220331491711,256.2899475097656
2022-06-28,255.40942252018837,258.2442876848407,247.99811473013298,248.15292358398438
2022-06-29,249.22691463647323,253.464715477171,247.4563268162281,251.81024169921875
2022-06-30,248.70442039452854,251.10391358347033,244.68916314620972,248.49156188964844
2022-07-01,248.06586356040017,251.33610113526663,246.34364079711162,251.1522674560547
2022-07-05,247.84328689784448,254.44186984497523,246.4693916427345,254.3160858154297
2022-07-06,255.18683261782502,259.2891631514389,253.88065714267475,257.56695556640625
2022-07-07,256.5123449826114,260.3244273758523,256.4155857769769,259.68585205078125
2022-07-08,256.1931548126402,259.395687723977,254.74185483976467,258.969970703125
2022-07-11,257.0252138128929,257.8766478364502,253.66787209945863,255.9222412109375
2022-07-12,257.2477298377406,257.3057794671245,243.8570592390129,245.43414306640625
2022-07-13,242.06714149558593,245.31805374321544,240.05467060292142,244.51499938964844
2022-07-14,242.43477469827525,246.85639326542395,237.95509174418504,245.830810546875
2022-07-15,247.41762900522784,251.9166531694112,246.49847527703187,248.38516235351562
2022-07-18,251.31671696215605,252.37132447376123,245.07613156293314,245.9952850341797
2022-07-19,249.21722578060667,251.287761309825,245.44385164398503,251.1039276123047
2022-07-20,251.46189468811332,256.27053629222974,250.5040461852087,253.75494384765625
2022-07-21,251.35548474975212,256.2899104944366,248.6850833881356,256.24151611328125
2022-07-22,256.6285035144892,256.71557796165024,250.65884004276222,251.9069366455078
2022-07-25,252.52616526089446,253.00993186101113,248.4721987897753,250.42660522460938
2022-07-26,251.4231277966496,251.44249735505653,241.46723382900603,243.72157287597656
2022-07-27,252.68088444448017,261.28223618817697,250.44588590724152,260.0147705078125
2022-07-28,260.9920476929204,268.81938674780196,259.17308078267786,267.4358215332031
2022-07-29,268.6839646557535,272.8443453449876,267.64869711004144,271.625244140625
2022-08-01,268.80005306751355,272.147709327751,266.8843268988861,268.98388671875
2022-08-02,267.0391735890701,268.8678255810628,263.53670799309106,265.8974914550781
2022-08-03,267.77446660635644,274.29563016416313,267.6293130218933,273.299072265625
2022-08-04,272.6508838288538,274.5859505118883,271.07382928467115,274.4408264160156
2022-08-05,270.0869188049732,274.4408187197017,269.6321769661417,273.724853515625
2022-08-08,274.8277823787597,276.63709419104765,270.25136942756865,271.2189025878906
2022-08-09,270.5609704551994,273.88925715701384,268.5968499150632,273.13458251953125
2022-08-10,278.8140935874834,280.4008328998237,277.6240169581476,279.7719421386719
2022-08-11,281.4069925671231,281.7552902911237,277.20790268722305,277.7013244628906
2022-08-12,279.1139854304459,282.4326171875,277.62397604955174,282.4326171875
2022-08-15,281.55217775836655,284.62892642888846,280.6910589868737,283.9419860839844
2022-08-16,282.50994855184035,284.4934088991559,280.9909441965349,283.2065734863281
2022-08-17,280.9280886741136,284.42831264174936,280.6663108728771,282.4600524902344
2022-08-18,281.36438230357066,283.0320727028022,280.2881256209133,281.3450012207031
2022-08-19,280.1136602196925,280.45302156557796,276.87524340040335,277.4472961425781
2022-08-22,273.5010322101689,273.8694799294029,268.7888545532896,269.302734375
2022-08-23,268.0325622558594,270.3789456095567,267.0241837556368,268.0325622558594
2022-08-24,267.03389604285996,268.7985510668254,266.74300225801466,267.40234375
2022-08-25,268.89553264663925,270.53413693993167,266.1709957164904,270.36932373046875
2022-08-26,270.5923365109039,271.81402564273543,259.8299441018192,259.93658447265625
2022-08-29,257.7646216660064,259.26746916598336,255.82544832955261,257.1634826660156
2022-08-30,258.559742764077,258.92816091829354,252.73251622654692,254.97225952148438
2022-08-31,257.3186614112336,258.986322342565,253.38211168370708,253.5178680419922
2022-09-01,250.9969865377077,252.95557125070832,247.64222374151075,252.48045349121094
2022-09-02,253.7408682003107,256.68839066109626,246.73074523815598,248.2723846435547
2022-09-06,248.4081289572393,249.9885304522593,244.2776800704401,245.54783630371094
2022-09-07,246.95377791469627,250.95816170983366,245.51879346007277,250.2406768798828
2022-09-08,249.67831493374948,252.50949191714798,247.041022768642,250.65757751464844
2022-09-09,252.57740555573184,257.1635625736853,252.37380057718096,256.4169616699219
2022-09-12,257.69677794091064,259.31600091262334,257.09563886057305,258.5403137207031
2022-09-13,250.96784794774865,252.48040101382477,243.93834353048703,244.32618713378906
2022-09-14,245.81933539304998,246.4980431807775,242.26095368229554,244.54917907714844
2022-09-15,242.1736911292833,243.75410750034436,236.59856721458627,237.91720581054688
2022-09-16,236.83129478142976,237.83967345913706,234.69820652512584,237.2967071533203
2022-09-19,235.09573320886867,237.68452841666505,233.52500718935042,237.08338928222656
2022-09-20,234.70789152713547,236.10408413767027,232.35178783208616,235.07632446289062
2022-09-21,236.84097880590735,240.12787756364517,231.634287475008,231.68276977539062
2022-09-22,230.63561584371612,236.44344631490495,230.3447516288207,233.65103149414062
2022-09-23,232.25482322354088,233.79647753038185,228.04681992346752,230.68409729003906
2022-09-26,229.84056473429231,234.106740937524,229.69511783060327,230.2283935546875
2022-09-27,232.6814336251009,234.44608868363423,227.36810216062796,229.2200164794922
2022-09-28,229.60786226959718,234.95998588678188,227.5911198226186,233.73831176757812
2022-09-29,231.6245958212714,232.652355487679,227.28085099175377,230.27687072753906
2022-09-30,231.0428606260345,233.22443119574095,225.65195971871543,225.81678771972656
2022-10-03,228.25043546623195,234.26187075492425,227.52324535563076,233.4183349609375
2022-10-04,237.6360484007584,242.74577547683293,237.52939325058418,241.310791015625
2022-10-05,238.5086522437778,242.95905191818485,236.676133860509,241.6210174560547
2022-10-06,240.38972201003816,242.72643046602255,238.59599475628676,239.28439331054688
2022-10-07,233.57346497384196,233.98070446797666,226.07856280672056,227.11602783203125
2022-10-10,225.962219258619,227.4262900818972,219.83442324055144,222.2777862548828
2022-10-11,220.69735939369207,222.0935668585732,217.29411479408543,218.55458068847656
2022-10-12,218.54485501658382,220.9300450129457,217.14866247633316,218.88421630859375
2022-10-13,213.163673728378,228.91945995498912,212.46557001660585,227.11602783203125
2022-10-14,228.37649233923707,230.02480190806705,221.3954696052538,221.60877990722656
2022-10-17,228.64795366917255,231.6924554615013,227.98862698827506,230.30593872070312
2022-10-18,235.84232244327512,236.51132497546385,228.2116634940623,231.24647521972656
2022-10-19,229.83086912144609,232.32271452181564,227.16450518293112,229.28790283203125
2022-10-20,228.59952355559247,233.9710288478756,227.72688640768192,228.96795654296875
2022-10-21,227.6008072431659,235.6095887613836,227.3681010886603,234.75634765625
2022-10-24,236.346468231669,240.30238407052286,233.96129303725664,239.73033142089844
2022-10-25,239.74001722910089,243.40505400256714,238.35351526216095,243.03662109375
2022-10-26,224.13940416091688,231.05256356203466,223.06316209926047,224.28485107421875
2022-10-27,224.01332637862237,226.58274025958372,218.9133051682239,219.8538055419922
2022-10-28,219.35934514135127,229.40426599695735,219.1751212635659,228.6964569091797
2022-10-31,226.65063759786585,227.7753619981535,224.12001509457988,225.07022094726562
2022-11-01,227.46508792727667,228.57041637850017,220.41618716835114,221.2306365966797
2022-11-02,222.48141610977814,224.26545245124476,213.34789451187777,213.4060821533203
2022-11-03,213.3963618064245,213.70663669340686,207.4721856849331,207.73397827148438
2022-11-04,210.93360492641042,214.85072897039285,206.93889737068497,214.6568145751953
2022-11-07,215.23858262395112,221.46332820770985,214.5501694748692,220.9397430419922
2022-11-08,221.7444890427756,224.60476702569903,218.97147031751535,221.90931701660156
2022-11-09,220.45499578460004,221.6766848972125,217.5074577563998,217.68197631835938
2022-11-10,228.2698114597355,235.92955599741592,227.85289624042093,235.59019470214844
2022-11-11,235.59991144789905,240.44784564522814,234.5721369704996,239.5946044921875
2022-11-14,234.63032541196574,236.491930374749,231.9348751725974,234.20370483398438
2022-11-15,238.18872473342853,239.4879676468522,232.72994567583086,234.61094665527344
2022-11-16,236.06938283193108,237.05143476413045,233.76499097023776,235.03872680664062
2022-11-17,231.19808812700944,236.51667602662837,231.05224616268976,234.99012756347656
2022-11-18,236.76946659991202,236.99311072037338,232.4134803048627,234.54286193847656
2022-11-21,234.74705121223045,237.8973712159803,234.51370406585946,235.3498992919922
2022-11-22,236.8472486173572,238.51963895713513,234.04697919434565,238.2473907470703
2022-11-23,238.3251919634337,241.40744246425524,237.50844728562427,240.72682189941406
2022-11-25,240.46430280009824,241.81582614094168,239.90035578095558,240.6393280029297
2022-11-28,239.26835904634282,239.82257338781716,234.13451381597585,235.06793212890625
2022-11-29,234.71784880402407,236.06937189775329,231.61616302048014,233.67747497558594
2022-11-30,233.9108607052224,248.2622882065125,233.22050747543122,248.07754516601562
2022-12-01,246.84270566954237,249.03042418074372,243.97436658880594,247.6400146484375
2022-12-02,242.90480403425175,248.9720667058495,242.778397783122,247.9608612060547
2022-12-05,245.03417222631165,246.79408255563942,241.19351410319612,243.27427673339844
2022-12-06,243.87713173110765,244.8883372658951,237.03199561292425,238.33489990234375
2022-12-07,238.05292524127822,239.34611163220632,235.50545353805643,237.60565185546875
2022-12-08,238.06266840254827,241.854722806182,236.3319411296729,240.5518035888672
2022-12-09,237.92653108598594,241.43660437225947,237.40148518904434,238.62660217285156
2022-12-12,240.60042165743343,245.54952361837397,240.3281734246865,245.52035522460938
2022-12-13,254.44625651294808,256.61453937496145,246.06486835036688,249.8083038330078
2022-12-14,250.01248566170938,255.32134114124744,247.27053790250687,250.09999084472656
2022-12-15,246.69681724910365,247.1635262894132,240.49341629115364,242.1171875
2022-12-16,241.6699621291789,242.92424748334844,236.7694646066407,237.91680908203125
2022-12-19,238.08210589515767,238.42242358687312,232.1023480969562,233.79417419433594
2022-12-20,232.77323628356203,236.18608654823132,231.82036751639754,235.1068115234375
2022-12-21,234.99985605475112,238.82106381583225,233.4635897668888,237.66400146484375
2022-12-22,234.58175331390822,235.29155709825014,227.39631414751827,231.59674072265625
2022-12-23,229.57432368977197,232.25791977065128,227.46439246807083,232.12179565429688
2022-12-27,232.09261343652005,232.3162427208361,229.30206179925912,230.40078735351562
2022-12-28,230.33272967385747,233.0843952081068,227.68801986130742,228.03805541992188
2022-12-29,229.12706662796964,235.22351357854706,229.12706662796964,234.3386993408203
2022-12-30,231.61620583114026,233.31776474462188,230.10910782620186,233.181640625
2023-01-03,236.3513594820361,238.94745003778394,230.82857855768225,232.9482421875
2023-01-04,225.85033012794412,226.42399496515415,219.70527974958796,222.75836181640625
2023-01-05,220.91093644040888,221.25125412142148,215.62151720752513,216.1562957763672
2023-01-06,216.8272270587664,219.51082327228505,213.27826716927703,218.70379638671875
2023-01-09,220.18170823285104,224.8391261091335,220.14282198786435,220.83316040039062
2023-01-10,221.4554347527597,224.90717117777552,221.03734458217542,222.51527404785156
2023-01-11,224.88772743214392,229.41873899259986,224.71271707723938,229.2437286376953
2023-01-12,228.74784480479596,233.25940599267489,227.09490487805533,231.9078826904297
2023-01-13,230.43967280124468,232.74406478160432,228.41724688827324,232.60794067382812
2023-01-17,231.3828356610212,234.24145690846152,230.52718988997353,233.69696044921875
2023-01-18,234.883176604496,235.67075285086767,229.0006419678325,229.28260803222656
2023-01-19,227.3088064182575,229.00064735365646,224.29461063179636,225.510009765625
2023-01-20,228.35890938614477,234.07615156759218,228.0185916995672,233.57054138183594
2023-01-23,234.4261906970003,238.38352255893335,233.0163158336519,235.86521911621094
2023-01-24,235.78746818012206,237.19732842463722,233.78449247373834,235.34019470214844
2023-01-25,227.98943061234027,236.5652941592754,224.50852565701223,233.9497528076172
2023-01-26,236.90559786802248,241.43660948835614,235.30127691453504,241.13519287109375
2023-01-27,242.0977830088241,242.9145276437586,239.99756980206558,241.29075622558594
2023-01-30,237.74178578895192,238.80162509755758,235.4957305884033,235.9916229248047
2023-01-31,236.7111567610399,241.08659409428063,236.22499705734649,240.95046997070312
2023-02-01,241.1351911203326,248.11643670951443,238.67522443009082,245.7537078857422
2023-02-02,251.65563166439156,257.36313992217566,250.12908358575305,257.275634765625
2023-02-03,252.3557623051793,256.8867738555353,249.9833008123263,251.19869995117188
2023-02-06,250.31389683270552,251.15007723406973,247.72752379068612,249.6624298095703
2023-02-07,253.31840354990376,261.3303069054437,252.8808478964387,260.15380859375
2023-02-08,265.63764785701306,269.0991022332483,258.84111568990085,259.34674072265625
2023-02-09,266.2210185187912,266.3960585481187,255.525505975814,256.32281494140625
2023-02-10,254.2906968716421,256.77983221444407,253.44478372341,255.81724548339844
2023-02-13,260.23153420322126,266.99886776795535,259.75507760072225,263.8096618652344
2023-02-14,265.12229853290944,267.35862090148964,261.82612208741193,264.6361389160156
2023-02-15,261.54618038787015,263.89534271397224,259.4601911138888,262.52093505859375
2023-02-16,257.354723160625,260.00605711365523,255.2882479724247,255.5319366455078
2023-02-17,252.8416369479222,253.5239473924271,249.53720422274546,251.54519653320312
2023-02-21,248.0555633319736,249.04007506409081,245.23852294112166,246.291259765625
2023-02-22,247.6754065123544,247.9190951759008,244.0200765591585,245.16053771972656
2023-02-23,249.108321803698,250.35600669518152,244.1565658834327,248.33827209472656
2023-02-24,243.64969909955178,244.66343747539474,241.83665470499022,242.92837524414062
2023-02-27,246.08657375483682,246.4374860355747,243.09406973943646,243.84463500976562
2023-02-28,242.78216630386783,245.1410709516809,242.4507383937105,243.12332153320312
2023-03-01,244.4294802167035,244.59518672884,239.58494822729267,240.05284118652344
2023-03-02,240.32581118283952,245.0533632800243,239.4095392442933,244.77069091796875
2023-03-03,245.82337754163785,249.16677885152734,245.04357084699137,248.84510803222656
2023-03-06,249.956359426143,253.55320692008516,249.517722752789,250.38525390625
2023-03-07,249.82961864090797,251.18454195758378,246.99309375726955,247.73390197753906
2023-03-08,247.62668586676327,248.11406323334165,244.47823224326854,247.29527282714844
2023-03-09,249.36176055143883,253.0073336989174,245.22879516854297,245.9501190185547
2023-03-10,244.74141460422547,246.40823683070676,241.3492723748031,242.31427001953125
2023-03-13,241.15432969621693,251.39901208368084,239.52649097769853,247.50973510742188
2023-03-14,250.26825127577843,254.47919841708625,249.40072024994075,254.20626831054688
2023-03-15,253.41670934490338,259.75261418809725,252.6661292714571,258.7388610839844
2023-03-16,258.514689849532,269.57816182335324,256.6334203873444,269.2272644042969
2023-03-17,271.2352859400092,276.177270273355,269.3442592079885,272.375732421875
2023-03-20,269.9875366889346,270.47491398328793,263.0375317119125,265.3574523925781
2023-03-21,267.94058331388436,268.0575491212291,262.7158825243108,266.86834716796875
2023-03-22,266.4979792673245,273.9451208577967,265.30877711926536,265.416015625
2023-03-23,270.9233512964952,273.9645815107582,268.2525326655101,270.6504211425781
2023-03-24,270.24098860593506,273.54542137989336,268.3304776871036,273.4869384765625
2023-03-27,273.41869458351096,274.35445077052975,268.56440544663616,269.4027099609375
2023-03-28,268.8276290958363,269.1687992182552,265.18202599070054,268.2817687988281
2023-03-29,271.91751837517444,274.0425058819728,271.38141527658803,273.42840576171875
2023-03-30,277.0545067536676,277.2786812703255,274.3739316415299,276.8790283203125
2023-03-31,276.5671528059377,281.96727225154604,275.8555711889492,281.0217590332031
2023-04-03,279.28666261801845,280.9924830784479,276.7815660353918,279.978759765625
2023-04-04,279.97874824950554,283.11745895747976,278.45813359566927,279.92999267578125
2023-04-05,278.6336322553814,279.90080144519544,275.77760817176124,277.1617431640625
2023-04-06,276.0602288528665,284.70629698554035,274.9100256186965,284.2384338378906
2023-04-10,281.90887208627026,282.28904079719536,277.52247479063857,282.0843505859375
2023-04-11,278.53617740745267,278.76038171504166,274.52994955434735,275.68988037109375
2023-04-12,277.60035917532724,279.76431548610367,274.84178711506826,276.3331604003906
2023-04-13,276.4306715348985,282.58137108364906,276.02129123451107,282.52288818359375
2023-04-14,279.75462616341997,281.1972739689878,276.5281901717606,278.9163513183594
2023-04-17,282.6106635193612,284.2385171903197,278.93584848287077,281.5091857910156
2023-04-18,284.2091922902282,284.39439803515654,279.7643139062447,281.0899658203125
2023-04-19,278.7700510801762,281.75279769664104,277.3566747962618,281.16796875
2023-04-20,278.0488101013178,281.73338210050423,277.88308869454204,278.8870849609375
2023-04-21,277.81480201216493,279.042972509136,275.91401875313767,278.5458679199219
2023-04-24,274.9685448486902,277.75635870948304,271.6836263278282,274.6566162109375
2023-04-25,272.45375451172964,274.4909887047074,268.4182549042338,268.4670104980469
2023-04-26,289.20974000859206,292.0072813214267,285.3399625443694,287.9132995605469
2023-04-27,288.4981481341887,297.4951446738083,287.79632356423065,297.13446044921875
2023-04-28,296.33516029137365,301.1309363430766,295.65282016140077,299.50311279296875
2023-05-01,299.2205078090528,300.80936302886863,297.44644678158,297.8460998535156
2023-05-02,299.9906007962863,301.374736203166,296.2377881909625,297.6999206542969
2023-05-03,298.87925796823623,300.8190101503688,296.41312996008793,296.7153015136719
2023-05-04,298.5089541952577,299.9906007962863,295.7406536343372,297.6999206542969
2023-05-05,298.00199235653776,304.0942089102195,296.58858621722317,302.8075256347656
2023-05-08,302.3006492277248,302.36888918912433,298.36263230970064,300.8580017089844
2023-05-09,300.22441891350263,302.21292664070313,298.5770812481338,299.2496643066406
2023-05-10,300.8287815493971,305.09821176430125,299.9027824610233,304.4256286621094
2023-05-11,302.2714311285641,303.2656701896078,298.5283767405059,302.2811584472656
2023-05-12,302.71005168658775,302.8075331032812,298.8597885779878,301.1699523925781
2023-05-15,301.2966551101867,302.07644689728147,299.82476613385916,301.6475524902344
2023-05-16,302.0082708882203,305.7903243255261,302.0082708882203,303.87005615234375
2023-05-17,305.0716601745018,307.1621801837401,303.55746936992665,306.74212646484375
2023-05-18,307.25979860655974,311.6655618014146,306.4685237275618,311.1575622558594
2023-05-19,309.41866687685257,311.3822160378819,309.0572240548509,310.981689453125
2023-05-22,311.23578210832846,315.13354641281757,310.6594231373723,313.7561340332031
2023-05-23,312.63269496953484,315.26051959828607,307.9631830299581,307.97296142578125
2023-05-24,307.4551228228565,309.184199080593,305.3841009337085,306.595458984375
2023-05-25,315.7684598442555,319.3438643558403,312.6033603605029,318.38653564453125
2023-05-26,316.53043497879963,325.69362591247574,316.3936865085404,325.1954345703125
2023-05-30,327.48145197644345,327.97964348422903,322.88029818979953,323.5543518066406
2023-05-31,324.6093167826368,328.1749431768424,319.76394285514135,320.7994689941406
2023-06-01,318.3963550941928,325.8206925176594,317.2143317221516,324.89263916015625
2023-06-02,326.5240179212979,329.6988961808169,324.86330044529166,327.6474304199219
2023-06-05,327.4715679849584,330.73436207197636,326.92451447409195,328.1749267578125
2023-06-06,327.57901828059016,327.6181020499909,324.4920861780968,325.9671630859375
2023-06-07,323.9840754044963,326.7584266923508,315.04557889593144,315.9052429199219
2023-06-08,316.45232513607897,319.0899281933469,315.8759662068324,317.7418212890625
2023-06-09,317.47803824659906,322.3624661949436,316.9114577219513,319.2364501953125
2023-06-12,320.9850692837771,324.4237258036258,317.6441371021866,324.17950439453125
2023-06-13,326.738912078587,329.1909043563213,322.75323214002157,326.5630798339844
2023-06-14,326.61191533447175,331.20328940233077,325.11728161658255,329.5425720214844
2023-06-15,329.67940300038487,341.7536961707786,329.40587619170174,340.0539245605469
2023-06-16,343.1994581968657,343.3459850753044,334.04604484014123,334.417236328125
2023-06-20,331.4670303403785,334.17299255500126,328.09676330100183,330.23614501953125
2023-06-21,328.59502188215436,329.92360187076076,324.39442550484875,325.8499755859375
2023-06-22,326.3969713207667,332.2582841920234,325.6350018399905,331.8577575683594
2023-06-23,326.6314360457984,330.1482299651682,325.74249643584824,327.27618408203125
2023-06-26,326.00622657027685,328.3409673865728,320.89710473059927,321.00457763671875
2023-06-27,324.1892275549751,328.3800749537934,321.6884029069419,326.83660888671875
2023-06-28,326.9245702882871,330.16783795083114,326.09421148504384,328.0870666503906
2023-06-29,326.97334345829574,328.3409772213773,324.93165630266327,327.30548095703125
2023-06-30,329.94312088694005,334.8080220472076,329.4058457163647,332.66864013671875
2023-07-03,331.34979527734635,333.02026113567905,328.79036003615676,330.1775207519531
2023-07-05,327.3445947298887,333.7529619318794,326.99293022093957,330.3338623046875
2023-07-06,329.50350728576706,335.0619888415349,327.7451250968569,333.3817443847656
2023-07-07,331.4768196689225,333.8897282258727,329.2104379854344,329.42535400390625
2023-07-10,326.86590410565805,327.4813467591402,320.017927004541,324.159912109375
2023-07-11,323.4077439781263,325.1661261312258,319.441590831674,324.78515625
2023-07-12,328.8196854554752,333.75294560855826,327.91118903960694,329.40582275390625
2023-07-13,331.711242452727,335.79461674267833,331.1837159282275,334.7395935058594
2023-07-14,339.55563567406386,343.3068725083686,336.35145234816736,337.25994873046875
2023-07-17,337.689785296776,338.9695029653532,334.29024270759476,337.7386474609375
2023-07-18,337.83628312548785,358.3020452926389,334.2609086018875,351.1805419921875
2023-07-19,353.38833709875524,354.0819174710134,344.29353528638507,346.87249755859375
2023-07-20,345.3974402048797,349.6957307761419,337.3869665581141,338.852294921875
2023-07-21,341.07962426148026,342.20303681474576,331.9750427010371,335.823974609375
2023-07-24,337.85591126570966,338.90118607619127,334.3977276840243,337.13299560546875
2023-07-25,339.0867675369492,343.75630961701245,337.09394225294653,342.8673400878906
2023-07-26,333.547829841797,336.70318113968654,325.4103558990967,329.962646484375
2023-07-27,332.61003601882766,333.4403649695194,321.444210409782,323.07562255859375
2023-07-28,325.9573926830905,332.1508430764587,325.4689499409115,330.5487365722656
2023-07-31,329.1322504149572,329.89421985375384,325.654510875741,328.1553649902344
2023-08-01,327.44229185029457,330.7148646247149,325.98674182307207,328.5657043457031
2023-08-02,325.9183364890345,325.9183364890345,318.8163593371292,319.9300231933594
2023-08-03,318.46468799733185,322.25500868577666,318.415855644904,319.10943603515625
2023-08-04,324.2088199611453,327.3934767757319,319.6760561560359,320.2035827636719
2023-08-07,320.7799343289393,323.4565914550908,319.94957556864017,322.4797058105469
2023-08-08,319.402549913974,321.15118371797996,315.53409077082136,318.5135803222656
2023-08-09,318.92384579160165,319.5490370786911,313.629112676302,314.7818603515625
2023-08-10,318.4842099187915,320.6724537793776,313.75608752866935,315.46563720703125
2023-08-11,312.8574236161069,314.95772190728826,311.83167574447026,313.590087890625
2023-08-14,313.9612774318456,316.56954529016974,312.6815298680751,316.5500183105469
2023-08-15,315.5339822625221,317.5756691585243,313.48251697268347,314.4203186035156
2023-08-16,314.04837487104845,317.59221281010525,313.06942104679297,313.65679931640625
2023-08-17,313.79385086017476,315.0958462335388,309.55496429159837,310.21087646484375
2023-08-18,307.8711973932979,311.679342341884,304.99307058455463,309.8193359375
2023-08-21,311.2388327068857,315.97696640050947,310.36757919700125,315.105712890625
2023-08-22,318.6494900944686,319.2172702035748,314.69450802744353,315.6734619140625
2023-08-23,317.00485374224843,322.2716304158125,316.65241480901244,320.117919921875
2023-08-24,325.84483270814246,325.97210150343915,313.2261017791745,313.23590087890625
2023-08-25,314.70429575926823,318.5124107055097,312.0904758312742,316.1825256347656
2023-08-28,318.8061314202153,319.2858092722639,314.949050654982,316.88739013671875
2023-08-29,315.1056626837717,322.0562408320529,315.1056626837717,321.49822998046875
2023-08-30,321.75276957784916,322.86876141280084,319.57949087262745,321.8702392578125
2023-08-31,322.2716344766663,323.94563727355137,319.9025529034829,320.8619384765625
2023-09-01,324.33717196139406,325.00285335659055,319.9025125671937,321.7429504394531
2023-09-05,322.07577133856296,327.80265653043256,321.74293066142496,326.5299987792969
2023-09-06,326.36359184407087,327.42084870322736,323.2309280293988,325.8741149902344
2023-09-07,324.3176359252016,326.0699418421109,322.1051906191248,322.9666748046875
2023-09-08,323.1428437260037,329.08510023164433,322.52609807587226,327.23486328125
2023-09-11,330.1423875895978,331.29757584054045,328.37048350695864,330.8276672363281
2023-09-12,328.75228709732,329.7018735211136,324.50363099894156,324.7875061035156
2023-09-13,324.33721264984047,329.76062559468676,324.2001746396606,328.98724365234375
2023-09-14,332.01216654665086,333.68616913545833,329.4864789543326,331.5716552734375
2023-09-15,329.829144347891,330.29902307578516,322.71213073688756,323.2701416015625
2023-09-18,320.90106058890035,323.4463465779978,319.4913646526402,322.1345520019531
2023-09-19,319.30542861366945,322.4576615829364,317.68036144314755,321.73321533203125
2023-09-20,322.5750893265996,322.65339248865484,313.76450476801705,314.0190124511719
2023-09-21,312.54080796824985,318.50263318201627,308.37045511046944,312.80511474609375
2023-09-22,314.5573920637111,314.68466081747965,309.4961885790443,310.3381042480469
2023-09-25,309.92700700519936,310.98429393163934,308.3704739123921,310.8570251464844
2023-09-26,308.4977720645104,309.23198754848005,303.4953016985724,305.5707092285156
2023-09-27,305.7272625333357,307.6851701509051,303.1722074325514,306.20697021484375
2023-09-28,304.4448112128742,308.8403337798226,302.93724397750015,307.0390625
2023-09-29,311.06246013143004,312.746261267987,308.3507698178822,309.10455322265625
2023-10-02,309.62346914878606,315.1154148364271,308.5466141242197,315.02728271484375
2023-10-03,314.0776994982749,314.62594105043695,304.66016977210535,306.7943115234375
2023-10-04,307.420865686593,313.3043876816742,307.3914982671209,312.2471008300781
2023-10-05,312.3743955953389,313.2456789043345,308.2725763744339,312.6387023925781
2023-10-06,309.8878786442796,322.2618716200706,309.64314014278347,320.37249755859375
2023-10-09,317.9152672966711,323.3484492911128,316.37830256029935,322.8785705566406
2023-10-10,323.99452613848536,324.131594004222,320.7737897972471,321.4786376953125
2023-10-11,324.2393029495446,325.8154342155564,322.21289114367397,325.4238586425781
2023-10-12,323.6127589882386,326.6083551720829,321.8016885159057,324.1903381347656
2023-10-13,325.38474129276136,326.80420669372097,319.4914189840269,320.8326110839844
2023-10-16,324.08262791660326,329.06552880865223,323.6421166530187,325.6391906738281
2023-10-17,322.65333336134296,326.4418792472216,320.5192215516416,325.07135009765625
2023-10-18,325.49242151534173,328.527185035995,321.39060166853324,323.1625061035156
2023-10-19,325.1595033838665,329.78996567974724,323.9456102144574,324.34698486328125
2023-10-20,324.73856573197526,324.934368448125,318.6005359720502,319.79486083984375
2023-10-23,318.620120705819,325.7273354388913,317.56286365993043,322.38909912109375
2023-10-24,324.3273615041399,324.8560048878325,320.7052505981055,323.5735778808594
2023-10-25,337.7586388732426,338.9138270951405,330.51438652342347,333.5002136230469
2023-10-26,333.3729254857893,334.4399815109655,320.05914822735156,320.9891662597656
2023-10-27,323.47569046023347,329.63331810351394,321.4884154812009,322.8687438964844
2023-10-30,326.39299310170355,332.3058824741977,324.84622935304117,330.2109069824219
2023-10-31,331.71852577091533,331.865362876774,327.64607407506094,330.99407958984375
2023-11-01,332.6387611479277,340.1081843444484,332.5016932588563,338.7865905761719
2023-11-02,339.9318795140481,341.4884123407966,337.51386263532146,340.9891662597656
2023-11-03,342.27167169728,346.9315020236901,340.02005970434163,345.37493896484375
2023-11-06,346.0112331411466,350.01515060483416,345.9133317859224,349.0263977050781
2023-11-07,351.8359771725129,354.83157330344505,350.10323976353783,352.94219970703125
2023-11-08,354.0680317747925,356.2119431597548,352.9618091115113,355.5560607910156
2023-11-09,354.67500901172906,357.11262469595323,352.7758359325908,353.0989074707031
2023-11-10,353.8820570074666,362.3108661279153,353.4709130749397,361.8899230957031
2023-11-13,360.4703657564029,360.715104203908,358.19918579348337,358.9627685546875
2023-11-14,363.2017106346947,364.1219297278,359.61873563127864,362.4772644042969
2023-11-15,364.203659277244,366.0184055463694,360.11312341587404,362.6243591308594
2023-11-16,363.88976551430744,369.17705042836303,363.12463294088235,369.00048828125
2023-11-17,366.4893122703207,367.2348369276998,360.00530734381556,362.8009948730469
2023-11-20,364.1448242296059,371.6490149349355,363.9290160684621,370.24627685546875
2023-11-21,368.5100468166504,369.0495522871196,364.0467481750121,365.9595947265625
2023-11-22,370.79557261305655,372.55146479135436,367.8233235855797,370.6484375
2023-11-24,370.1384111547305,370.76622769070315,367.9901781565456,370.23651123046875
2023-11-27,369.59884307126106,373.3852898149662,369.02991062580026,371.3939514160156
2023-11-28,371.1389683050371,375.7003371685908,370.95258715281994,375.40606689453125
2023-11-29,376.4458788431164,376.9755653604363,370.2463253437472,371.62945556640625
2023-11-30,371.2762546529022,372.8457658390955,368.313824366715,371.6882629394531
2023-12-01,369.57924804408185,370.95255911244834,364.23310896058763,367.37213134765625
2023-12-04,362.0652461744231,362.47722453595185,355.9834013927852,362.1044921875
2023-12-05,359.4658162783121,365.9694295071658,358.65161854114,365.42010498046875
2023-12-06,366.42064545969674,367.0484320232483,361.0156519151652,361.7709655761719
2023-12-07,361.21181439248187,364.3704447283438,359.3382140130918,363.8799743652344
2023-12-08,362.16337240300305,367.3231008977417,361.2118585847211,367.0975036621094
2023-12-11,361.4570668899954,364.51759731266617,359.12242306000167,364.2232971191406
2023-12-12,363.7818787799653,367.28384440026525,363.3992975227853,367.2445983886719
2023-12-13,368.8533485777596,370.4424978188213,363.70340938140794,367.23480224609375
2023-12-14,366.19506808252584,366.6365034897464,357.1900372371434,358.9557189941406
2023-12-15,359.858129570657,365.30233890168853,359.29898614385536,363.6641845703125
2023-12-18,362.4085843593443,365.89091216563435,361.65324079721444,365.5475769042969
2023-12-19,364.40968123442,366.1459655761719,362.79113493260104,366.1459655761719
2023-12-20,367.852799906723,368.8631677330293,363.46799333439736,363.5562744140625
2023-12-21,365.45929104730993,367.2740374598463,362.98733108269056,366.4206237792969
2023-12-22,366.55792471126443,368.02933580590116,365.606411005962,367.4407653808594
2023-12-26,367.8527728468658,369.7558002532684,366.38136175547834,367.5192565917969
2023-12-27,366.5677589576593,367.9116430236214,365.70452628978785,366.9405212402344
2023-12-28,368.2157224809446,369.2849443001597,367.0287925621367,368.12744140625
2023-12-29,368.83370931155366,369.9716041347207,366.3617494835299,368.8729553222656
2024-01-02,366.73451711634624,368.7356447522221,359.7796503608471,363.801513671875
2024-01-03,361.97695939537715,366.1459576250118,361.48648901542015,363.5366516113281
2024-01-04,363.6053166389914,365.9889954484458,360.1720240549271,360.9273376464844
2024-01-05,361.93771572916546,364.96881910463645,359.5147908390338,360.740966796875
2024-01-08,362.26142084093584,368.04899543580075,361.9769695664422,367.5487060546875
2024-01-09,364.91979160608497,368.8239167777909,364.1154129764403,368.62774658203125
2024-01-10,369.1966857666869,376.84804200266086,369.1476507008414,375.4747009277344
2024-01-11,378.6431088178606,383.23390409247884,373.1302268937335,377.2992248535156
2024-01-12,378.14291678732616,381.2721208089887,377.3189299826169,381.0661315917969
2024-01-16,386.15716028479716,386.52010359232963,380.2322694497991,382.8317565917969
2024-01-17,380.58537452394654,382.6747530191384,377.475779406989,382.0469665527344
2024-01-18,384.2541120354354,386.48083676243556,382.68460084723523,386.3631286621094
2024-01-19,388.21717473718036,391.07171630859375,386.00023875466667,391.07171630859375
2024-01-22,392.39593223013395,392.9845027036078,386.0884900033909,388.9528503417969
2024-01-23,388.2073142541726,391.7681340805433,386.4219948473302,391.2972717285156
2024-01-24,393.88696340305137,397.89900754206303,392.8177415608544,394.88751220703125
2024-01-25,396.613997943498,399.25273113363767,394.858105500646,397.15350341796875
2024-01-26,396.66300059602537,398.4287118822507,394.75997317345707,396.23138427734375
2024-01-29,398.3208248033987,402.16612596865383,396.6237864171102,401.91107177734375
2024-01-30,404.4026783420674,405.17760004808207,398.70341448382425,400.8026123046875
2024-01-31,399.20363992935813,407.4043201802484,389.639467600293,390.0024108886719
2024-02-01,394.1714429462631,400.2238610760148,394.1420159186215,396.08428955078125
2024-02-02,396.11370188933375,404.7852149654356,395.86846668943514,403.3824768066406
2024-02-05,402.087638647816,403.3236336682533,396.29027477301287,397.91864013671875
2024-02-06,398.1442695260025,400.1944322717671,395.23087405866585,397.7616882324219
2024-02-07,399.67450426882596,406.4037434899342,399.63525825649936,406.15850830078125
2024-02-08,406.158553169539,407.63978345515557,404.66753383171147,406.2174072265625
2024-02-09,407.3356632361391,412.79951062359436,407.17870911735395,412.5346374511719
2024-02-12,412.54443290280494,412.72099505038886,406.84516963028506,407.345458984375
2024-02-13,397.2221636270064,402.2543946406928,395.70171738557195,398.57586669921875
2024-02-14,401.03269733042293,402.772162264522,397.5930560545051,402.4281921386719
2024-02-15,401.10153638347543,402.07445398469247,397.31792461353893,399.54876708984375
2024-02-16,400.92465682975353,401.2489827226472,396.48261574205486,397.0919189453125
2024-02-20,396.2860326967427,397.51447618664315,391.1462443294289,395.84381103515625
2024-02-21,393.2690069492409,395.35244235543763,390.3698682526408,395.24432373046875
2024-02-22,403.1161508977741,405.7106076981084,401.52409308986324,404.55096435546875
2024-02-23,408.5017417603321,408.68843759900807,401.91727194539897,403.2636413574219
2024-02-26,404.36425308702184,405.05219339501383,400.33495269298504,400.5118713378906
2024-02-27,400.9540653434054,401.2783911773055,396.8854766342273,400.452880859375
2024-02-28,401.1408405413653,402.24152110085487,398.33017625490425,400.68878173828125
2024-02-29,401.59296996753153,407.05708472019194,398.91987548490425,406.5067443847656
2024-03-01,404.17753137688453,408.6982091819838,403.79427262351686,408.3345947265625
2024-03-04,406.3101300793095,410.1527047870807,405.2094495475142,407.7646179199219
2024-03-05,406.8211614689715,407.1061687535314,393.7308905561475,395.7062072753906
2024-03-06,396.02071283324057,398.17294829822555,391.5197089331465,395.1558837890625
2024-03-07,399.11641162004844,402.713298120837,395.3033178435415,402.0843505859375
2024-03-08,400.92464441897226,403.3422428484954,397.35723965535834,399.21466064453125
2024-03-11,396.7971025481086,398.68397503984977,394.34021545583295,397.5439758300781
2024-03-12,400.59053286353617,408.40344602882556,399.7748595225906,408.1184387207031
2024-03-13,410.88979275530687,410.96839994406946,404.3544792559954,407.9415283203125
2024-03-14,412.99286375239626,420.4421618629372,410.7816654727546,417.8869934082031
2024-03-15,412.0592095701896,415.31212509375916,405.67130428358104,409.23870849609375
2024-03-18,407.10616562272253,413.4744273628243,406.6442696787311,410.12322998046875
2024-03-19,410.62442124737834,414.39822603826195,408.38374152289526,414.1427001953125
2024-03-20,414.7225113763612,418.61421185332546,413.4056235884817,417.8968200683594
2024-03-21,422.4174518440492,423.3903994195494,419.79351351352574,421.96539306640625
2024-03-22,422.2897491598315,422.446963535343,418.7223444405752,421.3462829589844
2024-03-25,417.9066492539799,420.03924040543956,414.3392444656493,415.56768798828125
2024-03-26,418.2702713092194,418.6437229454669,414.0837561023913,414.3785705566406
2024-03-27,417.1204243635022,417.13026150811925,411.78407332169564,414.1623229980469
2024-03-28,413.70042062857715,414.5947310272611,411.89215553357553,413.4645690917969
2024-04-01,416.6388658317179,420.5109217375922,414.93868940887074,417.2481689453125
2024-04-02,412.8650995128624,415.0959720756304,410.6342569413904,414.17218017578125
2024-04-03,412.49166464341647,415.96078773337547,411.8626872035861,413.1992492675781
2024-04-04,417.66095627375125,421.27751676074166,410.3689323931849,410.673583984375
2024-04-05,412.76683489834704,419.1547408159618,411.10597696046364,418.1817932128906
2024-04-08,417.83783679739304,419.91143485729225,416.0000602813901,417.267822265625
2024-04-09,419.0859553029516,420.3635245342137,414.34907001434647,418.9287109375
2024-04-10,414.90923013212864,416.7174952724338,412.4621804028437,415.9607849121094
2024-04-11,418.4766338120234,421.96540116941117,415.07628079166767,420.55023193359375
2024-04-12,416.7371538463039,417.84767154999884,412.5309645735886,414.6242370605469
2024-04-15,419.2432392766727,419.45944655068297,406.30034426550657,406.5067443847656
2024-04-16,407.42067380289205,411.1846115754289,406.59516335126955,407.43048095703125
2024-04-17,410.054469901942,411.65636514019064,403.2537929988289,404.7377624511719
2024-04-18,403.54861503604855,404.78689570186344,396.98382006074763,397.29827880859375
2024-04-19,397.0623898394721,398.4873961854359,390.9103356715456,392.237060546875
2024-04-22,393.18052011404563,395.9027700554988,388.9252051027742,394.04534912109375
2024-04-23,397.26879155025864,401.16052215978465,396.10914808184776,400.5413818359375
2024-04-24,402.4969925599919,405.3568121940371,399.7649358292137,402.005615234375
2024-04-25,387.23483657897395,392.9937947660836,381.338308328151,392.158447265625
2024-04-26,405.0620486762338,405.8777219430486,398.7625869715763,399.31292724609375
2024-04-29,398.261343947103,399.31289867869236,392.3058528379069,395.3130798339844
2024-04-30,394.5661760291184,395.2246348761621,382.4586608840312,382.6158752441406
2024-05-01,385.8393757796091,394.7922882562086,383.57905157123434,388.12921142578125
2024-05-02,390.8022983361386,393.0331410549717,387.84419663220166,390.97918701171875
2024-05-03,395.3425934548566,400.12860445610875,394.92982324925293,399.6470642089844
2024-05-06,401.7109104679271,406.79173660630914,399.36211181463904,406.4084777832031
2024-05-07,407.5090851826696,407.5189223273103,402.0351340682459,402.28082275390625
2024-05-08,401.1310200807253,405.1210019721616,399.6961765499289,403.46014404296875
2024-05-09,403.48959095331,405.6025074897573,402.04494039272004,405.20941162109375
2024-05-10,405.81879129865774,408.2167155386998,404.6984363706866,407.5877380371094
2024-05-13,410.8013229086305,411.13545592488975,403.7353138522874,406.5852966308594
2024-05-14,404.914567151972,410.29023638079735,404.45267125877155,409.37628173828125
2024-05-15,411.433999213995,417.2525598208021,410.81374213755174,416.5338439941406
2024-05-16,415.2736611097877,418.8376756715858,413.84611435268135,414.4761962890625
2024-05-17,416.0021869426872,416.3763121358098,411.5619590644,413.7082214355469
2024-05-20,413.7082502471213,420.1667475860199,413.49165301735496,418.7588806152344
2024-05-21,420.22581467067795,426.27082729608003,418.2764696581723,422.4016418457031
2024-05-22,423.4353640639669,425.719474725285,420.5211715226864,423.85870361328125
2024-05-23,426.2708180980622,426.89107515061806,418.83764844643395,420.3931884765625
2024-05-24,420.58025544710625,424.39037161476875,417.84327052223153,423.5043029785156
2024-05-28,422.98250841239616,424.1540984130066,419.99939161518114,423.6618347167969
2024-05-29,419.1034664398289,424.27223522977,419.1034664398289,422.5296325683594
2024-05-30,417.73500282997145,417.73500282997145,407.8306586642601,408.2540283203125
2024-05-31,410.30183893529215,410.30183893529215,398.25123185259486,408.7069091796875
2024-06-03,409.10070551791864,409.98677424724076,402.5929932498963,407.1217956542969
2024-06-04,406.04859979558495,409.9965640062738,403.34114963612075,409.6322937011719
2024-06-05,411.3453811328119,417.5183569725432,409.8587351784671,417.449462890625
2024-06-06,417.44948005128595,418.7293536763162,414.0725281736093,417.9515686035156
2024-06-07,419.60557647742206,419.6843254469309,416.45507688003147,417.29193115234375
2024-06-10,418.1288206635897,421.45649821147657,417.3313558315188,421.249755859375
2024-06-11,418.89674157876317,426.1231693068597,418.670289453605,425.9853210449219
2024-06-12,428.58444890305617,436.5394165910894,426.54647009815636,434.2356262207031
2024-06-13,434.0289338170149,436.52964196122593,432.57182236972,434.74761962890625
2024-06-14,431.49865916361745,436.2834778568933,429.96279885352675,435.7222900390625
2024-06-17,435.741958721063,443.9627681496181,433.9008973733048,441.4325256347656
2024-06-18,442.7518432687409,443.1752129183503,438.00644366410285,439.4339904785156
2024-06-20,439.3945559147101,439.6210080275433,434.4423844149745,438.8038635253906
2024-06-21,440.45787995794916,443.6083496603445,439.60134591371855,442.82073974609375
2024-06-24,442.8404263927747,445.74479433203504,439.5028940256874,440.743408203125
2024-06-25,441.31445050765626,444.43541589296024,439.8376592622319,443.9726867675781
2024-06-26,442.05283004707155,446.58166237734525,441.2553652071883,445.1639404296875
2024-06-27,445.1836151073107,449.11190006347704,444.7799552473841,445.84326171875
2024-06-28,446.059848949654,448.3341049043701,439.50289267468526,440.0345458984375
2024-07-01,441.71806471797646,450.2932899171113,438.7644825324962,449.6632080078125
2024-07-02,446.1878533998419,452.47896819642483,446.09921948918884,452.17376708984375
2024-07-03,451.10061852531385,453.88681788882053,450.7954174304016,453.64068603515625
2024-07-05,452.4986178155469,461.10340760685847,451.8685359116121,460.32562255859375
2024-07-08,459.33120203742016,460.4634324742541,457.27354357582976,459.0260009765625
2024-07-09,459.77428381745585,460.09916463101644,450.91353744838284,452.4297180175781
2024-07-10,454.0837473649462,459.24266153927346,451.76024698147666,459.0359191894531
2024-07-11,455.81649732303464,457.5886345893225,444.5633265323156,447.66461181640625
2024-07-12,447.3003093014831,449.29889867197954,443.67725577045155,446.5323791503906
2024-07-15,446.28624348851673,450.1849934949163,444.44518211930125,446.93603515625
2024-07-16,447.1919875539024,447.27073651725266,439.7489636336777,442.564697265625
2024-07-17,435.74201993255645,437.96706168336215,432.38477757281146,436.6576232910156
2024-07-18,437.46491051123894,437.7701116080265,427.6787055457858,433.55633544921875
2024-07-19,426.39880643244663,434.31441483454387,425.3158203253179,430.34674072265625
2024-07-22,434.95434740544323,437.72086686190295,432.1189038234256,436.0865478515625
2024-07-23,437.0317279223722,441.4522765923751,436.24411798255437,437.967041015625
2024-07-24,433.6351660700269,434.64922823221025,420.9741263094996,422.26385498046875
2024-07-25,422.1653487650477,423.14987619224735,411.05005574464656,411.92626953125
2024-07-26,411.72938578526725,422.28352110182095,410.8137524352177,418.6899719238281
2024-07-29,424.9022832711689,425.4634710488169,418.12876061583677,420.1273498535156
2024-07-30,421.10209315676275,422.4115014796213,410.90237288373,416.3763732910156
2024-07-31,413.99371123434213,415.25390492046944,405.83197186769144,411.8769836425781
2024-08-01,414.27930323794226,420.8460843318748,406.69843005351635,410.6562194824219
2024-08-02,406.10769576372263,408.5788691410044,398.08380349930894,402.1695861816406
2024-08-05,383.1484957861814,394.8348298232827,379.6140164017355,389.03594970703125
2024-08-06,393.81095153508136,399.39323499306323,392.3341604668248,393.4269714355469
2024-08-07,402.31727423535324,403.73496598996115,391.3200904199489,392.2652282714844
2024-08-08,396.2132187300544,399.58028569311574,393.7519001712231,396.4593505859375
2024-08-09,397.77859311198716,401.73638233312255,396.03599047899144,399.73779296875
2024-08-12,400.7616957993417,402.4354042920839,397.98532149531104,400.51556396484375
2024-08-13,403.25253261450456,408.52961455842444,403.2328528848732,407.6041564941406
2024-08-14,408.3819407203729,411.25677385836923,406.0683254390975,410.4100646972656
2024-08-15,414.0495026891561,415.3415556987604,411.9388323916096,415.2626647949219
2024-08-16,414.8386210132459,415.56847485047064,411.58380640221424,412.73779296875
2024-08-19,413.2210864735919,415.9728775412764,410.75533141999813,415.7558898925781
2024-08-20,415.92353667507666,420.0265262237166,415.86436096713305,418.9810485839844
2024-08-21,418.27090283610073,420.55913050260955,415.943244764668,418.3301086425781
2024-08-22,418.5470440541718,420.94378045645306,408.9306008917766,409.85772705078125
2024-08-23,411.2681797994915,413.51694694228206,406.4451490290269,411.0807800292969
2024-08-26,410.6665739670887,411.564112431912,405.705475929342,407.8260192871094
2024-08-27,407.2046168469379,408.68406980179446,404.6303831532702,408.17120361328125
2024-08-28,409.1969879073614,409.3153393341326,401.7306743732061,404.9756164550781
2024-08-29,409.2561670075729,416.26875999773983,404.97561980648004,407.4610900878906
2024-08-30,409.9071119024553,411.7712070065085,406.48464280287084,411.426025390625
2024-09-03,412.18542969380115,414.1284456363182,401.45446023053216,403.8314514160156
2024-09-04,400.3498254636215,405.6068015782242,398.830912042889,403.2988586425781
2024-09-05,402.0363961545014,407.4413416778363,400.5668158804491,402.7958679199219
2024-09-06,403.4566777506577,405.0248942566708,395.30981392110493,396.197509765625
2024-09-09,401.66155199530795,403.0522412027111,396.641279237834,400.1623840332031
2024-09-10,402.6084639940855,410.627073483588,402.11531302402886,408.5262756347656
2024-09-11,409.8084532189213,418.1821469994098,403.9695325309428,417.24517822265625
2024-09-12,417.51148327493246,421.51586685329676,414.00025068010603,421.15093994140625
2024-09-13,419.9969351521576,425.914746697553,419.6320082561189,424.6917419433594
2024-09-16,424.70160374609685,427.5914610863902,422.3542004104568,425.43145751953125
2024-09-17,434.1997005769437,435.79750485485505,426.3487157034463,429.18927001953125
2024-09-18,429.04132931995406,430.05721907964937,424.5142071811442,424.9087219238281
2024-09-19,435.18597071101885,435.45226137137865,430.91526689777044,432.6807556152344
2024-09-20,431.23097924095856,433.2232985264205,428.2720731202163,429.30767822265625
2024-09-23,428.33121902605126,430.48135010026584,424.4945200082598,427.57177734375
2024-09-24,427.0687217553129,427.4139334394583,420.2632446802758,423.29119873046875
2024-09-25,423.94212038705155,427.18706197372046,422.6994004960537,426.1908874511719
2024-09-26,429.1301061037402,429.3372210826113,423.251754987828,425.4018859863281
2024-09-27,425.60900874647825,425.9345052473445,421.61449786891575,422.1569519042969
2024-09-30,422.3443332995087,424.52408219664926,419.54323948144145,424.40570068359375
2024-10-01,422.58111197910216,422.61069983568314,413.0731460704372,414.9273986816406
2024-10-02,416.7914652693021,417.0281982052677,411.00187763203274,411.4161376953125
2024-10-03,411.90926344701154,413.8029462214933,408.61501874387466,410.8341979980469
2024-10-04,412.5109097932594,414.00023534021534,409.28571331626097,410.36077880859375
2024-10-07,410.30158600641573,411.3963666559109,403.3974727803463,403.9300842285156
2024-10-08,405.27145839926953,409.966265233936,402.57887338489604,409.0292663574219
2024-10-09,410.1635185105957,414.62162263212304,408.6248898614367,411.7416076660156
2024-10-10,409.5421386142519,411.63309377445904,407.49061385739407,410.1437683105469
2024-10-11,410.4397214022164,411.4161507329335,407.58929422530787,410.61724853515625
2024-10-14,412.0473312101826,418.2314633461143,411.80075573680847,413.3985900878906
2024-10-15,416.3969398711013,416.69284850861214,409.57174739931537,413.0040588378906
2024-10-16,409.4829836231505,410.65665522282575,404.85722518493617,410.4199523925781
2024-10-17,416.57447660649984,416.7125733271007,409.89722324961605,411.0117492675781
2024-10-18,411.4260201751563,413.90161766396704,410.5580696214905,412.4320373535156
2024-10-21,410.41992101582053,413.22101465794185,408.08239044719204,413.0434875488281
2024-10-22,412.75752809912296,424.6819160644371,412.3137102440662,421.65399169921875
2024-10-23,424.95801224079617,425.1749998576998,416.7421308498749,418.7837829589844
2024-10-24,419.5038054447286,420.1449258075998,416.61394788419994,418.91204833984375
2024-10-25,420.914242666979,426.5953216047658,420.72684288279277,422.2851867675781
2024-10-28,425.7470788183642,426.02324214447043,420.46048501920137,420.74652099609375
2024-10-29,422.13717684538614,427.2363704730416,419.96730081243857,426.0330810546875
2024-10-30,431.4478786962363,432.4933562372157,426.18103048992214,426.6051330566406
2024-10-31,409.67040499598727,410.459464695632,400.734510831916,400.7838439941406
2024-11-01,403.4073925009318,409.80848287841667,401.9180668422498,404.7487487792969
2024-11-04,404.18650910637746,404.7980415718176,400.01447130701087,402.8648681640625
2024-11-05,402.7760918050739,409.2166418436789,402.4900558335031,405.8237609863281
2024-11-06,406.77066424480597,414.69066771455005,404.8966664565658,414.4243469238281
2024-11-07,415.5092700597973,421.0029789570154,414.12845339700306,419.6024169921875
2024-11-08,419.4939322441371,420.65776126477715,416.0024150826717,416.75201416015625
2024-11-11,416.7323203125478,418.9909603752076,410.3016419524007,412.28411865234375
2024-11-12,412.52079883366196,418.626010434167,411.48519380527927,417.2353210449219
2024-11-13,415.8643777407356,423.44901221052845,412.481339102593,419.3756103515625
2024-11-14,419.17835521776294,422.30494584048273,414.2468451563775,421.04248046875
2024-11-15,414.0692593490907,417.00841966551917,407.97392100075103,409.3152770996094
2024-11-18,409.1871181522339,412.66876311229754,406.45507236642675,410.06494140625
2024-11-19,407.4511618868994,412.2150169012381,405.912533336808,412.06707763671875
2024-11-20,411.1596854793811,411.57394553855335,404.9558378403451,409.798583984375
2024-11-21,414.5818472703372,414.85856338751086,405.47983232208855,408.0295715332031
2024-11-22,406.54717570369087,412.50647998528166,406.2408124943726,412.1111755371094
2024-11-25,413.4749606494442,416.14328803070504,409.9863472135053,413.8801574707031
2024-11-26,414.6707766023476,424.0099980685231,413.93946191933657,422.9722900390625
2024-11-27,420.12608556589345,422.22125646736464,417.07231569319254,418.03094482421875
2024-11-29,415.1649667399431,419.89881842784905,412.90180567999255,418.4954528808594
2024-12-02,416.6276240398858,427.9236142872225,416.3706625649292,425.92730712890625
2024-12-03,424.80061260374794,427.3997836787713,422.72522667678595,426.1446838378906
2024-12-04,427.95320145991604,434.5153692878957,427.5578970490266,432.291748046875
2024-12-05,432.7859365018672,439.4469085884485,431.0564531129943,437.4308166503906
2024-12-06,437.1145294101148,440.8699968788184,436.5907442566123,438.3696594238281
2024-12-09,437.41103647885797,443.0738395996816,435.33565050126293,440.7909240722656
2024-12-10,439.1800467406791,444.34871163189086,436.42274787532307,438.1324462890625
2024-12-11,438.8440482605507,445.07020661100427,438.8440482605507,443.72613525390625
2024-12-12,443.8446618873549,450.81202644259827,443.8446618873549,444.2893981933594
2024-12-13,443.1825720342727,446.13750815775296,440.3560864798084,442.0262756347656
2024-12-16,442.02629379074256,446.87873364714176,440.0596337652838,446.295654296875
2024-12-17,445.72242348242105,449.95224407864544,444.2993034538041,449.1319580078125
2024-12-18,446.0287948744165,447.34318887069384,431.89642797238076,432.2621154785156
2024-12-19,436.4425256398133,437.98423408144293,431.2046739034814,431.9063415527344
2024-12-20,428.03224964237955,438.53762947103075,423.6047919913248,431.4813537597656
2024-12-23,431.619738686297,432.5190736490341,427.755575118412,430.147216796875
2024-12-24,429.55422661934296,434.44620567192754,429.0996280307953,434.1793518066406
2024-12-26,433.9322618472237,435.7704710980457,431.51100346947777,432.9736328125
2024-12-27,429.5048352492743,430.117561657289,421.351556737901,425.4825439453125
2024-12-30,421.0649558192297,422.5374777077036,416.9537232035626,419.849365234375
2024-12-31,421.1044562623139,421.727075036825,415.72823181420273,416.5583801269531
2025-01-02,420.54113855935236,421.0748161119684,409.98635677531166,413.672607421875
2025-01-03,416.1433125624827,419.0587393010629,414.62138898974536,418.38671875
2025-01-06,422.9822197752049,429.2281326887413,420.491774572373,422.833984375
2025-01-07,423.9704889084133,425.6011386030249,415.8666120215368,417.418212890625
2025-01-08,418.4954097350683,421.9642686702226,416.5979364179098,419.58251953125
2025-01-10,419.65166984768115,419.7307186624862,410.1543211903234,414.03826904296875
2025-01-13,410.3717691669062,413.5935589908242,407.456372689251,412.2989196777344
2025-01-14,412.91161749371906,414.81898304783346,405.9047438597477,410.7967224121094
2025-01-15,414.2161960548363,423.13043625280113,413.3662628653434,421.31201171875
2025-01-16,423.6740181923037,424.45473467375496,419.41455019124714,419.602294921875
2025-01-17,429.0007970548674,429.386239236107,423.1502190446997,424.0001220703125
2025-01-21,425.1564304696716,425.84820570918225,420.61035394801814,423.4763488769531
2025-01-22,432.430120920086,442.0262741390286,430.888412499157,440.9688415527344
2025-01-23,436.81806704057095,441.5123788470024,436.3239289556834,441.47283935546875
2025-01-24,439.94105276246916,441.4135747027248,436.225124464603,438.85394287109375
2025-01-27,419.03899970511213,430.09781275609777,418.53496919379126,429.4653015136719
2025-01-28,429.50483681704293,443.1232814648123,426.3225862891417,441.9571228027344
2025-01-29,441.4530954449331,441.6408703345489,435.23682974085557,437.1441955566406
2025-01-30,413.86040812362955,417.90245411076046,408.3161931892364,410.1247253417969
2025-01-31,414.06796458574274,415.7579084081136,410.0456732964256,410.19390869140625
2025-02-03,406.77449861931177,410.5398286087579,403.8689641166184,406.10247802734375
2025-02-04,407.85165597310584,409.06724640338354,404.9362294867339,407.535400390625
2025-02-05,407.5156591589932,408.97828849654115,405.5885086845079,408.44464111328125
2025-02-06,409.14633744300244,413.2971094519946,409.14633744300244,410.94500732421875
2025-02-07,411.5972455590395,413.74178783038474,403.3154869234488,404.9461364746094
2025-02-10,408.85969825647294,410.58918143726896,406.10242964328353,407.3871765136719
2025-02-11,404.83747842325164,407.65404147500567,404.50143797348676,406.6163635253906
2025-02-12,402.435914112503,405.93442005448907,399.6292135248499,404.2444763183594
2025-02-13,402.2283921851393,406.1814967766394,401.5958809737979,405.7268981933594
2025-02-14,403.0091510093491,404.1160155029715,401.1215398904841,403.6416320800781
2025-02-18,403.2166455935164,405.78616946504144,401.7342314553049,404.8374328613281
2025-02-19,403.098050601273,410.6188170610077,402.8707362463259,409.9072570800781
2025-02-20,411.24414537664296,415.2249706128277,408.520936591177,412.0759582519531
2025-02-21,413.27418223243296,413.97725680128366,403.91626425407014,404.2331237792969
2025-02-24,404.5302511196731,405.3818583799858,395.4297788997992,400.0641784667969
2025-02-25,397.19236575081766,398.0043843099881,392.835237956153,394.0235290527344
2025-02-26,394.13250979931917,399.66804717869115,390.40913086553707,395.83575439453125
2025-02-27,397.3607146060961,401.78716793671936,388.3493932994261,388.70587158203125
2025-02-28,388.83463352266693,393.7562160246685,382.8039671137811,393.1224365234375
2025-03-03,394.93461038215554,394.93461038215554,382.39794340981075,384.7052307128906
2025-03-04,379.6648014174362,388.75535997703025,377.2881889484286,384.82403564453125
2025-03-05,385.54695570418704,397.7568509049982,385.02212029604283,397.1131591796875
2025-03-06,390.438848896208,398.23217304119834,388.8544303529959,393.0234375
2025-03-07,388.497925986767,390.9537458547577,381.7839796807534,389.478271484375
2025-03-10,382.08104715568106,382.6355890788174,373.5450301742595,376.4563903808594
2025-03-11,375.30770541349494,382.23950999896846,373.2380702422645,376.74359130859375
2025-03-12,379.2192427611773,381.46711712441265,375.25821149680263,379.5361022949219
2025-03-13,379.4271716632625,381.5661320778761,373.7728082450696,375.0799255371094
2025-03-14,376.0801044136148,386.42831046600287,375.8127456880931,384.7745666503906
2025-03-17,382.9326924641042,388.88412112316473,381.813696346666,384.9132080078125
2025-03-18,383.2990634136601,383.5961286419255,377.38722360904,379.78363037109375
2025-03-19,381.7740797920575,385.8836435250732,380.2589866011294,384.0417785644531
2025-03-20,381.98206039861145,387.97313863322194,379.5460345045817,383.07135009765625
2025-03-21,379.4865916093534,387.92357710345186,379.07067004050685,387.4482727050781
2025-03-24,391.54792412450786,391.54792412450786,386.012386704804,389.2505187988281
2025-03-25,390.082331804945,392.49853282327706,388.8148031404558,391.31024169921875
2025-03-26,391.1518020411883,391.4587795188397,384.784452111458,386.1708068847656
2025-03-27,386.3292434732889,388.4186727261189,383.62582905803845,386.77484130859375
2025-03-28,384.2992410074857,385.339029849346,373.2578723723651,375.1096496582031
2025-03-31,368.9106086577597,373.396474789069,363.6622247634287,371.73284912109375
2025-04-01,371.0001216668068,379.12024865476684,369.5939723514052,378.4666748046875
2025-04-02,374.2877261088344,381.32844426453147,372.95087209109226,378.4171142578125
2025-04-03,371.13872318254886,373.80251903809335,365.7517184220645,369.4750671386719
2025-04-04,360.5825648601157,370.94065262193254,355.97787229621173,356.3343505859375
2025-04-07,347.4616469003483,367.3856281525139,341.43098078163547,354.3736267089844
2025-04-08,364.6723167446661,370.0097901278565,346.83776558065426,351.10577392578125
2025-04-09,350.0957251156184,389.39905670107095,349.66000929830324,386.68572998046875
2025-04-10,378.3379012524662,380.15997201946135,364.21681503291546,377.63482666015625
2025-04-11,376.9317086118959,386.25000705363004,375.1987576222842,384.6656188964844
2025-04-14,389.38915847164185,390.8052198187617,380.46692636349223,384.0318603515625
2025-04-15,384.72502208345617,388.0720978871573,380.4173951184577,381.97210693359375
2025-04-16,376.9614172312142,377.8922316795949,364.41483869971677,367.9896545410156
2025-04-17,370.10883089247193,370.6732850580017,363.31567729138493,364.1969909667969
2025-04-21,359.2853342749941,360.9291658129438,352.20499720618693,355.6213684082031
2025-04-22,359.83984897446516,364.1870645763753,356.3541225187108,363.246337890625
2025-04-23,372.396358924379,376.6841922722663,369.38596664501534,370.7426452636719
2025-04-24,372.0398293104223,384.6656149627633,371.53478821384334,383.52679443359375
2025-04-25,383.2297752805051,388.33950924401097,380.8531625631297,388.03253173828125
2025-04-28,388.1414067328739,388.9138065441973,382.87325863987553,387.3492126464844
2025-04-29,387.48784509297593,391.2508426713115,386.5768248872523,390.201171875
2025-04-30,386.49757125114587,392.79562598704683,380.69467558939255,391.4092712402344
2025-05-01,426.91004003637113,432.7327609318022,420.7605473528486,421.25567626953125
2025-05-02,427.533877248033,435.1588741169636,425.80092616148227,431.0393981933594
2025-05-05,428.6529073554782,435.21832168508354,427.9003017248534,431.9207763671875
2025-05-06,427.9894209087166,433.46554517602334,426.9694566129341,429.0885925292969
2025-05-07,429.61342097536215,433.8517229596541,426.9100064238295,429.1282043457031
2025-05-08,433.66356271096413,439.3476626606329,431.41568853142036,433.9012451171875
2025-05-09,435.7133964534002,436.4461774951318,431.6335394854884,434.4557800292969
2025-05-12,441.5955462250109,444.9921230759706,435.4955548202822,444.8832092285156
2025-05-13,443.41763796979524,446.2794975271711,441.021200788799,444.764404296875
2025-05-14,443.7741186799948,449.4779827199474,443.7741186799948,448.52734375
2025-05-15,447.1979616790238,452.57502540604634,446.860659567107,449.5392761230469
2025-05-16,448.4678177382938,450.7595102326154,445.17414935289,450.67022705078125
2025-05-19,447.3070896149787,455.9480603525366,447.2277066057748,455.2337646484375
2025-05-20,451.9797952414424,454.7080036018212,450.719869916101,454.53936767578125
2025-05-21,450.967885651573,454.1524403651085,448.22974686474834,448.9837341308594
2025-05-22,451.3448676580097,456.6028569421555,450.30316997101943,451.25555419921875
2025-05-23,446.4142434023006,450.0948358464348,445.3527151156796,446.6126403808594
2025-05-27,452.86273735527834,457.29731705224054,452.5055743512772,457.03936767578125
2025-05-28,457.56517641086623,458.8548627693229,453.3091629867606,453.7357482910156
2025-05-29,457.89257129241645,458.0612374989779,451.702028016876,455.0453186035156
2025-05-30,456.07703188956276,458.02149174118404,451.93016282180776,456.7119445800781
2025-06-02,453.5174918780263,458.44807895367734,453.2694729574846,458.3092041015625
2025-06-03,457.8132168786229,460.4620725642075,457.2080349022007,459.30133056640625
2025-06-04,460.3231580440434,461.99976852018625,459.3509128885598,460.1941833496094
2025-06-05,461.2755213187348,465.92835889810493,460.35289815926444,463.9739685058594
2025-06-06,466.3648774509946,469.58912358157227,465.0652606634985,466.652587890625
2025-06-09,465.9779957450024,469.67841894667356,464.90653697170796,469.0038146972656
2025-06-10,467.45614299188406,469.0533703074369,463.2596519580402,467.18829345703125
2025-06-11,466.29544434484353,471.7022694228479,465.9383115986028,468.8748474121094
2025-06-12,471.2557893550323,476.6130223697302,469.7676758011157,475.0752868652344
2025-06-13,472.6348110082228,475.3828499324856,469.0137405811006,471.1962890625
2025-06-16,471.44428961660435,476.8808754060361,471.23596219473825,475.3431701660156
2025-06-17,471.63279762120845,474.9463269378011,470.3232503868908,474.25189208984375
2025-06-18,474.21220825159133,477.1884355000323,470.70025162122124,476.4344482421875
2025-06-20,478.4087168746746,479.6289507141904,473.09117492174096,473.6169738769531
2025-06-23,474.4204952857464,483.8849056071214,468.76568216065505,482.1487731933594
2025-06-24,485.07541514458467,487.9524285572733,482.9424282150726,486.2261962890625
2025-06-25,488.1409520653471,490.64097201284227,485.5119574284625,488.3691101074219
2025-06-26,489.0735074056833,494.09340820956044,488.9048412091741,493.5080871582031
2025-06-27,493.60723706055035,495.34336948151105,489.12306593539506,492.010009765625
2025-06-30,493.1013206195562,496.79184348109624,491.404849352638,493.4683837890625
2025-07-01,492.53583641461546,494.10330273882704,487.08935037246306,488.1508483886719
2025-07-02,486.10716647659297,489.589361899926,484.82741061180644,487.1984558105469
2025-07-03,489.8969147231798,496.1668406146565,489.5298515465148,494.8870544433594
2025-07-07,493.4386683186591,494.7978073262421,491.30571139485903,493.7759704589844
2025-07-08,493.29974399578276,494.2521585292929,490.19454200535324,492.6846618652344
2025-07-09,496.33549554664154,502.76415743455226,495.77993553758444,499.52008056640625
2025-07-10,499.06366987607214,500.4426696344743,493.8056807647675,497.5061340332031
2025-07-11,494.5200302697885,501.02804516196085,493.85532615569343,499.33160400390625
2025-07-14,497.5458219138798,499.9764196247383,497.0597144820079,499.033935546875
2025-07-15,499.03393728805895,504.2720960834484,498.80577924001653,501.811767578125
2025-07-16,501.1768265275145,502.70463167926073,497.9129190668174,501.61334228515625
2025-07-17,501.67285674255714,509.3019216630888,501.61333461976557,507.6451721191406
2025-07-18,510.4030974050004,510.5618634291492,503.40897568442307,506.0082092285156
2025-07-21,502.69469811942383,508.03210080948105,501.54388660874696,506.0181579589844
2025-07-22,506.9208955554117,507.149083853939,501.26605224609375,501.26605224609375
2025-07-23,502.7343595827018,502.77405108780124,496.7323137246232,501.861328125
2025-07-24,504.73836945889843,509.59953458867506,503.28001689239056,506.8316650390625
2025-07-25,508.4089964805577,514.1828842249572,506.3157313206406,509.63922119140625
2025-07-28,510.0063088656235,510.91900158393673,506.07766717141,508.4388122558594
2025-07-29,511.4448055642593,513.5182098314434,507.50623361872493,508.50823974609375
2025-07-30,511.0876726596135,511.8615208479224,505.40309770511885,509.1729736328125
2025-07-31,550.8301860551579,551.0484742016899,527.6851029610986,529.2723999023438
2025-08-01,530.7605061500977,531.5541546097426,516.7325410439772,519.956787109375
2025-08-04,524.0838536533402,533.9847498429226,523.9449485218581,531.3954467773438
2025-08-05,532.9232605080902,533.0423047576313,523.0620248277625,523.5679931640625
2025-08-06,526.6930670104376,527.486715540996,519.8775111011839,520.7802734375
2025-08-07,522.6255013664995,523.9053178574718,513.4488005319126,516.7127685546875
2025-08-08,518.4587582353118,520.502431840537,515.2940341981842,517.9031982421875
2025-08-11,518.161083532538,523.4092023083725,515.6015114818953,517.6353149414062
2025-08-12,519.5996565820958,526.7723446368122,518.5579891899393,525.046142578125
2025-08-13,527.8934364066101,528.4787877679453,515.2544004746543,516.454833984375
2025-08-14,518.4191046945965,521.7822560401938,516.0182983192124,518.3397216796875
2025-08-15,518.6274679925785,521.9310366989816,514.9667059909838,516.0480346679688
2025-08-18,517.4568516493948,518.6770855269226,509.94683045407294,513.0023803710938
2025-08-19,510.9189744125155,511.0776798784135,504.5200741760794,505.73040771484375
2025-08-20,505.829663283555,506.9507137373093,500.4426991689255,501.7125549316406
2025-08-21,500.5200628741361,504.435269171935,499.5561662916726,501.06658935546875
2025-08-22,501.0765850227361,507.5158151187978,499.2481684011306,504.037841796875
2025-08-25,503.44159720621536,504.9917771303553,500.9473838488724,501.0865173339844
2025-08-26,501.1858695359189,501.801993130018,495.3727099158942,498.8804931640625
2025-08-27,498.8407434548062,504.09746017877256,496.75395340313815,503.5509033203125
2025-08-28,503.8987080370186,507.8735346885091,502.3187180821136,506.43267822265625
2025-08-29,505.4588240002719,506.39291066950057,501.3150539612025,503.501220703125
2025-09-02,497.32034095368414,502.81553721257154,493.68337117589067,501.9410705566406
2025-09-03,500.6194673133705,504.5942937991858,499.1587173668126,502.1696472167969
2025-09-04,501.1262461318779,504.95202275876863,499.983489561643,504.7731628417969
2025-09-05,505.86625611105876,508.7479993566889,489.27134277765646,491.8847961425781
2025-09-08,494.97517595073856,498.04575600626316,491.91457299081776,495.06463623046875
2025-09-09,498.27429847652155,499.0891451753406,494.5677922273047,495.2733154296875
2025-09-10,499.81456783685906,500.06299449245154,493.5939546766565,497.2209777832031
2025-09-11,499.08915061774627,500.00337405269875,494.7466575341409,497.8569641113281
2025-09-12,503.4614629424367,509.32432605160386,500.67909648146514,506.6910095214844
2025-09-15,505.58800862213144,512.2259313574772,503.80926524972944,512.1166381835938
2025-09-16,513.6270820344445,513.9748550906477,505.3991924428879,505.83642578125
2025-09-17,507.4064717390096,508.07226852063866,502.74598524416496,506.81024169921875
2025-09-18,508.270998935228,509.84107240669834,504.4651158521554,505.2501525878906
2025-09-19,507.34685812925306,516.0318444319288,507.09843147001845,514.6704711914062
2025-09-22,512.3452424901319,514.48167541423,509.3143886623668,511.21240234375
2025-09-23,510.5664850795932,511.35155218118825,504.1173383670773,506.0252685546875
2025-09-24,507.16798604562155,509.2547456727144,503.72976965544393,506.9394226074219
2025-09-25,505.10107733704126,506.8003375404676,501.8616142840625,503.8390808105469
2025-09-26,506.8499667801191,510.7055530942258,503.4316137794998,508.24114990234375
2025-09-29,508.28092297827857,513.5972289973041,505.67741655332713,511.36138916015625
2025-09-30,510.0099885223437,514.8990082310244,506.45253207823936,514.6903686523438
2025-10-01,511.56013673304216,517.2342231556227,508.4697238165545,516.4392700195312
2025-10-02,514.3822683481345,518.3173074331339,507.46604898963056,512.4942016601562
2025-10-03,513.8456285403139,517.2143082734997,511.75886906280147,514.0940551757812
2025-10-06,515.3461902238155,527.6880704621805,514.9387971845453,525.2435302734375
2025-10-07,524.9652461341774,526.4657528279373,518.1583800775612,520.682373046875
2025-10-08,519.9868090400763,523.6336952116123,519.7980023635643,521.546875
2025-10-09,519.0527457511332,521.0302122328587,514.1438325922749,519.1123657226562
2025-10-10,516.3697201998212,520.2849266906686,506.42270727517143,507.74432373046875
2025-10-13,513.1600441163425,513.1600441163425,508.45983088995337,510.8149108886719
2025-10-14,507.0188839999062,512.0371200755203,502.8154945413961,510.3378601074219
2025-10-15,511.71919177145384,513.93513816427,506.7903850161382,510.19879150390625
2025-10-16,509.3541552294708,513.597241245564,504.93214864922606,508.3902282714844
2025-10-17,505.8364332653001,512.235876086287,504.1173098719632,510.3478698730469
2025-10-20,511.37132460679527,515.4356111738924,510.19875812962454,513.53759765625
2025-10-21,514.2431942660954,515.4257076122852,509.81124074780416,514.4021606445312
2025-10-22,517.870184130928,521.9244631183706,514.4518312300626,517.2639770507812
2025-10-23,519.1720024577996,520.6526156742948,515.3461954332505,517.283935546875
2025-10-24,519.499850577073,522.0437370421222,517.4329845218087,520.314697265625
2025-10-27,528.4333612309177,531.2157277722118,525.6807743511338,528.1749877929688
2025-10-28,546.5385938392855,550.2351530342114,537.3667019364588,538.6585083007812
2025-10-29,541.5104645203966,542.8321112501552,533.3521116884923,538.1417846679688
2025-10-30,527.1414377363435,531.6031704966998,518.8340654321457,522.451171875
2025-10-31,525.5515477587454,525.9887810857076,511.85824179468614,514.5512084960938
2025-11-03,516.5385956979154,521.6562086548496,511.3514766558802,513.776123046875
2025-11-04,508.53933673798264,512.3054631947169,504.64399323613884,511.0931701660156
2025-11-05,510.0695738143288,511.58997398954807,503.39186440425516,503.9682312011719
2025-11-06,502.47768369906356,502.51744045426454,492.6896676102462,493.9715576171875
2025-11-07,493.8225155697467,496.2372153715257,490.1457889557352,493.6933288574219
2025-11-10,496.8930687697553,503.66020845333964,495.66085193460816,502.8155517578125
2025-11-11,501.6230817360039,506.39289163210333,499.18851875070465,505.4786682128906
2025-11-12,506.1543908722183,508.4498810705414,495.9788447581273,507.9232177734375
2025-11-13,507.098398329558,510.26832472026865,498.1351759673349,500.1225891113281
2025-11-14,495.0944921195485,508.3803456334317,494.30945534799014,506.9692687988281
2025-11-17,505.2501533046029,508.8970396915909,501.73242330739504,504.2961730957031
2025-11-18,492.2524466910109,499.8145698875434,483.71651040889276,490.6824035644531
2025-11-19,487.0156390818261,492.0736023312663,479.79137227085766,484.05438232421875
2025-11-20,490.5255566668064,491.3817596467919,473.39186588492817,476.3088684082031
2025-11-21,476.3785437287191,476.796695003642,466.19388806310616,470.0268249511719
2025-11-24,472.8940955697233,474.7856658755464,465.9450303435204,471.8985290527344
2025-11-25,471.9681767111092,477.0256407210385,462.82888433135173,474.8752136230469
2025-11-26,484.1539100429923,486.14504291080743,479.06658014921754,483.3475036621094
2025-11-28,485.4382224868377,490.44592067381114,484.49242217644115,489.82867431640625
2025-12-01,486.27447583839387,487.68816317334665,482.5012705124726,484.5820007324219
2025-12-02,484.56211884124775,491.312058367048,484.16389832530854,487.82757568359375
2025-12-03,474.2082166599713,482.09308589504883,473.0931871020635,475.6119689941406
2025-12-04,477.6329620200481,479.186043226252,474.3774403367437,478.7081604003906
2025-12-05,480.3807061976695,481.2568095233099,476.7568601661199,481.01788330078125
2025-12-08,482.74025101921535,490.11737199051475,482.2325023858298,488.8430480957031
2025-12-09,486.93155551686203,489.93815525049575,486.33420957194573,489.8385925292969
2025-12-10,481.88401246545567,482.10303829287767,472.973680864489,476.4382629394531
2025-12-11,474.51683677020293,483.8751552220924,473.750231167373,481.3265075683594
2025-12-12,477.69270598810584,480.31105063829824,474.22812377070755,476.4084167480469
2025-12-15,477.97146396596463,478.588710310573,470.42505317808707,472.7148742675781
2025-12-16,469.8177748762136,475.7712732838117,468.79234263095657,474.2779235839844
2025-12-17,474.79560024235434,477.8718969329872,472.8940646732686,474.00909423828125
2025-12-18,476.06992080908344,487.4293375934554,475.7712630284666,481.8342590332031
2025-12-19,485.1992432324443,485.68709144559693,480.35083955461556,483.7656555175781
2025-12-22,483.9647726311972,486.5632169440421,480.5499868948874,482.7701110839844
2025-12-23,482.829854335465,485.66719456773416,482.5908977144131,484.6915588378906
2025-12-24,483.5267014178325,486.99128356758627,482.680463867149,485.8563232421875
2025-12-26,484.5521629916047,485.95591540329985,483.8054881161676,485.5477294921875
2025-12-29,482.71034015280554,486.1848877649252,482.0333622504328,484.9404296875
2025-12-30,483.77560983811236,487.5089841188462,483.3475235456682,485.3187561035156
2025-12-31,485.6771523949816,485.97584057107747,481.15727202744546,481.4758605957031
2026-01-02,482.24244872265706,482.5112407273309,468.07552715971417,470.84320068359375
2026-01-05,471.95822796941724,473.95932625248497,467.41844739653146,470.75360107421875
2026-01-06,471.69937935780575,476.617480129593,467.6673473241013,476.3885192871094
2026-01-07,477.63296458601815,487.5288974221053,475.83099176167434,481.3265075683594
2026-01-08,479.10639276886474,480.5201105081445,473.7502403609407,475.9902648925781
2026-01-09,471.9582322108041,477.6927047258898,470.106493184136,477.15509033203125
2026-01-12,474.5566738594685,478.85749783991434,473.57104241242143,475.06439208984375
2026-01-13,472.57548334410274,473.6706125344443,463.88420753037366,468.5832824707031
2026-01-14,464.3919508718589,466.12425727832346,455.14315976714454,457.3433532714844
2026-01-15,462.06232415810086,462.191752665677,453.8787662235596,454.6354064941406
2026-01-16,455.8001987238622,461.13645097900303,454.4562082505655,457.8211975097656
2026-01-20,449.2194951600843,454.77474258752966,447.28809381488645,452.5048522949219
2026-01-21,450.5933708341933,450.6829681667298,436.73507280530305,442.1409912109375
2026-01-22,445.6354487179439,450.8323067932568,442.7284117030413,449.1398620605469
2026-01-23,449.8665935761158,469.01134678020316,448.5325382185013,463.8841857910156
2026-01-26,463.2470104625561,472.14737672642065,459.9516880286902,468.1949768066406
2026-01-27,471.59986874099184,480.72919663912324,471.06225431764057,478.4493408203125
2026-01-28,481.0676409982362,481.59528998521284,475.8807484603396,479.4946594238281
2026-01-29,438.0392806211351,440.5381621786467,419.1533835040837,431.57806396484375
2026-01-30,437.2229285851671,437.65101486434605,424.55932220203715,428.3822937011719
2026-02-02,428.33251789753194,428.8303011436502,420.37795134689077,421.49298095703125
2026-02-03,420.1390072256922,420.178808008447,406.7486263222299,409.3868713378906
2026-02-04,409.17783910585314,417.93881231579195,407.4256323109538,412.35369873046875
2026-02-05,405.6335909812077,406.4897635323938,390.5806313349955,391.9246520996094
2026-02-06,397.4002746193236,400.0086538663787,391.17798428483076,399.3615417480469
2026-02-09,403.0550898097971,413.05058563481117,399.0927243377603,411.76629638671875
2026-02-10,417.75959730190846,421.80159473973595,410.8702943432265,411.437744140625
2026-02-11,414.33481566901673,414.61357304478975,399.2320904458023,402.5771789550781
2026-02-12,403.20440420967,404.3990960787573,396.24540458526855,400.05841064453125
2026-02-13,402.65686886295305,403.7420326637702,396.2852191820681,399.5407409667969
2026-02-17,397.45004705087115,398.7442713079252,392.78083787972264,395.1004943847656
2026-02-18,396.3648548030424,400.77520665339193,394.56288205367116,397.8283386230469
2026-02-19,399.82403795970674,403.55594539020564,395.8127368785549,397.5988464355469
2026-02-20,395.2539159508346,399.2552593187824,394.3059873534157,396.37152099609375
2026-02-23,394.14630950985264,394.50551684604494,382.27203437696886,383.6390686035156
2026-02-24,383.30981969967445,388.5185091169527,380.88504821898124,388.1593017578125
2026-02-25,389.68597856263057,400.60233728073825,389.31678308531696,399.7342224121094
2026-02-26,403.8353349281015,406.6093255926281,397.8782360341113,400.851806640625
2026-02-27,390.03523926255787,395.9624042352165,389.0374004516944,391.8912048339844
2026-03-02,392.01092411942045,400.32293811697235,389.78576315389057,397.6886291503906
2026-03-03,392.2903484387299,405.82103971635513,391.82136299902305,403.0570068359375
2026-03-04,400.4027502952161,410.14166638677375,399.44483360720756,404.32427978515625
2026-03-05,403.54596943015656,410.72040218284053,403.525993165685,409.79241943359375
2026-03-06,408.31564337314285,412.1572983375802,407.6271321747383,408.0761413574219
2026-03-09,404.044890641513,409.3234358422322,402.62794618065146,408.5251770019531
2026-03-10,409.1438479339772,409.31349393117443,402.05918625996463,404.8830871582031
2026-03-11,404.6934855668013,408.1260534422115,400.7220762180728,404.0049743652344
2026-03-12,403.7555185610488,405.2422886286942,400.84181586601125,400.9914855957031
2026-03-13,400.13336309353434,403.9251383935716,393.3979511212616,394.69512939453125
2026-03-16,397.209690545171,399.7641553863696,393.9367805641587,399.08563232421875
2026-03-17,399.4049101655112,403.5259891234105,396.8903674487218,398.5467834472656
2026-03-18,396.271723303423,397.13983817793417,390.1549666521916,390.9432678222656
2026-03-19,389.2569126674818,391.6417315076428,386.2234742615233,388.1792297363281
2026-03-20,385.95408868282834,386.16362631018524,379.29849030352204,381.0447082519531
2026-03-23,383.07032058481127,386.3731646745857,380.85511716508233,382.1722717285156
2026-03-24,381.53362193174286,381.6434000325674,371.04635704379217,371.9344177246094
2026-03-25,376.10542586510894,376.2451074667104,368.831172255135,370.2381286621094
2026-03-26,370.01860155518807,373.9101668945663,364.4007640805619,365.1790771484375
2026-03-27,361.11784971721505,361.6666793192034,355.73951450811694,355.9989318847656
2026-03-30,361.1178525849577,364.5703662773937,355.51000344849933,358.1842041015625
2026-03-31,363.7621155862403,372.09407550142714,362.28533367877645,369.3699951171875
2026-04-01,372.682807332766,373.1817267376728,367.4042619540212,368.57171630859375
2026-04-02,366.41637016886637,372.83249667260446,363.3629859357669,372.6528625488281
2026-04-06,372.682794233078,372.92229624611906,368.70142726638517,372.0741271972656
2026-04-07,369.5396147715723,371.64507045865594,365.7677853538718,371.48541259765625
2026-04-08,384.148004001906,384.167949815935,370.6073237610428,373.52099609375
2026-04-09,371.6949574789129,372.6927962909368,366.2567237727329,372.26373291015625
2026-04-10,372.17393720824543,374.8281921461914,369.23030048358606,370.0684814453125
2026-04-13,372.8025510733858,383.70895264062807,370.2181521550117,383.539306640625
2026-04-14,387.0816509997633,393.83700889302276,385.684652281273,392.2604064941406
2026-04-15,397.1398382929036,413.47445440771634,395.8725939925935,410.3312683105469
2026-04-16,418.95258572248235,419.9105328997013,411.2492993874727,419.35174560546875
2026-04-17,423.9018933176335,430.64726300981,419.78081413338697,421.87628173828125
2026-04-20,420.2398034863272,422.4150847565369,415.40027922801784,417.1664733886719
2026-04-21,419.33177508554746,426.25677891783357,416.2983670043314,423.2433166503906
2026-04-22,425.2689090952171,432.7626880248645,422.7543663498755,431.984375
2026-04-23,418.9825380949446,422.7443793162959,410.5208543154444,414.8514709472656
2026-04-24,416.0688403922519,424.0316048781353,414.9013556123021,423.7023010253906
2026-04-27,421.46715688013995,426.1869149113369,416.1686352924954,423.9018859863281
2026-04-28,423.6524179624475,428.99086152362304,420.9881750222059,428.3222961425781
2026-04-29,423.6623688360089,425.8975483734993,419.38166246548025,423.5426330566406
2026-04-30,409.92216255995794,413.5243765293071,397.1498378648014,406.8987121582031
2026-05-01,411.9078412872606,416.2085240460113,409.5529563541748,413.5443115234375
2026-05-04,410.6505829404435,419.87060358807366,409.91216153093814,412.72607421875
2026-05-05,414.42242364358015,415.8792597859335,407.916495085617,410.4909362792969
2026-05-06,407.11822745622237,417.51572107575487,404.23445872829495,413.0653381347656
2026-05-07,419.2020489501835,427.05506598481406,417.8549909144547,419.8606262207031
2026-05-08,416.48795292910256,417.7252633012779,413.105264767488,414.22283935546875
2026-05-11,406.9885016374445,411.79809190456297,404.6236285818644,411.7681579589844
2026-05-12,413.58422243338293,414.6020070114768,405.76117016707224,406.8887023925781
2026-05-13,402.3286237155428,405.4318878236479,400.1633000811369,404.3342590332031
2026-05-14,403.6058516736889,410.94993067744383,400.013625877668,408.5451354980469
2026-05-15,413.3746572242232,427.24464052002446,412.01761111071977,421.0081481933594
2026-05-18,415.71960624154525,424.2012362508279,414.7117792841577,422.6246643066406
2026-05-19,428.9708919761278,431.7648588737268,415.58987007798993,416.51788330078125
2026-05-20,413.2749005432513,421.18775475321456,410.4110776678385,420.1499938964844
2026-05-21,424.75,426.3399963378906,415.7099914550781,419.0899963378906
2026-05-22,419.5400085449219,424.3999938964844,416.3299865722656,418.57000732421875
2026-05-26,416.42999267578125,419.7699890136719,413.0199890136719,416.0299987792969
2026-05-27,411.010009765625,415.94000244140625,409.5799865722656,412.6700134277344
2026-05-28,412.9800109863281,429.489990234375,412.6700134277344,426.989990234375
2026-05-29,432.54998779296875,450.3299865722656,432.3599853515625,450.239990234375
2026-06-01,464.8399963378906,466.32000732421875,458.2699890136719,460.5199890136719
2026-06-02,446.8800048828125,453.5,440.42999267578125,441.30999755859375
2026-06-03,438.45001220703125,440.3900146484375,424.25,427.3399963378906
2026-06-04,435.80999755859375,436.1499938964844,426.4100036621094,428.04998779296875
2026-06-05,428.3399963378906,429.4700012207031,414.3999938964844,416.6700134277344
2026-06-08,414.1400146484375,417.1600036621094,408.55999755859375,411.739990234375
2026-06-09,409.0299987792969,411.9800109863281,398.4800109863281,403.4100036621094
2026-06-10,398.54998779296875,405.0400085449219,397.1600036621094,397.3599853515625
2026-06-11,395.2099914550781,396.8500061035156,384.0,390.3399963378906
2026-06-12,391.42999267578125,391.739990234375,382.2699890136719,390.739990234375
2026-06-15,396.79998779296875,401.75,392.8500061035156,399.760009765625
2026-06-16,395.7900085449219,396.8399963378906,390.69000244140625,393.8299865722656
2026-06-17,390.25,390.3699951171875,377.32000732421875,378.9100036621094
2026-06-18,377.82000732421875,381.3699951171875,373.2799987792969,379.3999938964844
2026-06-22,375.739990234375,381.6300048828125,367.07000732421875,367.3399963378906
2026-06-23,372.3800048828125,377.2200012207031,370.6700134277344,373.94000244140625
2026-06-24,371.57000732421875,378.8800048828125,364.7799987792969,365.4599914550781
2026-06-25,362.7699890136719,364.2300109863281,349.20001220703125,352.8299865722656
2026-06-26,357.1499938964844,376.6099853515625,355.42999267578125,372.9700012207031
2026-06-29,377.5,380.5,359.8999938964844,368.57000732421875
2026-06-30,371.0299987792969,374.1499938964844,367.45001220703125,373.0199890136719
2026-07-01,380.8299865722656,388.8299865722656,374.8900146484375,384.2799987792969
2026-07-02,384.4800109863281,392.0799865722656,383.70001220703125,390.8299865722656
