date,open,high,low,close
2021-07-02,20.369793862838424,20.434570343264514,20.21781937074688,20.4163818359375
2021-07-06,20.666016614407923,20.770156218101576,20.280102477408526,20.627151489257812
2021-07-07,20.78161883623467,20.8030443612869,20.261916799534852,20.301528930664062
2021-07-08,19.788056528694977,20.063602249461436,19.632843115344528,19.83414649963379
2021-07-09,19.893689311396027,20.011033596944927,19.686157099051567,19.981136322021484
2021-07-12,20.17023553460196,20.461975876319716,20.118165723734343,20.441797256469727
2021-07-13,20.330179245184596,20.390720799183015,20.044667777946696,20.180198669433594
2021-07-14,20.287578671273554,20.347371324645856,19.684664506102898,19.773107528686523
2021-07-15,19.743459705435733,19.778587910474652,18.793494657119066,18.9008731842041
2021-07-16,18.96490214619044,19.09096527868611,18.01070219908961,18.098398208618164
2021-07-19,17.85349355189545,18.976358475530738,17.803913772147467,18.71501350402832
2021-07-20,18.665435297973314,18.77306281313049,18.10138637367849,18.547842025756836
2021-07-21,18.81691214625468,19.459689233832748,18.67739534613808,19.34309196472168
2021-07-22,19.574299353352185,19.81845383790225,19.209559734509735,19.526464462280273
2021-07-23,19.588247101340414,19.63209605947266,19.183646421770963,19.490585327148438
2021-07-26,19.244434884003283,19.374981936997983,18.848802099805674,19.227493286132812
2021-07-27,19.19859503384595,19.55436484344968,18.676401037537744,19.14179229736328
2021-07-28,19.252409967559455,19.57828250324593,18.929527349738116,19.435775756835938
2021-07-29,19.45171630566952,19.784566529734352,19.26137470574474,19.59422492980957
2021-07-30,19.35106731996473,19.562336470219837,19.1966028063269,19.43178939819336
2021-08-02,19.632096019964017,19.892196048997913,19.29426383352367,19.681922912597656
2021-08-03,19.67195614363054,20.152295043077654,19.153748123448008,19.7466983795166
2021-08-04,19.92109911933117,20.247969602176056,19.759656839937854,20.204120635986328
2021-08-05,20.429339555669177,20.661536241718938,20.271883215334118,20.565866470336914
2021-08-06,20.45325366267707,20.49909462866521,20.140334945269064,20.29579734802246
2021-08-09,20.375518990564935,20.43730554179816,20.073563974802937,20.225040435791016
2021-08-10,20.25195008967123,20.35957761344973,19.766627375953473,19.867280960083008
2021-08-11,19.97390996272921,19.979889797414497,19.363024040976125,19.63109588623047
2021-08-12,19.801506528249956,19.95995693048754,19.55236830867384,19.83638572692871
2021-08-13,19.836388472220936,20.1443233694404,19.782573757798062,20.118412017822266
2021-08-16,20.065596914124974,20.217073411230743,19.38594658927901,19.881235122680664
2021-08-17,19.617148941747843,19.70185695099313,19.200590439736775,19.390932083129883
2021-08-18,19.432784446374054,19.566323330393175,18.934507922108054,18.9743709564209
2021-08-19,19.426800578843118,20.42435132672305,18.6973235489856,19.729753494262695
2021-08-20,19.922090443139417,20.79307832111632,19.86429170671667,20.744247436523438
2021-08-23,20.89871172530121,21.921174082435364,20.877784205447764,21.882308959960938
2021-08-24,21.678017210916853,21.88330650113912,21.460768250925426,21.717878341674805
2021-08-25,21.66206982160792,22.392542896960293,21.64712213641012,22.136428833007812
2021-08-26,22.123473040488136,22.262989824998456,21.714886542330508,21.991928100585938
2021-08-27,22.107535969309836,22.643681691661413,22.090594367409157,22.5579776763916
2021-08-30,22.751303423762153,22.963568544992565,22.47326582404602,22.609792709350586
2021-08-31,22.620760614168464,22.620760614168464,22.047642674505877,22.31177520751953
2021-09-01,22.411444728207552,22.622751099548815,22.28386320003959,22.36758804321289
2021-09-02,22.444337387679806,22.51909280352411,22.222067304803737,22.322736740112305
2021-09-03,22.251965457669577,22.910802324236958,22.127374389935948,22.76827049255371
2021-09-07,22.758309804466514,22.824093892750362,22.448326313698814,22.58786964416504
2021-09-08,22.439355044930288,22.53603785625392,21.905107228441466,22.26592445373535
2021-09-09,22.23901840986986,22.464279003542124,22.058610698629803,22.104459762573242
2021-09-10,22.274896532355616,22.551987038677307,22.197152562012025,22.40447235107422
2021-09-13,22.609793787016553,22.88887850668766,21.786495670040438,22.07953453063965
2021-09-14,22.202133951589552,22.336692569612442,22.013753027023114,22.16924285888672
2021-09-15,22.236026531461853,22.293837374254075,21.89414808527263,22.267921447753906
2021-09-16,22.110435843651945,22.20412821528791,21.855272750166648,22.16924285888672
2021-09-17,22.227052672404977,22.247983887075033,21.758590795663608,21.82836151123047
2021-09-20,21.076824957284188,21.362886747600268,20.594409012672557,21.043933868408203
2021-09-21,21.34693855063017,21.354911802354714,20.881467187077302,21.176498413085938
2021-09-22,21.296106638649068,21.888163405452396,21.12666266761119,21.869226455688477
2021-09-23,22.067574601135654,22.461282925863888,21.818392405906536,22.408456802368164
2021-09-24,21.997802477816837,22.076544517927047,21.78948654099759,22.008766174316406
2021-09-27,21.638979428215535,21.72768898320493,21.25524054701434,21.589143753051758
2021-09-28,21.14460514549343,21.34893447038271,20.58344521216512,20.631288528442383
2021-09-29,20.871497126516754,20.948244893055964,20.400043030002205,20.449880599975586
2021-09-30,20.70006335689361,20.997088873720934,20.620325128983062,20.64823341369629
2021-10-01,20.682119903644967,20.790762583446227,20.136908439010178,20.67414665222168
2021-10-04,20.43692580745961,20.47480160606298,19.49103082581489,19.667451858520508
2021-10-05,19.884737541485297,20.58045410102996,19.789050920867343,20.384098052978516
2021-10-06,20.054179759788724,20.65221538373166,20.014309704267788,20.632282257080078
2021-10-07,21.023002332349666,21.252251394930184,20.90339594423825,21.006059646606445
2021-10-08,21.031972742875528,21.136628803152057,20.707038964304342,20.762855529785156
2021-10-11,20.507691986086755,20.994094515339803,20.443900274983907,20.62729835510254
2021-10-12,20.759864289713306,20.988115251158046,20.460846442919173,20.603378295898438
2021-10-13,20.849571259430128,20.921336231312484,20.645241941754325,20.870502471923828
2021-10-14,21.218359995410317,21.68383134051635,21.052902671473788,21.674861907958984
2021-10-15,21.738653534036047,21.85925800191469,21.59113886513245,21.790483474731445
2021-10-18,21.677858693551304,22.21808560723997,21.573200707932173,22.149311065673828
2021-10-19,22.203128841785272,22.305792542429998,21.964912250814812,22.217084884643555
2021-10-20,22.23203574791411,22.359617290338466,21.910092397516213,22.030696868896484
2021-10-21,22.024714435687386,22.63670618326787,22.010760294577082,22.617767333984375
2021-10-22,22.748339913629675,23.054334844956028,22.48719785150225,22.651657104492188
2021-10-25,22.897853833402657,23.278604263396428,22.69551873786427,23.09022331237793
2021-10-26,23.910525487792796,25.176371413393948,23.845737588941468,24.63614273071289
2021-10-27,24.39394484368864,25.00792909100821,24.202571550095367,24.37101936340332
2021-10-28,24.796613798332462,24.86837875777261,24.442775609746818,24.859407424926758
2021-10-29,24.919211901819345,25.624895953536313,24.918215720709906,25.483360290527344
2021-11-01,25.565096437115333,25.809293921603484,25.144476013269458,25.74251365661621
2021-11-02,25.7375260859474,26.59072475298332,25.715596794688107,26.31463050842285
2021-11-03,26.582753200243893,26.696380585852886,26.14917676933632,26.510988235473633
2021-11-04,27.139928992611882,31.26239905171974,27.02929203332066,29.703516006469727
2021-11-05,30.088254873766928,31.297286347184773,29.313796110746594,29.654678344726562
2021-11-08,30.05037569360793,30.998264961741995,29.809166754618374,30.70323371887207
2021-11-09,32.176401244543264,32.20430952982085,29.865983049867186,30.55671501159668
2021-11-10,29.259970949508748,30.74908322904024,28.68386069593988,29.362632751464844
2021-11-11,30.368332333995184,30.489932984419298,29.679592774599925,30.290586471557617
2021-11-12,29.911830378451516,30.579638725096128,29.53307238423617,30.290586471557617
2021-11-15,30.45205912496515,30.543757233968925,29.151327703396426,29.926782608032227
2021-11-16,29.66164877670332,30.29058317308719,29.608820758848818,30.10419464111328
2021-11-17,30.318494131813672,30.409197952977312,28.70578699749506,29.165279388427734
2021-11-18,32.26111820971524,32.65283033546003,31.218538566380822,31.571380615234375
2021-11-19,32.137524780788404,32.97976178244582,31.800631120790957,32.877098083496094
2021-11-22,33.40735781762492,34.533662437419686,31.795648655207987,31.851465225219727
2021-11-23,31.431844462985936,32.25414653332147,30.778986374975506,31.642154693603516
2021-11-24,31.35808076043458,32.74751961280794,30.82682344260041,32.56711196899414
2021-11-26,32.49335785082512,32.602998628839266,31.247448733080454,31.399948120117188
2021-11-29,32.26013201040134,33.30270817410921,31.931209614612694,33.26682662963867
2021-11-30,33.06049435573746,33.24389436052743,31.759764944757165,32.56910705566406
2021-12-01,33.114388375070114,33.184167626613956,31.281177159177126,31.33600425720215
2021-12-02,31.11569943003582,32.37571869369958,30.927293561836475,32.02482604980469
2021-12-03,31.899225278294047,32.027820642535175,30.03511346450326,30.596342086791992
2021-12-06,29.78589864714848,30.145761817550646,27.949700565814876,29.942405700683594
2021-12-07,30.85950333447819,32.34680493925572,30.554465406943,32.32487106323242
2021-12-08,31.898230293439173,32.18831425036044,31.322049493917223,31.72577476501465
2021-12-09,31.634061878266106,32.103581165831095,30.33217500414839,30.393980026245117
2021-12-10,31.051899183722014,31.206411727993792,29.76695906181619,30.10289764404297
2021-12-13,30.1537389247884,30.19859728465225,28.027454948851968,28.07231330871582
2021-12-14,27.611769480974516,28.587686497132797,27.16418406880267,28.247760772705078
2021-12-15,28.310561418103585,30.40394841022342,27.750331012948195,30.36307716369629
2021-12-16,31.053897441434426,31.061871670056004,28.004530741243016,28.297603607177734
2021-12-17,27.896873879142326,28.830923474166912,27.672582039666786,27.71345329284668
2021-12-20,27.219016098484527,28.05537286246123,27.05952009504959,27.631711959838867
2021-12-21,28.284643989318436,29.028294944690636,27.314706725168943,28.983436584472656
2021-12-22,28.800013421604074,29.461921824667396,28.359404087389027,29.307409286499023
2021-12-23,29.66129326312554,29.964336743268632,29.33831421297981,29.546655654907227
2021-12-27,29.566592584176444,30.989098625583328,29.546655113197424,30.847545623779297
2021-12-28,31.213395052745707,31.231338018752773,29.917487766927692,30.226512908935547
2021-12-29,30.177665528495464,30.451799123179573,29.273520345909006,29.90652084350586
2021-12-30,29.73306863749012,30.36108570963226,29.44697370362588,29.492828369140625
2021-12-31,29.580552622443367,29.935432431024672,29.23863236196779,29.31838035583496
2022-01-03,29.72110791823675,30.614286167328913,29.691201708964883,30.02614402770996
2022-01-04,30.18165478340745,30.372053287940535,28.25972677192673,29.197763442993164
2022-01-05,28.857830469478007,29.323360707048195,27.44629140730359,27.517066955566406
2022-01-06,27.552950546238176,28.348437676150166,26.979762580171478,28.089256286621094
2022-01-07,28.05237553867087,28.33249071472493,26.971787872683233,27.161190032958984
2022-01-10,26.497288278632688,27.382492201861595,25.563238883232685,27.313709259033203
2022-01-11,27.23695493896439,27.97661882621992,26.754479886883722,27.729398727416992
2022-01-12,27.97861047249407,28.50494756627951,27.52105632637495,27.910825729370117
2022-01-13,28.289631942753868,28.390313718259936,26.414554846853214,26.491313934326172
2022-01-14,26.21717640732011,27.111352875878474,26.12745967935316,26.857154846191406
2022-01-18,26.177300546732358,26.554110383396345,25.688843914417376,25.82142448425293
2022-01-19,25.996872119985937,26.459409683048193,24.97310593684919,24.98805809020996
2022-01-20,25.224311034871068,25.49844459786639,24.00217033924269,24.073944091796875
2022-01-21,23.432966980379607,24.74482235233926,23.189735951595004,23.300386428833008
2022-01-24,22.25967504955575,23.306367476743638,20.82221696787781,23.29839324951172
2022-01-25,22.474991659756874,22.870742584099933,21.93071173992595,22.253690719604492
2022-01-26,23.166815419200876,23.981242067414527,22.22977501124328,22.700288772583008
2022-01-27,23.493783457519353,23.919438849325257,21.60674309968497,21.874897003173828
2022-01-28,21.94267865750041,22.78601509261585,21.22893388945279,22.7680721282959
2022-01-31,23.108991809594748,24.43181423649078,22.979402057018028,24.408885955810547
2022-02-01,25.02494743549944,25.065818691296247,23.81476962953149,24.560415267944336
2022-02-02,25.712773586139047,25.73569997115753,24.47568045285035,25.162511825561523
2022-02-03,24.380971691687737,24.99802168413806,23.70510749974995,23.872577667236328
2022-02-04,23.89650525040583,24.557417375083098,23.55757585819483,24.242412567138672
2022-02-07,24.29524950581425,25.102698190128145,24.125784779344208,24.650129318237305
2022-02-08,24.28229068862886,25.1505481244359,23.90448448091836,25.028932571411133
2022-02-09,25.541309655752155,26.64083667175982,25.27315770145827,26.620899200439453
2022-02-10,25.913140626547364,26.84021038947603,25.519384054932555,25.742677688598633
2022-02-11,25.83438136347169,26.06963817364422,23.698130807329928,23.87357521057129
2022-02-14,23.85862696314563,24.79666354683214,23.680189818886806,24.19057846069336
2022-02-15,24.870429246985168,26.461403743864466,24.705949858768733,26.411561965942383
2022-02-16,26.176309687449518,26.49829249639972,25.47153534064749,26.427515029907227
2022-02-17,25.549285582156386,25.703798143147747,24.088900885684307,24.42982292175293
2022-02-18,24.590318819110674,24.907318216224986,23.027257619895654,23.567550659179688
2022-02-22,22.9624597952012,23.988218678165815,22.92757016662024,23.316341400146484
2022-02-23,23.727044613283795,24.078933611616357,22.230771994916,22.316499710083008
2022-02-24,20.948817318078245,23.725046427228275,20.82421097780637,23.67321014404297
2022-02-25,23.6462953618656,24.140731680792335,23.307365982681755,24.080921173095703
2022-02-28,23.91644455057124,24.587325461796915,23.632342229680074,24.30820655822754
2022-03-01,24.214504305072836,24.300233919081215,23.059153777179308,23.403066635131836
2022-03-02,23.685225970986814,24.336280413234043,23.34524228336605,24.147842407226562
2022-03-03,24.189712498581102,24.253522895989168,23.39907590712297,23.643346786499023
2022-03-04,23.314331446054602,23.609449084190494,22.415018401859665,22.867666244506836
2022-03-07,22.749018838877227,22.964376798114145,21.2664496692882,21.28838348388672
2022-03-08,21.24551054038405,22.306339565350985,20.58847361397796,21.449899673461914
2022-03-09,22.320299923146024,23.150818288505107,22.18071764381372,22.945432662963867
2022-03-10,22.46387173081111,22.720105999777736,21.816805180949956,22.59049415588379
2022-03-11,22.9534068346535,23.076041459647897,21.980314929450074,22.034154891967773
2022-03-14,21.80384458359265,22.195673358229172,21.095960818464654,21.266450881958008
2022-03-15,21.45388943534592,22.96936124008591,21.258474245006287,22.90455436706543
2022-03-16,23.429986500774472,24.523718332751294,23.10296459283885,24.423019409179688
2022-03-17,24.04813969626861,24.76798684900342,23.834776570421486,24.692214965820312
2022-03-18,24.72511055088306,26.489837248342905,24.550632728393655,26.374181747436523
2022-03-21,26.428027300009337,27.071106099040612,25.88963521663449,26.65435028076172
2022-03-22,26.647373045195117,27.1568522339767,25.994325666723434,26.444978713989258
2022-03-23,26.04816536560368,26.532717544418258,25.498808202763563,25.557632446289062
2022-03-24,26.08804154718275,28.235623263570396,25.829812434294954,28.066129684448242
2022-03-25,27.802917411678866,28.273511278243372,27.189749942659294,27.609495162963867
2022-03-28,27.67330593129394,28.165833619637276,27.124943427788132,28.134925842285156
2022-03-29,28.60950867127436,28.85976031919867,27.896638718914144,28.57062530517578
2022-03-30,28.21967492416321,28.411102336887122,27.421060745065915,27.60750389099121
2022-03-31,27.69922874957192,28.163840001448694,27.188755016987574,27.2047061920166
2022-04-01,27.29344253044728,27.414082328036937,26.188743757490492,26.632417678833008
2022-04-04,26.648369216228314,27.475896299662303,26.533712066907064,27.278486251831055
2022-04-05,27.17280089255996,27.237607768198263,25.743073244909805,25.853742599487305
2022-04-06,24.859712215391237,25.224620987328382,23.931486259303167,24.33428192138672
2022-04-07,24.36818131196346,24.648344247170577,23.40805109513817,24.135875701904297
2022-04-08,23.84574416968649,23.851726811207488,22.993291917921837,23.050121307373047
2022-04-11,22.147819689580633,22.25350288523599,21.595469340905495,21.851703643798828
2022-04-12,22.46985714800616,22.657296773923992,21.218595050115738,21.43993377685547
2022-04-13,21.663265165709976,22.432964462991524,21.39107781519928,22.13684844970703
2022-04-14,22.437946450799743,22.70913730080681,21.09994582726885,21.19466209411621
2022-04-18,21.13684199953331,22.02219506677443,21.016202192088386,21.71810531616211
2022-04-19,21.655286167385736,22.3063404800413,21.25049567770769,22.13186264038086
2022-04-20,22.44991555152109,22.602459598625735,21.136839837783892,21.417999267578125
2022-04-21,21.644320110833693,22.325285752038848,19.940412249254727,20.122867584228516
2022-04-22,20.242508087919838,20.424963414737594,19.44190107394043,19.45685577392578
2022-04-25,19.14479325994293,19.885579752238908,19.039110058157114,19.842708587646484
2022-04-26,19.659252706344454,19.729043844449905,18.614374777282016,18.732023239135742
2022-04-27,18.542587544483734,19.10989247416375,18.23550655747405,18.36013412475586
2022-04-28,18.910490135420694,19.977303851455268,18.43491199008361,19.72306251525879
2022-04-29,19.344191306241132,20.068027989686986,18.461827974802564,18.49173927307129
2022-05-02,18.48575712100829,19.515678320426133,18.33620442904849,19.474802017211914
2022-05-03,19.342200337321106,19.7659352569291,19.07599562451621,19.543598175048828
2022-05-04,19.863643621096067,20.339221777103816,18.695134485364377,20.273418426513672
2022-05-05,19.807807888219486,19.865633741473076,18.444880215286258,18.78785514831543
2022-05-06,18.68017713798414,19.45386415893865,17.93639951654731,18.61935806274414
2022-05-09,17.98027188540069,18.20061223010109,16.776867157808468,16.89950180053711
2022-05-10,17.636297548198513,18.143781837571737,16.974276274336525,17.542577743530273
2022-05-11,17.295314714048374,17.700105173473105,16.518636414884845,16.5804500579834
2022-05-12,16.170675786077656,16.73798070919897,15.520618927510899,16.126806259155273
2022-05-13,16.737981755398717,17.874584618378165,16.54356304480127,17.65324592590332
2022-05-16,17.456833430342392,17.735001491928404,17.055034273977807,17.212562561035156
2022-05-17,18.020150928461515,18.316266948710442,17.581463204511554,18.122844696044922
2022-05-18,17.652250113395763,18.064019738570103,16.813756162184983,16.887535095214844
2022-05-19,16.88653775929863,17.634303190844598,16.684141563200637,17.072980880737305
2022-05-20,17.280363930362633,17.35813066451446,15.708061631405265,16.644264221191406
2022-05-23,16.225514794885957,16.86460579941811,16.13079851441161,16.84765625
2022-05-24,16.46081535470086,16.547556066863233,15.732989600282986,16.10587501525879
2022-05-25,15.972272324867756,17.060021530351076,15.952331454150205,16.924427032470703
2022-05-26,15.988224037593847,18.038098454950646,15.97426580795554,17.79781723022461
2022-05-27,18.131815573979985,18.82474451489988,18.046071370079833,18.754953384399414
2022-05-31,18.923448310065066,19.14279403338094,18.295326242537005,18.61636734008789
2022-06-01,18.66822050215809,18.996238952466662,18.068012725920088,18.265422821044922
2022-06-02,18.23750410498318,19.56055035839236,18.14378428765927,19.53363037109375
2022-06-03,19.025151378896318,19.274406575530012,18.46681836923716,18.664228439331055
2022-06-06,19.081977060607624,19.27938709229923,18.508689459205605,18.73002815246582
2022-06-07,18.416965795176733,18.9433925831492,18.133811531545238,18.869613647460938
2022-06-08,18.74695554636219,19.12690128125382,18.483686480121612,18.59637451171875
2022-06-09,18.42983530392258,18.880583584037574,17.991052933850728,17.99803352355957
2022-06-10,17.551274019304014,17.648005592341615,16.822296926639886,16.9270076751709
2022-06-13,15.955702020878928,16.266838484183843,15.562792805356883,15.603679656982422
2022-06-14,15.68744737975274,16.021519942748558,15.369330314017972,15.792157173156738
2022-06-15,16.050441789659057,16.82130252550863,15.88190997775459,16.481246948242188
2022-06-16,15.816089727372347,15.897863432906357,15.358360878066698,15.557806968688965
2022-06-17,15.604677679322638,15.950717118320277,15.285563915858456,15.83603572845459
2022-06-21,16.429388214877477,16.960911609240924,16.361575686273117,16.5201358795166
2022-06-22,16.181077014713374,16.61587073985761,16.135204840649315,16.314706802368164
2022-06-23,16.473265177528255,16.539082437023865,15.809109627633456,16.18008041381836
2022-06-24,16.454318352824092,17.09254584996885,16.26484385133375,17.078584671020508
2022-06-27,17.264072406028497,17.282022223468143,16.579970759321082,16.822298049926758
2022-06-28,16.853210426478878,17.15437435755345,15.900854507260869,15.937752723693848
2022-06-29,15.770217280899118,15.776200235548698,15.128000214513376,15.498970031738281
2022-06-30,15.318472470620367,15.523902477901675,14.820854376855518,15.117032051086426
2022-07-01,14.857751323588166,15.021296837715987,14.352155016267275,14.482791900634766
2022-07-05,14.135756008662238,14.92955177197515,14.01608834866183,14.922571182250977
2022-07-06,14.968444218161782,15.27658874989287,14.748055399282007,15.088111877441406
2022-07-07,15.413208995404638,15.900854523259023,15.346394102933195,15.814095497131348
2022-07-08,15.387279970974781,15.992599747893234,15.346393120597432,15.794150352478027
2022-07-11,15.483016286395417,15.484013921133512,14.996367398257068,15.110052108764648
2022-07-12,15.225727086961914,15.38827589482835,14.835809855403015,15.040242195129395
2022-07-13,14.549606661502255,15.332433178961859,14.424952733218012,15.122016906738281
2022-07-14,15.066172037556123,15.430161276206992,14.687223985290593,15.32944107055664
2022-07-15,15.615647329390558,15.738305988579,15.40223910380052,15.718361854553223
2022-07-18,16.25686691896844,16.850218938777058,15.957698248928537,16.05642318725586
2022-07-19,16.440356240924725,17.062629156569145,16.127226415976143,16.944955825805664
2022-07-20,16.900084012250357,17.8833544065657,16.754488293525725,17.757701873779297
2022-07-21,17.835486394527994,18.09376823842625,17.49642751736756,18.000028610229492
2022-07-22,17.843459684574043,17.91725420891557,17.089552288201755,17.27104949951172
2022-07-25,16.971876640001085,17.07658735999903,16.602902166703213,16.976863861083984
2022-07-26,16.84224178303558,16.872159411075533,16.43238035984879,16.487228393554688
2022-07-27,16.984842903526864,17.886341221329417,16.866172897497414,17.740745544433594
2022-07-28,17.925233960102176,18.089776144359217,17.391715338129444,17.934207916259766
2022-07-29,17.763681512135797,18.19348797443547,17.643016231379985,18.112712860107422
2022-08-01,18.13166037008038,18.79382347486427,17.940192505913,18.389944076538086
2022-08-02,18.07182959440469,18.885570510659182,18.041911963650172,18.47471046447754
2022-08-03,18.133657657387115,18.915487551007924,18.08678689420816,18.840694427490234
2022-08-04,18.796816360490926,19.220638962108396,18.708062062276774,19.161802291870117
2022-08-05,18.75792468015069,19.17576531807126,18.61432423658541,18.936429977416992
2022-08-08,17.45354536402082,18.188504443935763,17.19426496293747,17.743738174438477
2022-08-09,17.204237068091455,17.398696888442636,16.67769900606931,17.0386962890625
2022-08-10,17.649004232789324,18.067841567146683,17.26905848827763,18.046899795532227
2022-08-11,18.080809964277268,18.65521568397836,17.826514794603714,17.892332077026367
2022-08-12,18.109721945226894,18.666177625548745,17.903294316475968,18.657201766967773
2022-08-15,18.64922796080583,19.110945527296405,18.561472236217575,18.979310989379883
2022-08-16,18.867621402461417,19.089006932991676,18.449780750266285,18.82673454284668
2022-08-17,18.47171611346851,18.636258289146177,18.094762422807918,18.28423500061035
2022-08-18,18.250332132443727,18.812769810722802,18.13265879882492,18.721025466918945
2022-08-19,18.35504444387847,18.468729162588712,17.72080548388627,17.79958724975586
2022-08-22,17.44157616837466,17.509388691765842,16.91902677104241,16.986839294433594
2022-08-23,16.94196640912856,17.4166484395593,16.923018006184385,17.133434295654297
2022-08-24,16.964906278823687,17.357816606863295,16.84823148368268,17.174325942993164
2022-08-25,16.797366467637275,17.897313400062618,16.78639724119501,17.863407135009766
2022-08-26,17.80755957837467,17.874373512103524,16.19204404414736,16.214981079101562
2022-08-29,15.97564621280239,16.292764661951434,15.723346430004725,15.757251739501953
2022-08-30,15.915812157547325,15.994592953755117,15.139966300020541,15.425174713134766
2022-08-31,15.3414069074727,15.496975134961382,14.917583393679934,15.052209854125977
2022-09-01,14.169659947404499,14.340186988303111,13.233260527452883,13.89841365814209
2022-09-02,14.060965520882323,14.131768110243204,13.553373875583253,13.609219551086426
2022-09-06,13.692984371926862,13.740851814141763,13.314036323816168,13.42772102355957
2022-09-07,13.529469898732927,13.803790627120508,13.313006348581766,13.680096626281738
2022-09-08,13.425725497360691,13.973368965250524,13.335948799799713,13.955412864685059
2022-09-09,14.121999969055892,14.438216654464224,14.091077423081934,14.351431846618652
2022-09-12,14.333478488607273,14.51103794829657,14.162900742293347,14.469141960144043
2022-09-13,13.767879095556324,13.887582320478687,13.06661696561573,13.09853744506836
2022-09-14,13.221233728873338,13.2571449823335,12.881077130493788,13.095545768737793
2022-09-15,12.982823422794079,13.200283922132007,12.758379308646864,12.897035598754883
2022-09-16,12.710498889536233,13.179337223190453,12.585807914194328,13.165371894836426
2022-09-19,12.979829980486416,13.42971516771623,12.977835069768854,13.348915100097656
2022-09-20,13.182329079094677,13.44966616014184,13.024719705664902,13.143424987792969
2022-09-21,13.180334501882477,13.996312044305188,13.07758850400222,13.228215217590332
2022-09-22,13.037687792673827,13.116492959222398,12.39727571074283,12.529946327209473
2022-09-23,12.389295442898492,12.579823238873681,12.22669830375946,12.485057830810547
2022-09-26,12.460119453590893,12.627704338358164,12.183803837251507,12.197769165039062
2022-09-27,12.47607929062904,12.70451323216134,12.227695289178223,12.382311820983887
2022-09-28,12.37932021781137,12.791299318139588,12.323458902869692,12.704514503479004
2022-09-29,12.417223851541646,12.469095333793417,11.916465127536608,12.189787864685059
2022-09-30,12.057117275528151,12.601767882452046,12.045146859340639,12.108988761901855
2022-10-03,12.316476553047927,12.646658600455845,12.075074233627726,12.48106861114502
2022-10-04,12.847159012438114,13.187316515119232,12.847159012438114,13.13444709777832
2022-10-05,12.879081259534201,13.288067492068219,12.589798244962582,13.17634391784668
2022-10-06,13.187316594180706,13.62223854641482,13.070605273695971,13.097538948059082
2022-10-07,12.474084749119333,12.638676791416017,11.992279039061453,12.04614543914795
2022-10-10,12.007240867482555,12.094025672565365,11.379796220873162,11.641148567199707
2022-10-11,11.532418070127365,11.81671332375179,11.255105480239216,11.557356834411621
2022-10-12,11.550373264718909,11.705986765590792,11.31695158643632,11.47156810760498
2022-10-13,10.943876148054613,12.048139665363264,10.786266778590695,11.930431365966797
2022-10-14,12.027194519781066,12.081060929547599,11.17630349988581,11.199246406555176
2022-10-17,11.489523129293081,11.918460323463654,11.488526149600807,11.85860824584961
2022-10-18,12.313482956867912,12.461116834509994,11.589277945577948,11.93741512298584
2022-10-19,11.849631206949502,12.3194674213086,11.804742384541735,12.02120590209961
2022-10-20,12.083052622860917,12.737430913529549,12.07507202855851,12.16385269165039
2022-10-21,12.068088566789482,12.467100180494857,11.857610751557178,12.435178756713867
2022-10-24,12.477078338119243,12.678578622776968,12.034175742763328,12.567852973937988
2022-10-25,12.662617544617813,13.26711930987685,12.63269102706923,13.228215217590332
2022-10-26,12.837187753599938,13.354903866900106,12.676585500860284,12.864120483398438
2022-10-27,13.59630304820485,13.803788998303101,13.089558589412318,13.143424987792969
2022-10-28,13.07160504486287,13.815761110569417,13.02871112658398,13.799799919128418
2022-10-31,13.743938035026355,13.803790122164811,13.264127212017728,13.463632583618164
2022-11-01,13.776856684484033,13.890575176364532,13.485578741755033,13.509519577026367
2022-11-02,13.815759886644688,14.174869538553562,13.17833970749939,13.186319351196289
2022-11-03,13.01075449802835,13.74692988442399,12.92396969143258,13.387819290161133
2022-11-04,13.951421470670343,14.193820714796013,13.66313547617811,14.121001243591309
2022-11-07,14.192825541805423,14.376370676305802,13.919503702415724,14.265645027160645
2022-11-08,14.764408236163073,14.854185888099915,14.18085444989022,14.565900802612305
2022-11-09,14.12698780032859,14.175867398651944,13.724984235954823,13.741942405700684
2022-11-10,14.76341034070044,15.734004379130576,14.51103557058689,15.711061477661133
2022-11-11,15.767922381770838,16.348483351245335,15.443726031126113,16.286636352539062
2022-11-14,16.177907561308043,16.499112040814346,15.882638829501316,16.254716873168945
2022-11-15,16.680661045178866,16.955977806854108,16.341501419582265,16.624799728393555
2022-11-16,16.122046243615287,16.321550677943026,15.833760176522755,15.870668411254883
2022-11-17,15.676148882942353,16.225787271704426,15.496593581923413,15.638242721557617
2022-11-18,15.926526078879489,15.962438276776751,15.082617967788815,15.370903968811035
2022-11-21,15.109554936611273,15.438739057119866,15.042720181282743,15.279134750366211
2022-11-22,15.29010813802562,16.01830401963345,15.084617057750513,15.998353004455566
2022-11-23,16.05820026675545,16.486140496528126,16.008324643497133,16.478158950805664
2022-11-25,16.277658047637875,16.44623895293213,16.13201909254946,16.22977638244629
2022-11-28,15.98637975502715,16.31656273871607,15.68612519322037,15.787872314453125
2022-11-29,15.787871978822768,15.89261289133373,15.481631739149844,15.600337028503418
2022-11-30,15.662196453752513,16.892463422668655,15.562418742832724,16.885478973388672
2022-12-01,16.961313400800822,17.22672251600334,16.59812007687738,17.09701156616211
2022-12-02,16.62207070441096,16.895463468352688,16.408544399522622,16.83858871459961
2022-12-05,16.64202269753776,16.95732209492753,16.435480895818028,16.57317543029785
2022-12-06,16.493351572776334,16.53625550550943,15.783927508680161,15.951555252075195
2022-12-07,15.737035703721023,16.15011842604018,15.632267981156838,16.084264755249023
2022-12-08,16.236922259213415,17.140913726572844,15.923617339692608,17.130935668945312
2022-12-09,17.121954302942694,17.54401680190964,16.937365000489294,16.963306427001953
2022-12-12,16.999227301100692,17.499115967644453,16.75975964222129,17.496122360229492
2022-12-13,18.48991872198985,18.748345320787976,17.671736886309308,18.031936645507812
2022-12-14,17.94712099776623,18.211534767204142,17.38137864220524,17.634815216064453
2022-12-15,17.107983556218308,17.281597547820855,16.662973286290804,16.914413452148438
2022-12-16,16.826615244074834,17.0032229060691,16.373621225157496,16.534263610839844
2022-12-19,16.53525994983705,16.57217667143344,16.109206574205285,16.21796417236328
2022-12-20,16.028385941930914,16.27384085919094,15.81685699546008,16.049339294433594
2022-12-21,16.078277218761983,16.59014043707696,16.066302786245483,16.464418411254883
2022-12-22,16.058317929250357,16.102221001275094,14.849005155476785,15.304991722106934
2022-12-23,15.162310836101799,15.304993457460409,14.850005025607482,15.17228889465332
2022-12-27,15.040582308063698,15.06652469064024,14.024838544585242,14.08969497680664
2022-12-28,13.89612425706417,14.230381609035915,13.853219366158653,14.0048828125
2022-12-29,14.370070713593025,14.650446912717559,14.195458504097823,14.570624351501465
2022-12-30,14.302219345783994,14.596565369641379,14.201443443017887,14.581599235534668
2023-01-03,14.818075144951218,14.962754136499147,14.064748866809973,14.283263206481934
2023-01-04,14.534705251277302,14.820070487005857,14.209427782320121,14.716300964355469
2023-01-05,14.458874351118146,14.53171246808561,14.116634353930149,14.233375549316406
2023-01-06,14.44191076025438,14.976722686175162,14.00288666985135,14.826057434082031
2023-01-09,15.250114184790577,16.020401941381497,15.1074306292161,15.593351364135742
2023-01-10,15.472619594978903,15.926610744079499,15.437697345288079,15.87372875213623
2023-01-11,15.804881372380587,15.992464284529852,15.528495081310508,15.965523719787598
2023-01-12,16.064305755567425,16.60011394726638,15.457652972865747,16.474393844604492
2023-01-13,16.24191245912775,16.884485751855593,16.129164009129322,16.861536026000977
2023-01-17,16.861536645437063,17.688699300985697,16.861536645437063,17.662755966186523
2023-01-18,17.627834203643413,17.8333769022018,17.24368747395342,17.338478088378906
2023-01-19,16.998229980422312,17.158874241400532,16.693907773124163,16.72783088684082
2023-01-20,16.973288293899945,17.816416246275402,16.78770171499723,17.799453735351562
2023-01-23,18.023949346098004,19.202332601538465,17.77849636841415,19.150447845458984
2023-01-24,18.78526133289635,19.451781589199925,18.778276881927304,19.2222900390625
2023-01-25,18.871068158440618,19.3270556760891,18.538806268911344,19.28015899658203
2023-01-26,19.65732458647775,20.12129386890338,19.235262010529773,19.758100509643555
2023-01-27,19.418852978689333,20.582268342414245,19.36198013839365,20.31985092163086
2023-01-30,19.905771381530464,20.095348779096263,19.107543848870183,19.119518280029297
2023-01-31,19.12750161644277,19.643355663941833,18.907990025151328,19.493688583374023
2023-02-01,19.647343286751223,21.14501488817615,19.567520729990026,20.896568298339844
2023-02-02,20.953440010374486,21.90033534849852,20.654105914331332,21.66086769104004
2023-02-03,20.953438276075058,21.69678728086083,20.742905669015506,21.0532169342041
2023-02-06,20.759870457178742,21.522176520252494,20.73991434273434,21.04224395751953
2023-02-07,21.33459738007037,22.209653931499272,21.10311135974189,22.123844146728516
2023-02-08,22.337365045310303,22.82727757872674,21.95920561326959,22.15576934814453
2023-02-09,22.55588404014392,22.968965772411735,22.07096142740167,22.287479400634766
2023-02-10,21.641912436236254,22.02905079986804,20.76486152389426,21.217853546142578
2023-02-13,21.49024697725974,21.99911645552033,20.91552384659178,21.73969268798828
2023-02-14,21.530159368940577,22.99789874171555,21.318629492503824,22.920072555541992
2023-02-15,22.499006113761624,22.804327433692144,22.056989406086455,22.713529586791992
2023-02-16,22.083928543019674,22.50000383331045,21.878385888019974,21.95322036743164
2023-02-17,21.583047035533625,21.691804648830416,20.92850117636332,21.340585708618164
2023-02-21,20.953443519073346,21.446347815635267,20.57229043408108,20.609209060668945
2023-02-22,20.661093956622445,21.05721318053683,20.37572680694439,20.707988739013672
2023-02-23,23.388033612605756,23.8350403425162,22.973952761903,23.611536026000977
2023-02-24,23.173513218327404,23.421961761973428,22.896129634254915,23.234376907348633
2023-02-27,23.617520428698207,23.827053916300855,23.401999726272685,23.448894500732422
2023-02-28,23.320186006063462,23.772182763684846,23.154553648538275,23.164531707763672
2023-03-01,23.140580708274207,23.204439895549427,22.45809718193452,22.647676467895508
2023-03-02,22.43814303132255,23.328163685156042,22.382265528634285,23.262310028076172
2023-03-03,23.268301968351416,23.84701609969888,23.078722643374757,23.837038040161133
2023-03-06,23.838034225602097,24.19424120106475,23.434928663312892,23.501781463623047
2023-03-07,23.5516758916116,24.07560049580581,23.193409839893587,23.240314483642578
2023-03-08,23.438905826491442,24.150447084590173,23.37603510396069,24.131484985351562
2023-03-09,24.125499097663184,24.403929057492398,23.33512096029611,23.38801383972168
2023-03-10,23.36106747628327,23.57862150456227,22.679465442665016,22.91797637939453
2023-03-13,22.70541142718648,23.2502929083055,22.251343209013474,22.91897201538086
2023-03-14,23.447890629973315,24.169409811888126,23.411963139447696,24.013729095458984
2023-03-15,23.712347660414334,24.23627231190452,23.312169659954225,24.17839241027832
2023-03-16,23.977802891862606,25.535605516897093,23.845073897032023,25.48870277404785
2023-03-17,25.9287988632653,26.3449448193976,25.61544073749828,25.672325134277344
2023-03-20,25.56255140531931,25.970714347329455,25.07854386503028,25.846967697143555
2023-03-21,26.12639693275394,26.337962757604163,25.329033093000934,26.145357131958008
2023-03-22,26.370895689943904,27.532513933977235,26.183280882380405,26.413808822631836
2023-03-23,27.059479880369732,27.442694389660254,26.635350859477686,27.135324478149414
2023-03-24,26.975655534647398,27.11137676176223,26.301039016509158,26.724170684814453
2023-03-27,26.782052080395054,26.944718450224425,26.311018361963345,26.4766788482666
2023-03-28,26.39284568249232,26.458710520816368,25.79706802172804,26.355920791625977
2023-03-29,26.770076147029812,27.022556480928984,26.542542341100866,26.928749084472656
2023-03-30,27.173250787735967,27.442698440126694,27.046510003503098,27.326934814453125
2023-03-31,27.08442846214019,27.777007695296096,27.049500279209546,27.720125198364258
2023-04-03,27.452673959085395,27.942667821784,27.280027855037655,27.907739639282227
2023-04-04,27.908733850028394,27.942664624417038,27.25108288313044,27.39678382873535
2023-04-05,26.77406658654195,26.9427192704289,26.3409552107088,26.825960159301758
2023-04-06,26.529564526400943,27.024549174224266,26.372886420842022,26.981637954711914
2023-04-10,26.768077072918704,27.564443419953324,26.614393073942708,27.52252960205078
2023-04-11,27.667232866582555,27.733097708803008,27.07045586293639,27.11336898803711
2023-04-12,27.313958486817846,27.4117573972983,26.393845475280525,26.440750122070312
2023-04-13,26.67926233700585,26.831948953111812,26.27509277834578,26.408817291259766
2023-04-14,26.44973120006375,26.827954885781043,26.166312310977247,26.703210830688477
2023-04-17,26.510607005107396,26.950704014318593,26.378877313961777,26.946712493896484
2023-04-18,27.476625156577658,28.05244337278638,27.30098493529646,27.610349655151367
2023-04-19,27.304975350464428,27.94266686552096,27.176239781728775,27.873807907104492
2023-04-20,27.614340416338198,27.972606485594795,26.944714827313312,27.04850196838379
2023-04-21,26.896812971013922,27.127340875735126,26.66728437395246,27.0634708404541
2023-04-24,26.957689535565127,27.309965480209698,26.61638884445198,26.986629486083984
2023-04-25,27.02255529680181,27.191209883551597,26.17130312906319,26.18726921081543
2023-04-26,26.946709851264895,27.27403733509567,26.65031712353252,26.900802612304688
2023-04-27,27.30696852654992,27.43869819426143,26.570478891557638,27.17024803161621
2023-04-28,27.169253428500934,27.701161077962098,27.015567531365026,27.692180633544922
2023-05-01,27.782992788233905,28.998499127200773,27.72311618189631,28.850801467895508
2023-05-02,28.621277734605123,28.776958460184716,28.025499975903916,28.152238845825195
2023-05-03,27.782993707204334,28.30891502450401,27.415747210218576,27.745071411132812
2023-05-04,27.594378381183077,27.801952644290193,27.18422068244442,27.50556182861328
2023-05-05,27.769027213873315,28.696124060234265,27.674222409101244,28.621278762817383
2023-05-08,28.463594976478973,29.160165639021326,28.291948200428276,29.091306686401367
2023-05-09,28.83982635316878,28.91367423632623,28.3917463228912,28.512496948242188
2023-05-10,28.94561039227481,29.053390963914687,28.402725530757564,28.825857162475586
2023-05-11,28.836833229798795,28.89072351358173,28.18816453314951,28.51948356628418
2023-05-12,28.47058123775665,28.72106862682804,27.988570462268328,28.28196907043457
2023-05-15,28.449626392092515,28.90968288930767,28.09435634331566,28.893714904785156
2023-05-16,28.781946830273363,29.808841156723194,28.77296638486964,29.15318489074707
2023-05-17,29.52342540212538,30.13716594058163,29.369741392303435,30.116209030151367
2023-05-18,30.347732971846412,31.76282877397273,30.257917101676483,31.613136291503906
2023-05-19,31.471427932457345,31.515338464823536,30.85269847604877,31.19998550415039
2023-05-22,30.837727010931786,31.455460948812917,30.617180758045432,31.112165451049805
2023-05-23,30.936525465603022,31.223935873295638,30.568281535055462,30.625164031982422
2023-05-24,30.14814207840876,30.544330458079507,29.744969965607368,30.47547149658203
2023-05-25,38.44411669724596,39.39915781484461,36.559982197378055,37.90222930908203
2023-05-26,37.81241541975771,39.08979325980009,37.47311145513567,38.86625289916992
2023-05-30,40.5118797580755,41.85212836748926,39.86720258532556,40.02886962890625
2023-05-31,39.407151325355905,40.212498283604155,37.74456192441203,37.75653839111328
2023-06-01,38.410189027460895,39.967993574032356,38.2614958531395,39.688568115234375
2023-06-02,40.014895164925456,40.4170698367897,38.97802122010776,39.2464714050293
2023-06-05,38.82932905392205,39.48398404045427,38.627743010740026,39.09079360961914
2023-06-06,38.75050177628396,39.07982415887529,38.06989507940597,38.574859619140625
2023-06-07,38.8393365135724,39.42220064737449,37.28336583715142,37.40213394165039
2023-06-08,37.650652361661095,38.78843525380602,37.43208020342754,38.435123443603516
2023-06-09,38.96109737948555,39.6337866781629,38.492013810296655,38.694618225097656
2023-06-12,39.12378209838564,39.45313848189554,38.542912981212005,39.40523147583008
2023-06-13,40.107868537313834,41.021090447407424,39.662736532909214,40.94224166870117
2023-06-14,40.744623565348384,42.91639126476324,40.47314927155152,42.91339874267578
2023-06-15,42.51917264005908,43.20483722073351,42.06505544214176,42.570072174072266
2023-06-16,43.36551525859182,43.635988226566326,42.578047952217986,42.60898971557617
2023-06-20,42.91439764756023,43.90446942443079,42.59102630942327,43.72282028198242
2023-06-21,43.416422222584046,43.53020280046162,41.998187390967416,42.961307525634766
2023-06-22,42.170843097037455,43.3415626918256,42.15188284213235,42.94134521484375
2023-06-23,42.381435491620046,42.72576209923424,41.93330719856048,42.126930236816406
2023-06-26,42.378435975213705,42.68084821314237,40.02202672023089,40.55299377441406
2023-06-27,40.71967665079335,41.85845711307234,40.36936115095312,41.79458236694336
2023-06-28,40.58094379252524,41.76364114383004,40.43922159164072,41.03705596923828
2023-06-29,41.47719132326854,41.51910947373688,40.52105392093283,40.74262237548828
2023-06-30,41.59896098123988,42.467268355429134,41.420308161971434,42.219749450683594
2023-07-03,42.434329951938,42.814589668673115,42.11994379587202,42.33053207397461
2023-07-05,42.053076792694064,43.09305068763653,42.00317476731274,42.23472595214844
2023-07-06,41.76264574505463,42.096993500956245,41.2656128948708,42.021141052246094
2023-07-07,42.23971652222752,43.129984404943556,42.097994303095824,42.42036437988281
2023-07-10,42.574069582991044,42.72776951271603,41.568026064774784,42.09799575805664
2023-07-11,42.39839653240351,42.67485834432988,41.985203882736315,42.32254409790039
2023-07-12,42.949329116868,43.84957572671799,42.69382635632928,43.8166389465332
2023-07-13,44.43144099690916,46.06525525133524,44.405490576503716,45.887603759765625
2023-07-14,46.49242471309176,47.99449947378626,44.97238720530781,45.380592346191406
2023-07-17,46.19900764034249,46.405602120259054,45.174003879546035,46.370670318603516
2023-07-18,46.610207163950236,47.802883618026826,45.645088086713805,47.40166473388672
2023-07-19,47.37171457968649,47.725026374946644,46.65111827083296,46.98546600341797
2023-07-20,46.41656835473567,46.99544238777774,44.974378423082534,45.431488037109375
2023-07-21,45.69896747652268,45.776818736395064,44.01424991772626,44.222843170166016
2023-07-24,44.644025212328465,45.02129240158318,43.95437069346409,44.5252571105957
2023-07-25,44.85361925028961,46.09320109466631,44.83565269586211,45.59018325805664
2023-07-26,45.93152233751283,45.96346161310325,44.54322798421179,45.36362838745117
2023-07-27,46.42855262404122,47.30284884094631,45.66104681024001,45.81075668334961
2023-07-28,46.57726209617673,46.93556524542494,46.29082136263418,46.65910339355469
2023-07-31,46.66309454574556,47.03836291442901,46.41557565297474,46.63814163208008
2023-08-01,46.369666884333206,46.8088138287661,45.93751010661882,46.41657638549805
2023-08-02,45.74188936339505,45.750870737209425,43.302641133046315,44.182926177978516
2023-08-03,43.71483401069051,45.030272068122756,43.71483401069051,44.428443908691406
2023-08-04,44.897535492129286,45.55325576078865,44.30668747221976,44.5931282043457
2023-08-07,45.02329239286848,45.45145915668349,44.47635751419299,45.328697204589844
2023-08-08,44.76579924242118,45.1540429033625,43.97034785445162,44.57716751098633
2023-08-09,44.18792110075107,44.22584923169371,42.052082281111176,42.47126770019531
2023-08-10,42.07803421130193,43.48928663606157,41.75366530069566,42.30559158325195
2023-08-11,41.66982783575129,41.93631084030742,40.559990255420004,40.775569915771484
2023-08-14,40.40728424676243,43.714840105511556,40.23262525589616,43.667930603027344
2023-08-15,44.473361921944495,45.17998551740348,43.62501232005784,43.85456466674805
2023-08-16,44.43343331071029,44.58813070182248,43.32159721036821,43.40144348144531
2023-08-17,43.88450979004493,43.97632996907339,42.91739206244817,43.259727478027344
2023-08-18,42.55210279035976,43.4932701006516,41.57900001272248,43.214813232421875
2023-08-21,44.40748419324704,46.97348422125593,44.136013716733004,46.875675201416016
2023-08-22,48.04141091720703,48.09331176452581,45.24486061801989,45.57920837402344
2023-08-23,45.776832751180166,47.10823894798695,45.120111028865615,47.0244026184082
2023-08-24,50.11836604551162,50.16826807045973,47.06731047667301,47.0713005065918
2023-08-25,46.92059466008382,47.71205208326433,44.936457196698406,45.92852783203125
2023-08-28,46.39162792536596,46.88866080793937,44.80072902830529,46.74394226074219
2023-08-29,46.575266020642104,48.985571364963455,46.30079918990067,48.68914794921875
2023-08-30,48.94864322959215,49.82992584763343,48.33084725951484,49.168216705322266
2023-08-31,49.28399374905417,49.64728445636799,48.86281334141854,49.25904083251953
2023-09-01,49.6652424618298,49.7031667765697,48.04838969224288,48.414676666259766
2023-09-05,48.129240595849275,48.75602175102256,47.76694740479326,48.453609466552734
2023-09-06,48.350797071158595,48.45859385625443,46.49326248710991,46.973365783691406
2023-09-07,45.44023319735737,46.257708449088824,45.067926633125616,46.15489959716797
2023-09-08,45.856454433608306,46.519215678178135,45.18670244634744,45.48714065551758
2023-09-11,46.06205927503978,46.07703073193703,44.22947984502411,45.093868255615234
2023-09-12,44.6546914479524,45.587951736657104,44.44807617569655,44.78644561767578
2023-09-13,44.51695245570367,45.84447779885845,44.4201329496468,45.400306701660156
2023-09-14,45.86444047531069,45.90137033130358,45.04696523433204,45.49612808227539
2023-09-15,45.25655938761359,45.514078325944865,43.72641340576488,43.81824493408203
2023-09-18,42.66839815481211,44.15961559349167,41.921789942113186,43.88412857055664
2023-09-19,43.7513779115944,43.8841296709857,42.921924053303314,43.438961029052734
2023-09-20,43.51881278602881,43.82124998391259,42.14437793528599,42.16034698486328
2023-09-21,41.505572228064345,42.02160786318076,40.903694380315116,40.94062423706055
2023-09-22,41.494585230845004,42.03657715904044,41.154220620543846,41.53251647949219
2023-09-25,41.513557426280826,42.45679753767784,41.10032682953403,42.14338302612305
2023-09-26,41.92279078773523,42.74026599878411,41.577434392681035,41.83295822143555
2023-09-27,42.25117631483952,42.79216683776979,41.55148148041127,42.388916015625
2023-09-28,42.38093203987961,43.36509601724836,42.036577072071424,43.00876235961914
2023-09-29,43.74539144535937,44.061802514667,43.226359256277895,43.41800308227539
2023-10-02,43.948009813372195,45.09087814744479,43.77932579033049,44.698612213134766
2023-10-03,44.724558993956826,45.045961784832514,43.165467413747166,43.43596267700195
2023-10-04,43.6605451941074,44.06079943552314,43.21138241263282,43.958988189697266
2023-10-05,43.96796593517015,44.8163852842479,43.80626887294011,44.60477828979492
2023-10-06,44.11070969679084,45.70373848025028,43.9440208476475,45.676788330078125
2023-10-09,44.75849682767498,45.52007649973999,44.28538045832398,45.18869400024414
2023-10-10,45.22563248789511,46.17286291728584,45.00404573819931,45.71272277832031
2023-10-11,46.109973069324404,46.77174044276166,45.964245041548175,46.71883773803711
2023-10-12,46.68989946190785,47.52035097000379,46.243733198035265,46.85758590698242
2023-10-13,46.87255588078778,47.02826743741539,45.19568386802554,45.376346588134766
2023-10-16,44.97908693457242,46.13892190023753,44.82836714020883,46.0091667175293
2023-10-17,43.91807074145932,44.67066838631244,42.40090056802487,43.85618591308594
2023-10-18,42.51168892025405,43.13852165493323,41.74711648202066,42.11742401123047
2023-10-19,42.731286777485096,43.216381906827145,41.8040157217801,42.02260971069336
2023-10-20,41.81199440818419,42.39091619548763,41.00150619051564,41.309932708740234
2023-10-23,41.152230295210934,43.1674718539468,40.86875871685224,42.89497756958008
2023-10-24,42.99678817947999,43.615632642963874,42.61150915403504,43.581695556640625
2023-10-25,43.317183162193714,43.56871659941446,41.47761668487891,41.70119857788086
2023-10-26,41.775064849583806,42.17731428874224,39.80573926150373,40.25090789794922
2023-10-27,41.053411354619094,41.1292700454015,39.94048596248548,40.424583435058594
2023-10-30,41.01049849985918,41.68823125867914,40.405624059194345,41.08435821533203
2023-10-31,40.37467987980174,40.802881903079644,39.1569503913023,40.704063415527344
2023-11-01,40.807870455778854,42.30208459844571,40.79289899587781,42.24618911743164
2023-11-02,43.24732164549146,43.802286120371775,42.81413164942189,43.424991607666016
2023-11-03,43.93803330221259,45.22463078266812,43.641585445769095,44.921199798583984
2023-11-06,45.20067395834923,45.849465106470674,44.815391150878824,45.66580581665039
2023-11-07,45.63386992886557,46.13193749816825,45.073913725971586,45.86943054199219
2023-11-08,46.01415021384401,46.77972399420801,45.882396057118896,46.48727035522461
2023-11-09,47.3786111235174,48.14019083451283,46.662947187934414,46.86257553100586
2023-11-10,47.411554622346145,48.38174487246118,47.19495962235481,48.244998931884766
2023-11-13,48.23001652415506,49.02453561714493,48.00942740784403,48.529457092285156
2023-11-14,49.58748734734276,49.74119990193618,48.94867974988804,49.56352996826172
2023-11-15,49.84202172257436,49.866972887678294,48.11025170692205,48.79697036743164
2023-11-16,48.58836351173286,49.43278898125674,48.24001430327831,49.38787078857422
2023-11-17,49.43178055903223,49.62442196935827,48.915744960766254,49.20620346069336
2023-11-20,49.22017477900762,50.45387324372552,49.08941820057832,50.31513214111328
2023-11-21,50.03266588200401,50.4229366906256,49.13034978134325,49.85100555419922
2023-11-22,49.759176257408164,50.24127480470822,47.601199364673555,48.62528991699219
2023-11-24,48.37974638442562,48.829906801279186,47.656094105123046,47.68703842163086
2023-11-27,47.71098998988454,48.4396301867081,47.5632667713432,48.15216827392578
2023-11-28,48.14618466607588,48.23302446932741,47.3846048841161,47.731956481933594
2023-11-29,48.288914999950215,48.67120123627393,47.7708804254883,48.050357818603516
2023-11-30,47.934577593167546,48.02041980667685,46.33556313621097,46.68291473388672
2023-12-01,46.43837031596677,47.11211268040661,46.10099843511436,46.677921295166016
2023-12-04,45.99119263522652,45.99119263522652,44.92617831886354,45.42524719238281
2023-12-05,45.385328820380614,46.51731562556562,45.19067511548695,46.48337936401367
2023-12-06,47.13122044302318,47.302916124514056,45.33141833887503,45.42225646972656
2023-12-07,45.6189146142351,46.54626712955494,45.52308427817849,46.51332473754883
2023-12-08,46.51232056625321,47.65628695136218,46.467398436529756,47.42170333862305
2023-12-11,47.40673492251671,47.446661054028745,45.74868283771919,46.54426574707031
2023-12-12,45.96430689603469,47.581431635575925,45.96430689603469,47.57244873046875
2023-12-13,47.54449269431196,48.50778063121328,47.52353004634861,48.00267791748047
2023-12-14,48.3041320524151,48.58363397802505,47.33785124678629,48.26420211791992
2023-12-15,48.10848894942567,49.31634111544804,48.034618938742405,48.803253173828125
2023-12-18,49.31235079913167,50.34351507731144,49.062794375670336,49.9881477355957
2023-12-19,49.33630266590499,49.61181391094036,48.80824198487287,49.51598358154297
2023-12-20,49.5668939044448,49.91028529819524,48.012657344636494,48.025634765625
2023-12-21,48.724392927903814,49.007889407965415,48.333086371904265,48.903076171875
2023-12-22,49.107712672335644,49.29537882848635,48.38100372795406,48.74336242675781
2023-12-26,48.88110985273242,49.51198840359391,48.873124626710656,49.191558837890625
2023-12-27,49.42315016052461,49.591849010515,48.99790354922427,49.329315185546875
2023-12-28,49.55491912329638,49.79548883206165,49.324326187941345,49.43413162231445
2023-12-29,49.72461566156116,49.90829110638661,48.664499712290464,49.43413162231445
2024-01-02,49.15661805673898,49.20752624943747,47.51054587491967,48.08252716064453
2024-01-03,47.40074566328975,48.09850289557728,47.23603751691528,47.484596252441406
2024-01-04,47.68224504410837,48.413946184142475,47.42370571637504,47.912837982177734
2024-01-05,48.37601604637922,49.459090025386296,48.22029079492016,49.0098876953125
2024-01-08,49.424151981929796,52.18225008334284,49.39120958940494,52.16028594970703
2024-01-09,52.30802809263291,54.22861420741035,51.598287244233845,53.04571533203125
2024-01-10,53.52087170860792,54.50312317370562,53.39409433002728,54.25356674194336
2024-01-11,54.90141170121365,55.24779611496442,53.46496584925973,54.72472381591797
2024-01-12,54.52308221048439,54.872463461679565,54.23359967517569,54.61292266845703
2024-01-16,54.92037758541191,56.734151032115776,54.80258693421074,56.28195571899414
2024-01-17,56.24702168282456,56.37080221365978,54.642874592370525,55.95354461669922
2024-01-18,57.15840468720761,57.49780159403606,56.00745052096862,57.00567626953125
2024-01-19,57.88610325059809,59.39442372974931,57.12345894632279,59.385440826416016
2024-01-22,59.942448676756726,60.223949787892636,58.9651857256467,59.54814910888672
2024-01-23,59.464298025036406,59.80369487757325,58.481045210719586,59.766761779785156
2024-01-24,60.19700279855746,62.73748534909312,59.831651069260054,61.25312423706055
2024-01-25,62.239368666397,62.607717226695215,60.742030169454694,61.50767135620117
2024-01-26,60.85183343731232,61.67337498834804,60.4655228910145,60.922706604003906
2024-01-29,61.12335395532468,62.37812361839996,60.79893365210522,62.35416793823242
2024-01-30,62.788400246614664,63.38034661468554,62.1495325776363,62.662620544433594
2024-01-31,61.33098018068535,62.158511588509604,60.5922953608444,61.41782760620117
2024-02-01,61.98980787209497,63.07887540719106,61.54060940108073,62.915164947509766
2024-02-02,63.8604917267368,66.48183193924027,63.57699522405565,66.04261779785156
2024-02-05,68.10395378778126,69.3737001755538,67.08576682117494,69.20899200439453
2024-02-06,69.50645284574946,69.630233381063,66.18236704818828,68.1019515991211
2024-02-07,68.19777661316522,70.09540449820057,67.48005062301553,69.97461700439453
2024-02-08,69.94966354395652,70.66838724943909,69.33176617612584,69.5174331665039
2024-02-09,70.40785287358678,72.05692221360141,70.08742326576261,72.00502014160156
2024-02-12,72.47118484090161,74.4786183227707,71.1235816589561,72.11981201171875
2024-02-13,70.27510691021548,73.31969142351917,69.49649190429426,72.00003814697266
2024-02-14,73.07213825831741,74.1043004616714,71.81038073927579,73.7688980102539
2024-02-15,73.73794078168315,73.84374789733648,72.27154539670707,72.52908325195312
2024-02-16,73.96850692718213,74.2699729733596,72.37234535124092,72.48414611816406
2024-02-20,71.8193337960462,71.82832050697183,67.61381202197207,69.32876586914062
2024-02-21,67.88533642606332,68.76577530674938,66.13045996080022,67.35228729248047
2024-02-22,74.89189108055353,78.43558804957509,74.08831901858908,78.3986587524414
2024-02-23,80.64665337566204,82.24780364536768,77.4323654765101,78.67715454101562
2024-02-26,79.55858308487059,80.5029113343283,78.36570371037314,78.95166778564453
2024-02-27,79.24014935736925,79.33898034064636,77.0250924240117,78.56135559082031
2024-02-28,77.48226929356848,78.79293534780788,76.98814490868608,77.52519226074219
2024-02-29,78.95366047452625,79.84806674793919,78.21097730890395,78.97162628173828
2024-03-01,79.85805518730493,82.15397732028299,79.29405523547015,82.13301086425781
2024-03-04,83.98073146925641,87.5394087840452,83.5704651854909,85.08576965332031
2024-03-05,85.12270452666515,85.94827947163024,83.2729084960246,85.81550598144531
2024-03-06,87.86993807352297,89.56899358821315,86.87964744648528,88.54676055908203
2024-03-07,90.0022399296916,92.6067337718428,89.44720072052635,92.50890350341797
2024-03-08,94.97364703765751,97.23174040772027,86.35655527181379,87.37679290771484
2024-03-11,86.27969890435133,88.6436045203793,84.0206076407832,85.6258316040039
2024-03-12,87.89689583589372,91.80113493638854,86.0011743538899,91.75421905517578
2024-03-13,90.89770650975179,91.34592838246506,88.28222971094472,90.73099517822266
2024-03-14,89.42225054534444,90.48940398821422,86.45038860441925,87.79206848144531
2024-03-15,86.77983369344113,89.39131202190967,86.10799973550625,87.68526458740234
2024-03-18,90.2318598178106,92.24537384693531,86.93456418081807,88.30220031738281
2024-03-19,86.55022352343148,90.38758481674583,84.86314816147532,89.24356842041016
2024-03-20,89.6418701073994,90.25381771221527,88.07059173697641,90.21588134765625
2024-03-21,92.140557424416,92.48795583781609,90.24882671788191,91.27704620361328
2024-03-22,90.9835495525749,94.61426754269417,90.67708069798141,94.12611389160156
2024-03-25,93.77871131394467,96.59882785449742,93.34845614456138,94.83787536621094
2024-03-26,95.68542557895928,96.20852249662158,92.34221159309624,92.40110778808594
2024-03-27,92.95115660792449,93.07893385392306,88.96904884364167,90.09410095214844
2024-03-28,89.8445176119648,91.14227480173439,89.03891256279711,90.19990539550781
2024-04-01,90.14300911365386,92.0656767674512,89.04989954343785,90.20689392089844
2024-04-02,88.295199136712,89.93835929549583,87.46863424504667,89.29747009277344
2024-04-03,88.33114383542578,90.21787822523544,88.24728931215489,88.81031036376953
2024-04-04,90.24981545155312,90.47742601324012,85.73163346290652,85.756591796875
2024-04-05,86.71594667786945,88.32816244191248,85.7775755946387,87.8559799194336
2024-04-08,88.54675414355297,88.67653442305598,86.5821594652945,86.98246765136719
2024-04-09,87.29093308519522,87.48360044285332,82.87857107978263,85.20653533935547
2024-04-10,83.78102746556362,87.24902545092569,83.56439945092491,86.8886489868164
2024-04-11,87.26897200773683,90.58223837088431,86.77582976459976,90.4594497680664
2024-04-12,89.54405551793229,90.0192388417283,87.37880342967303,88.0336685180664
2024-04-15,88.94407438415881,90.45645646962656,85.78055040974887,85.85242462158203
2024-04-16,86.28368645109244,87.965773191981,85.91532822119116,87.26399230957031
2024-04-17,88.18737923912188,88.62163290761173,83.80496405819224,83.88982391357422
2024-04-18,84.82322924703969,86.04112311238843,82.2596642608018,84.52474212646484
2024-04-19,83.00637428065669,84.17834237736079,75.47540651529913,76.06837463378906
2024-04-22,77.96907171420484,79.93467203595871,76.26802061217705,79.38063049316406
2024-04-23,80.62947459576492,82.62601974052421,80.1253496885507,82.2806167602539
2024-04-24,83.80497344877082,83.93674919660243,79.0462101404743,79.53936004638672
2024-04-25,78.73175253009703,83.1790583894206,78.08787011237102,82.4892578125
2024-04-26,83.67321658546781,88.17842147858853,83.2429613231266,87.58345031738281
2024-04-29,87.44367738781547,87.83998710672722,85.11869845127212,87.60540008544922
2024-04-30,87.08929643239856,88.66557118869024,86.15092540038592,86.25274658203125
2024-05-01,84.93001509196907,85.85141694267458,81.11461218464028,82.89752960205078
2024-05-02,84.30310641773906,86.08801954331209,83.05626359727954,85.66874694824219
2024-05-03,87.6373400551101,89.12675929539812,86.8896334546632,88.63561248779297
2024-05-06,89.23558536447402,92.06069859527176,88.90116496394158,91.9808349609375
2024-05-07,90.94063437830519,91.62245320483287,88.8572415302883,90.39757537841797
2024-05-08,89.32842516703573,91.03646805439529,89.26553046184982,90.25582122802734
2024-05-09,90.37260819958134,90.91466942223298,88.07858152551931,88.59368896484375
2024-05-10,90.14901217503873,91.24311967224041,89.07287133117944,89.72274780273438
2024-05-13,90.32169428450598,90.84080023922876,88.37606371894472,90.24283599853516
2024-05-14,89.44421267221655,91.49266969851776,88.78036057605543,91.19818115234375
2024-05-15,92.31226052004403,94.69813133508781,91.44076747625896,94.4665298461914
2024-05-16,94.74604213563502,95.65346838301872,93.94042944222824,94.19599151611328
2024-05-17,94.20598653059943,94.57634022771545,91.64741042469609,92.31924438476562
2024-05-20,93.58805245494568,95.03554461976276,93.27859039868353,94.61627197265625
2024-05-21,93.43731390021196,95.23520530836203,93.01903897023965,95.22122955322266
2024-05-22,95.29409598809328,95.85412388547536,93.08791463591838,94.78597259521484
2024-05-23,101.85175314144693,106.1363388077003,101.34462744914427,103.61969757080078
2024-05-24,104.2685576920773,106.29105867121642,102.82206339543845,106.28507232666016
2024-05-28,110.0535586136133,114.74044777454472,109.69318217417998,113.70423889160156
2024-05-29,112.8547051589029,115.29248024146612,110.70941556106891,114.62663269042969
2024-05-30,114.45194499585061,115.61892428256706,109.47356046717066,110.30911254882812
2024-05-31,112.32561724375552,112.52228313915187,106.75526253688238,109.44361114501953
2024-06-03,113.42471506551881,114.80133056640625,111.80950641949946,114.80133056640625
2024-06-04,115.51609238971567,116.39856025554492,113.84797397023767,116.23583984375
2024-06-05,118.16652888700372,122.23747988436097,117.2650888452736,122.22850036621094
2024-06-06,123.83371299207869,125.37005594832782,118.1156108470622,120.78898620605469
2024-06-07,119.56309618694148,121.48178065904402,117.81812234412239,120.67916870117188
2024-06-10,120.16206002224595,122.88733960177423,116.80786391189227,121.57960510253906
2024-06-11,121.56962216023484,122.66781818606155,118.54460929253459,120.71104431152344
2024-06-12,122.85750238613136,126.6712162731191,122.36831081363356,124.99398040771484
2024-06-13,129.1770893049594,129.5864183097163,126.9507630154097,129.396728515625
2024-06-14,129.7461556011969,132.62140615970972,128.10885485479358,131.66299438476562
2024-06-17,132.7711675834259,133.50994014798042,129.36677515556565,130.76446533203125
2024-06-18,130.92419196066484,136.10565359767494,130.47493553922533,135.3568878173828
2024-06-20,139.56996619369176,140.52837801062054,129.30688285479897,130.56480407714844
2024-06-21,126.91082285827493,130.41504917764772,124.09546355999291,126.36172485351562
2024-06-24,123.03720520530106,124.25519890170064,117.84576490444155,117.9156494140625
2024-06-25,121.00056940292565,126.29185160793926,119.12366557563713,125.88252258300781
2024-06-26,125.92245660772097,127.9091800288474,122.39826626608301,126.1920166015625
2024-06-27,123.89579983596734,126.20200405764365,122.71774114608809,123.78598022460938
2024-06-28,124.3750052910358,127.49985213027985,122.54801473015355,123.33671569824219
2024-07-01,123.26682297750608,124.63456367500987,118.63445902087864,124.095458984375
2024-07-02,120.93068040128533,123.20693510758652,120.83084647254137,122.46814727783203
2024-07-03,121.45980705227005,128.06890869140625,121.16029766804549,128.06890869140625
2024-07-05,127.17040031042268,128.63799033992214,125.4732006158399,125.62295532226562
2024-07-08,127.28022099375339,130.55483035569935,126.8309644875294,127.98905181884766
2024-07-09,130.13552958791902,133.59982130546845,128.4383145629174,131.16383361816406
2024-07-10,133.80946190177127,134.87770860466375,132.20211043348235,134.68801879882812
2024-07-11,135.52661932549566,135.92595502009132,126.84093848175796,127.19036102294922
2024-07-12,128.04894535138322,131.70292655352904,127.01066335258953,129.02734375
2024-07-15,130.3451595951711,131.1737956487568,126.97072416574117,128.22865295410156
2024-07-16,128.22865593379024,128.82765950066548,124.37500690887067,126.1520767211914
2024-07-17,121.15031675281162,121.64949400158038,116.52793817127537,117.79584503173828
2024-07-18,121.64949097287113,122.19858897958201,116.36819489836525,120.89073944091797
2024-07-19,120.15197050658449,121.3999137142076,117.17687816504188,117.73595428466797
2024-07-22,120.15196240961751,123.86584236392231,119.66277083791101,123.33671569824219
2024-07-23,122.57797258109629,124.48483346113822,121.8990911705108,122.3882827758789
2024-07-24,118.97389854949489,119.75261380553808,113.2533317889684,114.06199645996094
2024-07-25,112.85400461755249,116.43809396656145,106.1250967629909,112.09525299072266
2024-07-26,115.9988170024744,116.00879506379749,111.39640194140975,112.87396240234375
2024-07-29,113.50292255867154,116.08865698961546,111.1168559757427,111.4063720703125
2024-07-30,111.33648541055072,111.80571322284378,102.37126667488353,103.55931091308594
2024-07-31,112.71422275560462,118.14526596856572,110.6975424326974,116.82743835449219
2024-08-01,117.3365974252001,119.96227450650746,106.63423649015627,109.03028869628906
2024-08-02,103.58926418951675,108.54110155423277,101.20319756374683,107.0934829711914
2024-08-05,91.90851250035082,103.239842127859,90.5407717150732,100.28470611572266
2024-08-06,103.6691316762756,107.5327664843651,100.38455194570304,104.07846069335938
2024-08-07,107.6325862976113,108.6209626457341,98.52759897070796,98.74723815917969
2024-08-08,101.83215768316434,105.3263983879788,97.3595262295921,104.79727172851562
2024-08-09,105.46617163856445,106.42459107060563,103.2598090475883,104.57763671875
2024-08-12,106.14505252549102,110.88723650727509,106.08515369153115,108.84060668945312
2024-08-13,112.25498209343158,116.03874655153282,111.39639661656214,115.94889068603516
2024-08-14,118.3349528711921,118.40483737868666,113.88229289564154,117.88569641113281
2024-08-15,118.56458490618095,123.03720888953038,117.27670666159618,122.6578369140625
2024-08-16,121.73935231230438,124.79431469874058,120.98060074622069,124.37500762939453
2024-08-19,124.0754979878485,129.7860870361328,123.21691249503145,129.7860870361328
2024-08-20,128.18872055728244,129.66629628755138,125.6828560733908,127.04061889648438
2024-08-21,127.11048517418402,129.13715105648026,126.45157521398528,128.28854370117188
2024-08-22,129.80604926899383,130.5348437487765,122.89743071735391,123.536376953125
2024-08-23,125.65288601497598,129.38673697357257,125.01393980516215,129.1571044921875
2024-08-26,129.35679802537265,131.04400430992783,124.16535012958609,126.25190734863281
2024-08-27,124.84424526829238,128.98741074794592,123.67616460225028,128.08889770507812
2024-08-28,127.90916927864866,128.11883041927797,122.4381910717034,125.40330505371094
2024-08-29,121.16030816238968,124.22525631015377,116.51795800585043,117.3965072631836
2024-08-30,119.33330911013266,121.54965726206557,117.02711271158417,119.17357635498047
2024-09-03,115.81911857253483,116.01878644458095,107.11346529492099,107.82229614257812
2024-09-04,105.23655349888746,113.0836130103624,103.94867525541761,106.03523254394531
2024-09-05,104.8172363950656,109.46957200218677,104.58761912643209,107.03358459472656
2024-09-06,107.86222325429438,107.97204286084109,100.78388574677186,102.66079711914062
2024-09-09,104.70741977949132,106.37467762407766,103.51938307487873,106.29480743408203
2024-09-10,107.63258020585863,109.21996758561849,104.77728615100841,107.92210388183594
2024-09-11,109.21000549756162,116.9971741685222,107.24324578146685,116.71763610839844
2024-09-12,116.6577172050991,120.60155948017247,115.19999582839206,118.95413208007812
2024-09-13,118.89422675312926,119.77285113489948,117.4165323291377,118.91419219970703
2024-09-16,116.60780299971084,117.99563392468083,114.18159360974668,116.59781646728516
2024-09-17,117.98564481894722,118.61466685067687,114.65085910577872,115.40966796875
2024-09-18,115.70920340593533,117.51637724987856,113.04337060887723,113.1931381225586
2024-09-19,117.16691844656921,119.47331975028854,117.06707598202318,117.68611145019531
2024-09-20,116.87737463970251,118.43494609535816,115.2099818009,115.81903076171875
2024-09-23,116.36817703420066,116.80748542405605,114.68081111279044,116.07862854003906
2024-09-24,116.33821493002908,121.60998405209612,115.19999404233639,120.68143463134766
2024-09-25,121.82962567540989,124.74507579152808,121.42026930294443,123.31730651855469
2024-09-26,126.60216967447258,127.47080742519232,121.60997067496642,123.84647369384766
2024-09-27,123.77659196922,123.83649592385486,119.07394109309165,121.21060180664062
2024-09-30,118.12541998168962,121.31044564232414,117.96567356169257,121.25054168701172
2024-10-01,121.58001370293499,122.24897417258154,115.60934783662292,116.81745910644531
2024-10-02,116.25834508658102,119.19375323018366,114.96037016184738,118.66458129882812
2024-10-03,120.73135113827638,124.16598683922703,120.15225416683853,122.65834045410156
2024-10-04,124.74507834860822,124.84492081095192,121.63992977952229,124.72510528564453
2024-10-07,124.79500006476454,130.43618698242878,124.7550615549546,127.52074432373047
2024-10-08,130.0567764001493,133.27175410957346,129.2180905372518,132.68267822265625
2024-10-09,133.9007832398008,134.31014727855833,131.1750464230449,132.44305419921875
2024-10-10,131.70421594134592,134.7893916948541,130.79563194093248,134.5996856689453
2024-10-11,133.80093033986074,135.5681732923908,133.4514855032485,134.58970642089844
2024-10-14,136.2570891265267,139.3822107684187,136.0873561782587,137.85459899902344
2024-10-15,137.654906403531,138.3538265330219,128.5391603262797,131.3946990966797
2024-10-16,133.7709642153392,136.40684475827754,131.37471471629812,135.5082550048828
2024-10-17,139.12261346955344,140.6701983777905,136.65646567187503,136.71636962890625
2024-10-18,138.45366668655112,138.6833036103306,137.06583575895257,137.7847137451172
2024-10-21,137.91451267760561,143.48580932617188,137.78471061125512,143.48580932617188
2024-10-22,142.6870654207542,144.19470435057536,141.55882333477078,143.36599731445312
2024-10-23,141.80841766733155,142.20778753302577,137.24555525009052,139.34226989746094
2024-10-24,140.6003124972593,141.12948441968888,138.2439937495604,140.19094848632812
2024-10-25,140.71013437273555,143.90515439009727,140.5803475394567,141.31918334960938
2024-10-28,142.77690797567064,142.9166889544992,139.83151327072179,140.30078125
2024-10-29,140.0711235834401,142.0380513591214,138.68329276437913,141.02963256835938
2024-10-30,139.32230457284558,140.11108066863528,136.59656776236113,139.12261962890625
2024-10-31,137.38533225522045,137.39531116933003,131.90389188236236,132.55287170410156
2024-11-01,134.48984636430032,137.09577501351765,134.36005954202903,135.18875122070312
2024-11-04,136.99596264099162,138.74323268611076,135.35852160810796,135.8377685546875
2024-11-05,137.23555788662173,140.151000495864,137.11574997671616,139.6917266845703
2024-11-06,142.73698322061895,146.2614750565614,141.73854326176877,145.38284301757812
2024-11-07,146.1616297903136,148.69766066609404,145.9419717733186,148.6477508544922
2024-11-08,148.53787885494532,149.53631855776948,146.03178545046896,147.399658203125
2024-11-11,148.44803352101476,148.6177817068004,143.3460203778287,145.0333709716797
2024-11-12,146.55098572515575,149.41650294104454,145.78218284955818,148.05862426757812
2024-11-13,148.83741275957428,149.09700159587854,145.67234551723544,146.04177856445312
2024-11-14,147.40968372724925,148.76756276185756,145.32294774490563,146.5310516357422
2024-11-15,144.6439744081883,145.0134075079149,139.86145428913719,141.75848388671875
2024-11-18,139.28235565663965,141.32916034590224,136.93601597273187,139.93133544921875
2024-11-19,141.09954425974988,146.90047806374457,140.77005724054902,146.78065490722656
2024-11-20,147.18003223590216,147.32979212988033,142.50732548898966,145.6623992919922
2024-11-21,149.11701974284432,152.65149063112756,140.4805046221909,146.44119262695312
2024-11-22,145.70233282975542,146.93042492260167,140.8798813363258,141.72854614257812
2024-11-25,141.76848775116036,141.82839170792872,135.60811535874635,135.80780029296875
2024-11-26,137.48515694461858,139.0826667131691,135.4583253763222,136.7063751220703
2024-11-27,134.7993582371888,137.00591700209634,131.59437486042492,135.12884521484375
2024-11-29,136.56662423239774,139.13262238748922,135.837767286179,138.03433227539062
2024-12-02,138.6134117376161,140.23087948399635,137.60499293345052,138.41372680664062
2024-12-03,138.04431859051348,140.3207607312636,137.73480460641824,140.04119873046875
2024-12-04,141.77845844597738,145.56253876730494,140.07111960214385,144.91355895996094
2024-12-05,144.89361745373108,146.3214777724878,143.7353435501018,144.84368896484375
2024-12-06,144.38436733563313,145.4827177885172,141.09926510716357,142.2275848388672
2024-12-09,138.76276188244717,139.74129618907318,136.9255094433844,138.60299682617188
2024-12-10,138.80267178561354,141.6084936848826,133.59045579547387,134.86856079101562
2024-12-11,137.155160163518,139.96096726526153,135.00837248215075,139.1022491455078
2024-12-12,136.87555561216806,138.2335278669699,135.5974658707112,137.13516235351562
2024-12-13,138.7327975455873,139.39181692680097,132.34233289302693,134.04978942871094
2024-12-16,133.9798879813558,134.19956111084232,130.22550081237128,131.8031463623047
2024-12-17,128.89747709842524,131.39374870651014,126.67080709010266,130.19554138183594
2024-12-18,133.6603731199009,136.49613412730267,128.08869283192976,128.71775817871094
2024-12-19,131.56349862817564,133.8301176053825,129.3568029702355,130.485107421875
2024-12-20,129.61640819653473,135.07825184796977,128.02878306565836,134.49911499023438
2024-12-23,136.0767567466981,139.58151660116854,134.91848306333998,139.46170043945312
2024-12-24,139.79122163679293,141.6883821217358,138.44322876231024,140.01089477539062
2024-12-26,139.4916759779926,140.6399702368576,137.52461242783102,139.72132873535156
2024-12-27,138.3433913393573,138.81269167406333,134.50912136885398,136.80567932128906
2024-12-30,134.628906293037,140.060795108374,133.82011682531788,137.28494262695312
2024-12-31,137.82416524884428,137.8641141320975,133.63043143330796,134.08973693847656
2025-01-02,135.7971917031726,138.67290181477085,134.4292395740467,138.10374450683594
2025-01-03,139.80120658589456,144.6839138332244,139.5216253508109,144.2545623779297
2025-01-06,148.36840963752263,151.93309314343088,147.599568879649,149.2071533203125
2025-01-07,152.80179213743568,152.90164910642062,139.80120400217487,139.93101501464844
2025-01-08,142.36736432306787,143.7353162901366,137.35484666292894,139.9010467529297
2025-01-10,137.24501786219508,139.71133557177419,134.0198390250661,135.7073211669922
2025-01-13,129.7961674567433,133.29094833912805,129.31687225149923,133.0313262939453
2025-01-14,135.84710238324766,136.1766120600162,129.85605059334506,131.56349182128906
2025-01-15,133.45068552943664,136.2465130176968,131.09420431967888,136.03683471679688
2025-01-16,138.4332346192246,138.54307117698642,133.2909213149963,133.3708038330078
2025-01-17,136.4861555399997,138.29345383465838,135.25799411499426,137.504638671875
2025-01-21,138.95247218370304,141.6184885428412,136.88555189361048,140.61997985839844
2025-01-22,144.44426793757484,147.56958971587568,143.45573886876412,146.85067749023438
2025-01-23,144.83369562852502,147.0104373660888,143.50567717742842,147.00045776367188
2025-01-24,148.14874363197046,148.74785499769604,141.66843136501245,142.40731811523438
2025-01-27,124.61389107098998,128.20851331467108,116.52596435964819,118.24340057373047
2025-01-28,121.62833781559046,128.8076175411123,116.0766320864675,128.79763793945312
2025-01-29,126.31134548354018,126.70076325147895,119.87096767407616,123.51551818847656
2025-01-30,122.91641979157204,124.81358785050304,117.92387627755191,124.464111328125
2025-01-31,123.59540412169352,127.6593341751579,119.01225290264883,119.89093780517578
2025-02-03,114.57887527254843,118.39317826666118,112.84147223806173,116.48603057861328
2025-02-04,116.78557092036435,121.01924546805154,116.52595653802958,118.47305297851562
2025-02-05,121.57842315704723,124.8135892575584,120.57991444298676,124.64384460449219
2025-02-06,127.22998260932282,128.5779755110731,125.02327919443763,128.48809814453125
2025-02-07,129.02729180363133,130.17557068191934,124.8135839892709,129.6463623046875
2025-02-10,129.89598286165247,134.79866384787866,129.76618710141213,133.3708038330078
2025-02-11,132.38230132778313,134.27946199343057,130.8246300046561,132.6019744873047
2025-02-12,129.8261026458349,132.04279313100764,128.88750205027108,130.94442749023438
2025-02-13,131.36379338160384,136.29642846871295,130.97437562399168,135.08822631835938
2025-02-14,136.27645326854343,139.04232643389201,135.29791907929888,138.64292907714844
2025-02-18,141.05932980350207,143.226091877041,137.72429913092634,139.19210815429688
2025-02-19,139.3019353271886,141.14918241151278,137.01535723812603,139.02235412597656
2025-02-20,139.8211642330671,140.45022955446439,136.58599074078032,139.9010467529297
2025-02-21,139.83114145453473,141.2490371129211,133.83011008980694,134.22950744628906
2025-02-24,136.35635785611953,138.38332947991822,129.88602516626045,130.08572387695312
2025-02-25,129.78615711570163,130.00583024952502,124.25442559786755,126.44115447998047
2025-02-26,129.79615892181477,133.53057192522448,128.29839578499454,131.084228515625
2025-02-27,134.7986782828192,134.80865788512716,119.83103458283094,119.9708251953125
2025-02-28,117.84399213493025,124.90344826210318,116.2264129341289,124.73370361328125
2025-03-03,123.32581202011416,123.51552349340123,112.11255593535711,113.88990020751953
2025-03-04,110.48498404782327,119.13206502689525,109.94578846070081,115.8170166015625
2025-03-05,117.40465751759531,118.10361057672029,114.3392360416895,117.12507629394531
2025-03-06,113.3606904001891,115.17797591196373,110.05562907278994,110.40510559082031
2025-03-07,111.08409477767312,113.31077256873955,107.39959517379882,112.5219497680664
2025-03-10,109.73610085349598,111.6831896506324,105.30272006245755,106.8204574584961
2025-03-11,106.83043665954975,112.0726069900584,104.61374627233778,108.5978012084961
2025-03-12,113.96030532134075,116.59661034457649,112.72203506897391,115.57803344726562
2025-03-13,116.86621875800482,117.59520049683546,113.63075517539951,115.41825103759766
2025-03-14,118.44401014075397,121.70943054003341,117.98465480860956,121.49972534179688
2025-03-17,122.56823120330081,122.71802281178023,117.86482345684047,119.36272430419922
2025-03-18,117.83486627342975,118.85343549406599,114.37970924440411,115.26846313476562
2025-03-19,117.10587965509883,120.2814296141779,115.51810848491796,117.35552978515625
2025-03-20,116.38688818380663,120.0317738155389,116.30699831746894,118.3641128540039
2025-03-21,116.77634740953133,117.82487338576216,115.25847035053427,117.5352783203125
2025-03-24,119.71223179694545,122.04896105750126,119.17298658297102,121.24009704589844
2025-03-25,120.38129943766901,121.12026171196634,118.75357566400419,120.52110290527344
2025-03-26,118.5638454632065,118.6736845133834,112.55226594608844,113.60079956054688
2025-03-27,111.19416561141583,114.28982567832341,110.50513643809545,111.27405548095703
2025-03-28,111.33397028810096,112.71204388720727,108.9173588485005,109.51651763916016
2025-03-31,104.98287310192077,110.80471613819729,103.50494855407659,108.22832489013672
2025-04-01,108.36813339033893,110.04578269736857,106.32100673854832,109.99585723876953
2025-04-02,107.1398479774266,111.82328673498283,106.64054773013802,110.26546478271484
2025-04-03,103.36514539947606,105.48217369637304,101.45781468579652,101.65753936767578
2025-04-04,98.7715853475697,99.98987163475934,91.98109847139008,94.17801666259766
2025-04-07,87.33759621246332,101.60759784636036,86.4987754744505,97.50334930419922
2025-04-08,103.6647139576977,105.70185986228381,94.3278009423825,96.16522979736328
2025-04-09,98.75161045127601,114.9389248904037,97.39351305704149,114.17000579833984
2025-04-10,109.21694044618194,110.70485307181585,99.01124202201945,107.4194564819336
2025-04-11,108.34815778630501,111.39389245819964,107.32958859529616,110.7747573852539
2025-04-14,113.9503045917023,114.1300529879136,108.91735711650354,110.55506134033203
2025-04-15,110.81470199440513,113.46099492172469,110.3453585264742,112.04297637939453
2025-04-16,104.40369410395131,106.64055727885454,100.30942561460589,104.3437728881836
2025-04-17,104.30381795694564,104.3237942331935,99.90998190333623,101.34796142578125
2025-04-21,98.63177356997639,99.3008417327631,94.90699776234818,96.77438354492188
2025-04-22,98.6417555090913,99.67031279819463,97.14385476914264,98.75160217285156
2025-04-23,104.37373360783914,104.65334818158476,101.87723205406772,102.56626892089844
2025-04-24,103.33517578708889,106.39089066307956,102.96569088547095,106.28104400634766
2025-04-25,106.70047033928225,111.76337496991529,105.58204256681438,110.85465240478516
2025-04-28,109.53649064316203,110.21553928394424,105.87162103934429,108.57783508300781
2025-04-29,107.51932238432487,110.04578062718967,107.2896485179105,108.867431640625
2025-04-30,104.32379376082015,108.76756286621094,103.93434018163836,108.76756286621094
2025-05-01,112.92174799120272,114.7791455573913,111.14424029465428,111.45380401611328
2025-05-02,114.02021557227994,115.23850951002053,113.21135153306962,114.33976745605469
2025-05-05,112.75199823422925,114.50952981770942,112.50234808238875,113.66072082519531
2025-05-06,111.32399638135878,114.57942879752297,110.66491633937942,113.38111114501953
2025-05-07,112.89179643623137,117.51531428959993,112.12286973799952,116.89617919921875
2025-05-08,118.08452294119296,118.51392151118237,115.68787993703612,117.20575714111328
2025-05-09,117.18577270674557,118.06454606438504,115.04876814493281,116.48675537109375
2025-05-12,121.79931583574867,122.82787322998047,120.11167839159091,122.82787322998047
2025-05-13,124.8051066300396,131.03637225526788,124.29581818961599,129.7481689453125
2025-05-14,133.01358451331882,135.25045513495294,131.49570747587302,135.1505889892578
2025-05-15,134.10205882491402,136.1092556474961,132.47435031815246,134.6413116455078
2025-05-16,136.02937003025397,136.15919297953724,133.27323795943153,135.21051025390625
2025-05-19,132.20470706939753,135.6798322139183,132.20470706939753,135.38026428222656
2025-05-20,134.10205468200522,134.39165736048994,132.4343936724944,134.1919403076172
2025-05-21,132.87378601013486,137.2077087161811,130.40724144628157,131.6155548095703
2025-05-22,132.0449376190489,134.0621148614722,131.3658966044825,132.64410400390625
2025-05-23,129.81807417545411,132.49431639064062,128.97925335315108,131.10626220703125
2025-05-27,133.96224703921547,135.47014350181522,133.1234263008756,135.31036376953125
2025-05-28,135.83963178227697,137.05792567392893,134.60136161311598,134.621337890625
2025-05-29,142.0509238917618,143.28919402135628,137.71700129433316,138.99520874023438
2025-05-30,138.5258751739265,139.42460961066672,132.73398869983464,134.94090270996094
2025-06-02,135.30038976970178,137.9266987725352,135.21050414256473,137.187744140625
2025-06-03,138.58576663563605,141.80126124338923,137.7569264491721,141.02235412597656
2025-06-04,141.99101618842522,142.19073325311263,139.34471555965237,141.7213897705078
2025-06-05,141.97103980754113,143.79848066110154,138.63571759363617,139.79409790039062
2025-06-06,142.31053984611202,143.06948591448216,141.31193942977922,141.5216522216797
2025-06-09,142.98961854621228,144.7970831461155,141.74136782943543,142.43040466308594
2025-06-10,142.4903028059026,144.08805440763362,141.33192260937975,143.75852966308594
2025-06-11,144.41764573923192,144.79714515361243,141.6812848999734,142.6400146484375
2025-06-12,141.78116046611606,144.80712890625,141.6613249598906,144.80712890625
2025-06-13,142.2904745799642,143.38901749969733,140.6626531024409,141.78115844726562
2025-06-16,143.159329390418,145.98555166191812,143.00951976951112,144.49754333496094
2025-06-17,144.2978018718573,145.0268265438421,143.58873962374116,143.92828369140625
2025-06-18,143.81843788371728,145.4562558084884,142.92962233744194,145.28648376464844
2025-06-20,145.2565234707711,146.00552584195606,142.46024490398213,143.65866088867188
2025-06-23,142.31046402404658,144.58743022935184,141.84108794116847,143.97824096679688
2025-06-24,145.36636355778856,147.7631800544848,145.30644581210706,147.7032470703125
2025-06-25,149.0714619384952,154.24456476496755,149.06146548674553,154.10475158691406
2025-06-26,155.77251147358507,156.5115326130379,153.795149532093,154.8137969970703
2025-06-27,155.83244416127852,158.4989061985097,155.05348286000648,157.54017639160156
2025-06-30,158.1893045239527,158.4489684480595,155.7525627920192,157.7798614501953
2025-07-01,156.08211312403307,156.9909063970138,151.2885097592641,153.09609985351562
2025-07-02,152.77650803107835,157.39037305932783,152.7665268185242,157.04083251953125
2025-07-03,158.15934077500395,160.76586971787668,157.56014800239086,159.1280517578125
2025-07-07,157.98957042846925,159.09809459400483,157.1307137305003,158.02952575683594
2025-07-08,159.11807865757584,160.0068942683196,158.1793265036118,159.7871856689453
2025-07-09,161.0055497766517,164.2012901564699,160.9456320255445,162.66334533691406
2025-07-10,164.10143771292147,164.28119097215313,161.3950357038234,163.88172912597656
2025-07-11,163.50223698698784,167.66668863474402,163.25256951238498,164.7006378173828
2025-07-14,165.15003478890583,165.2698855378492,161.80449980139463,163.85177612304688
2025-07-15,170.96229989605533,172.17068192225182,168.97494134085255,170.4729461669922
2025-07-16,170.83247408910898,171.52155877211666,168.67534340451815,171.14205932617188
2025-07-17,171.79120519874627,173.92835823409905,170.60278554683865,172.7698974609375
2025-07-18,173.4090543863528,174.0182436825287,171.03221496217563,172.18069458007812
2025-07-21,172.52022673163836,173.1493936504508,170.77255439137573,171.1520538330078
2025-07-22,171.11211125862738,171.16204780548466,164.36110765827524,166.80784606933594
2025-07-23,169.30450383433347,171.03219846298632,167.74658125695927,170.55284118652344
2025-07-24,172.21063723590794,173.59878776513457,171.07215417768242,173.5089111328125
2025-07-25,173.37908037175941,174.4876045602178,172.72995103806022,173.26922607421875
2025-07-28,173.78852820706248,176.7645600358027,173.7385916678285,176.514892578125
2025-07-29,177.7233037615148,179.14141320408203,174.78721179005433,175.27655029296875
2025-07-30,176.27521653092245,179.65072563032518,175.80584046425426,179.03155517578125
2025-07-31,182.65671589592668,183.05619299307685,175.69598557745124,177.63340759277344
2025-08-01,173.85844036702034,176.3051785902702,170.66269971388826,173.4889373779297
2025-08-04,174.9270307365029,179.9603205403546,174.28788258302183,179.76058959960938
2025-08-05,179.38107983649965,180.0202279532499,175.6660266458598,178.02288818359375
2025-08-06,176.09546439011424,179.66070799076476,176.01556896990587,179.1813507080078
2025-08-07,181.32851054269395,183.6354356942093,178.5621905082108,180.52957153320312
2025-08-08,181.30852119793246,183.05619350177665,180.16004168373897,182.4569854736328
2025-08-11,181.80784410502207,183.59545638109407,180.01023537809715,181.8178253173828
2025-08-12,182.7166509044063,184.234618174838,179.22130626788388,182.9163818359375
2025-08-13,182.37709375214726,183.72530422356274,179.11145412417423,181.3484649658203
2025-08-14,179.5108931379294,182.77654758863486,179.22128560637054,181.7778778076172
2025-08-15,181.6380820439347,181.658044469753,177.8031781362909,180.20997619628906
2025-08-18,180.359785616326,182.69666946783065,180.3497891649352,181.7678985595703
2025-08-19,182.1873336556069,182.25724785967336,175.25657768801665,175.4063720703125
2025-08-20,174.93699721113848,175.76589502196344,168.57547509149074,175.16668701171875
2025-08-21,174.61742144674352,176.66468235557974,173.57879631630271,174.7472381591797
2025-08-22,172.38041630972646,178.35245819257523,170.9722880586796,177.75326538085938
2025-08-25,178.11278178635797,181.6680441727565,176.33515059315872,179.57083129882812
2025-08-26,179.82049655621498,182.14739921043056,178.57215920342722,181.52822875976562
2025-08-27,181.73792838079515,182.24725973827816,178.86176968029795,181.3584442138672
2025-08-28,180.57950348224864,184.22464261974775,176.17536544772958,179.93035888671875
2025-08-29,177.87308356836775,177.91302365652732,172.91967451951007,173.94830322265625
2025-09-02,169.77387989783634,172.15071909272382,166.99757884564528,170.55284118652344
2025-09-03,170.83248363379096,172.18069419661035,168.65539040087648,170.39306640625
2025-09-04,170.34313981864827,171.6314173426514,169.18467902530818,171.4316864013672
2025-09-05,167.8065180303181,168.8051880252559,163.85179338392152,166.79786682128906
2025-09-08,167.32713700266137,170.73260486035574,167.12740607965867,168.08612060546875
2025-09-09,168.86507540993838,170.75256075129445,166.51821048710502,170.53285217285156
2025-09-10,176.4050468150653,179.05151589898875,175.2366048852674,177.09413146972656
2025-09-11,179.45113345293117,180.0503753259473,176.25521235533765,176.9443359375
2025-09-12,177.5435512454145,178.37249577533527,176.22522541777622,177.59349060058594
2025-09-15,175.44622258887705,178.62217970015598,174.28769658655634,177.52357482910156
2025-09-16,176.77453647764895,177.27389957504343,174.15787872389456,174.65724182128906
2025-09-17,172.42008695754546,172.97937117956877,168.1954794867923,170.0730743408203
2025-09-18,173.7583871307785,176.87442336525442,172.73969733735942,176.01551818847656
2025-09-19,175.54609885389235,177.8531538116004,174.95683884616588,176.4449462890625
2025-09-22,175.07670180251023,184.31491893588398,174.48745701577195,183.37611389160156
2025-09-23,181.73821238324945,182.18763613663097,175.9855548133895,178.2027130126953
2025-09-24,179.54100413716742,179.5509859124944,175.17656050171237,176.74456787109375
2025-09-25,174.2577508730865,180.03038734713982,172.90947958662534,177.4636688232422
2025-09-26,177.94304916264082,179.54101721374016,174.70717071687335,177.96302795410156
2025-09-29,180.20017297627672,183.7656330630971,180.09032771672483,181.61837768554688
2025-09-30,181.848063160254,187.11135435179565,181.2488213615314,186.3423309326172
2025-10-01,185.00404300205486,187.90034282726023,183.6657383394342,187.00149536132812
2025-10-02,189.35850113919957,190.80665113886596,187.82045419605362,188.64939880371094
2025-10-03,188.94900408551683,190.11751186051177,185.1438598655547,187.38099670410156
2025-10-06,185.2637075602064,186.9914995955013,183.09647356463947,185.30364990234375
2025-10-07,185.99277739696944,188.8191743935438,183.76562222076905,184.80429077148438
2025-10-08,186.33235229407293,189.35849142592937,186.30237648821537,188.86911010742188
2025-10-09,191.9851285494953,195.05122522476873,190.816620752273,192.32470703125
2025-10-10,193.26350393527704,195.37081685366852,181.81811007166195,182.92669677734375
2025-10-13,187.73056363822363,189.8678370807686,185.72312947730666,188.0801239013672
2025-10-14,184.53462639606815,184.5645869600227,179.47107773683655,179.8006591796875
2025-10-15,184.56460739230218,184.63451030281777,177.06416377208902,179.60093688964844
2025-10-16,181.99787810828644,183.0465437061986,179.5410200965125,181.5784149169922
2025-10-17,179.9504818191574,183.86550198639478,179.52103686227596,182.9866180419922
2025-10-20,182.89672994644732,184.96408521149223,181.4985041529273,182.4073486328125
2025-10-21,182.55714296878105,182.55714296878105,179.5709615871908,180.92922973632812
2025-10-22,180.9092591258601,183.20633238125785,176.53483359319367,180.05035400390625
2025-10-23,180.19017423035882,182.7968501503985,179.5609718650331,181.92796325683594
2025-10-24,183.60580497197222,187.23118563906056,183.26624175096782,186.02272033691406
2025-10-27,189.74798924630224,191.75542334831323,188.18996363054165,191.24607849121094
2025-10-28,192.80410966447576,202.89123585796654,191.66556232510956,200.77394104003906
2025-10-29,207.715080745974,211.9197249544373,204.51915980095313,206.77627563476562
2025-10-30,204.88867704045037,205.89740027142088,201.1534507471854,202.63156127929688
2025-10-31,206.18701808603035,207.70508615602077,201.81260775338424,202.23207092285156
2025-11-03,207.81493866642379,211.07078042213968,205.29814450690722,206.61647033691406
2025-11-04,202.7414122562426,203.71017785907821,197.67786326579136,198.43690490722656
2025-11-05,198.51681234435117,202.66152000582164,194.40205001057666,194.9613494873047
2025-11-06,196.169796348482,197.36826472822915,186.1425921093966,187.84042358398438
2025-11-07,184.66447901682176,188.08013622996737,178.68211848431696,187.91033935546875
2025-11-10,194.8614791513322,199.68532876518447,193.5431531870904,198.7964630126953
2025-11-11,194.91140808059743,195.17107140540628,191.05632435423007,192.91395568847656
2025-11-12,195.4706988945922,195.64048052491762,190.88654915774768,193.5531463623047
2025-11-13,190.80662838449902,191.1961309619508,183.61580336420005,186.62196350097656
2025-11-14,182.62707860640327,190.76669126639962,180.3499840264004,189.92776489257812
2025-11-17,185.73310233977776,188.75924133892028,184.08521029684528,186.3623046875
2025-11-18,183.14641371605563,184.5646030780414,179.42115405263684,181.1289825439453
2025-11-19,184.5545873026742,187.6206837111527,182.59709270204067,186.2823944091797
2025-11-20,195.70039225393623,195.7503316108911,179.62090987236718,180.40989685058594
2025-11-21,181.00913979899244,184.32490281868388,172.70971237567008,178.6521453857422
2025-11-24,179.2613745727385,183.26626122561635,176.25519889972114,182.31747436523438
2025-11-25,174.68719385821646,177.93305383278917,169.33402110596253,177.59349060058594
2025-11-26,181.3986455127995,182.67701383620675,178.01296428701193,180.03038024902344
2025-11-28,178.7819702942556,179.0616124091028,176.27517303639212,176.7745361328125
2025-12-01,174.53739527000454,180.07034727044882,173.45876908321011,179.69082641601562
2025-12-02,181.52845696763603,185.42349804109853,179.77070445469002,181.22885131835938
2025-12-03,180.8493441127912,182.21759414523953,178.88185225801445,179.36123657226562
2025-12-04,181.3987504426599,184.2952268834804,179.74078419330877,183.1566162109375
2025-12-05,183.66598269849337,184.43504894381925,180.6896172324408,182.1877899169922
2025-12-08,182.41751577930148,187.7709870845105,182.17780264974235,185.323974609375
2025-12-09,185.33395229946427,185.4937610485011,183.09669077375298,184.7446746826172
2025-12-10,184.74467463147755,185.2540478736652,181.8182359713298,183.55612182617188
2025-12-11,180.060377409269,181.09911899111663,176.40483245042134,180.70957946777344
2025-12-12,180.88937065842447,182.59729422559735,174.40727135263347,174.80679321289062
2025-12-15,177.7232402429772,178.20265125135413,174.8167814768023,176.0752410888672
2025-12-16,176.0452813318811,178.27257580423,174.68693742218818,177.50350952148438
2025-12-17,175.88548356566727,175.91544580087532,170.10252832729947,170.7317657470703
2025-12-18,174.3173807251694,175.93540231223645,171.6106906687844,173.9278564453125
2025-12-19,176.45477147838753,181.2289470656948,176.12517166919682,180.76951599121094
2025-12-22,183.6959478478248,183.935660967629,182.1278683380167,183.4662322998047
2025-12-23,182.7471036477755,189.099356383118,182.67718160782493,188.97950744628906
2025-12-24,187.71105179508496,188.67987134928,186.36269028434322,188.38023376464844
2025-12-26,189.68863982420257,192.45526970950266,187.7709805748158,190.2978973388672
2025-12-29,187.4813341773615,188.53004285167208,185.68352392965699,187.99070739746094
2025-12-30,188.01069817319677,188.75978454971104,186.70228116711607,187.31153869628906
2025-12-31,189.33907943283364,190.32786369396138,186.26282955778902,186.27281188964844
2026-01-02,189.60873357074172,192.69496568024334,188.03065649528438,188.6199493408203
2026-01-05,191.52640398377517,193.39413642527967,185.9232371396652,187.89083862304688
2026-01-06,190.2879203285983,191.935904267691,186.5924305704924,187.0119171142578
2026-01-07,188.34028795646717,191.13686475404677,186.3327268208183,188.87962341308594
2026-01-08,188.87963997886857,189.31910643994627,183.48622397884648,184.81459045410156
2026-01-09,184.8545293482555,186.1129888751533,183.44624341374129,184.63479614257812
2026-01-12,182.99680052530172,186.89204340473577,182.79704721562317,184.71470642089844
2026-01-13,184.7746378408776,187.88084992986475,183.17658082293008,185.58364868164062
2026-01-14,184.0954557419801,184.23528457453645,180.57973978602013,182.91688537597656
2026-01-15,186.27281050248445,189.46890929684608,186.103019420931,186.8221435546875
2026-01-16,188.84966224271636,190.20800608356458,185.85331687968656,186.0031280517578
2026-01-20,181.67839380225757,182.1578200140757,177.39362681050815,177.8530731201172
2026-01-21,178.8318922054109,185.15418310637224,178.18267486272933,183.09669494628906
2026-01-22,184.52493568425237,185.94320399708803,183.70592730123704,184.6148223876953
2026-01-23,187.27158465782284,189.3690325020707,186.59242035942677,187.44137573242188
2026-01-26,186.93200550896393,188.88960930416175,185.76343263076708,186.2428436279297
2026-01-27,187.01190478720812,189.76853699604698,185.47377232125424,188.29034423828125
2026-01-28,191.03700193406064,192.1156881225865,189.60873601436586,191.2866973876953
2026-01-29,191.10690928022157,193.244301759811,185.83334250366076,192.27548217773438
2026-01-30,190.97707539362895,194.25307849059112,189.23918956869622,190.8971710205078
2026-02-02,186.97195532434574,190.0681850900544,184.6547894061738,185.38389587402344
2026-02-03,186.01312186532803,186.04308409913696,176.01530661894333,180.12030029296875
2026-02-04,179.24138264216026,179.36123157735668,171.70057725198066,173.97779846191406
2026-02-05,174.71688060291817,176.604592702014,170.82163795446576,171.6706085205078
2026-02-06,176.47474973392875,186.77218713146127,174.3872995354016,185.1841278076172
2026-02-09,184.03552934237337,193.42408742490235,183.7259094221984,189.80848693847656
2026-02-10,191.1468699498802,192.24552080983682,187.89083145679504,188.31031799316406
2026-02-11,192.2155516352278,193.0245624433192,188.54004197866425,189.8184814453125
2026-02-12,192.79485804306626,193.3741533411549,186.28279615580217,186.7122802734375
2026-02-13,187.25162028422807,187.27160018883805,181.36879569323744,182.58731079101562
2026-02-17,181.5285959992061,186.92201173748992,178.9617194034806,184.7446746826172
2026-02-18,188.52005804720127,190.13807962880853,186.53247684939709,187.75099182128906
2026-02-19,186.8321237354349,188.20044994409497,185.43383529156333,187.6710968017578
2026-02-20,186.342734664171,190.09814888521723,185.71349722992974,189.58877563476562
2026-02-23,191.16683922839312,193.71373598373438,189.3490641935772,191.31666564941406
2026-02-24,191.2567378902843,193.53395924081437,187.171708627792,192.61508178710938
2026-02-25,194.2131137016724,197.38924768090467,193.5539140704845,195.32176208496094
2026-02-26,194.03334246429932,194.0533071271398,184.09546670933034,184.66476440429688
2026-02-27,181.0292033274304,182.36756729714082,176.1651407824763,176.97415161132812
2026-03-02,174.79680413295333,183.2365228635074,174.42725972943845,182.25770568847656
2026-03-03,178.27256086028186,180.67961330625172,176.70446619030554,179.83065795898438
2026-03-04,180.22019302825058,184.47499807110998,179.84065106191534,182.8170166015625
2026-03-05,180.94929874286032,183.83577756501342,177.6633132926684,183.1166534423828
2026-03-06,179.6209064601764,182.5373473445644,176.60459654479845,177.60337829589844
2026-03-09,176.61458806542097,182.68718325690133,175.34613090826778,182.427490234375
2026-03-10,182.17779858894656,186.21288569214076,181.7882742872215,184.544921875
2026-03-11,185.6935753620157,187.40157611978597,184.23526832414757,185.8134307861328
2026-03-12,183.83574790315467,184.72471123223085,181.53842231669145,182.9268035888672
2026-03-13,184.70472270189353,185.87335881208497,179.73052445930352,180.0401611328125
2026-03-16,182.7570048934839,188.66012868968363,181.19882333613754,183.0067138671875
2026-03-17,184.8445618023411,185.1841623368753,181.4684917186082,181.71820068359375
2026-03-18,182.26756764801692,183.16652908726184,180.12007659614625,180.1899871826172
2026-03-19,177.80276430906588,179.77047215436778,175.5853475010711,178.3521270751953
2026-03-20,177.79278016290237,178.05247199547227,171.52009228430225,172.4989471435547
2026-03-23,177.0536408486584,178.16234927411983,174.55655117338722,175.43553161621094
2026-03-24,174.6264683383626,176.01484951930743,173.777451794472,174.99603271484375
2026-03-25,176.89383761026875,181.00903649280792,176.64412864426953,178.47198486328125
2026-03-26,175.86504388946904,176.30451888215924,170.9407749866337,171.04066467285156
2026-03-27,169.80209026823204,170.77096223786808,166.81556566439232,167.32498168945312
2026-03-30,168.58352034150624,169.25273855906806,164.07877596313077,164.97772216796875
2026-03-31,166.77563225072552,174.41672082635512,166.7656493784466,174.1969757080078
2026-04-01,175.79511913229018,177.16351944386196,174.54657425208924,175.54541015625
2026-04-02,171.97954556798163,177.28337661769746,171.170490985778,177.18348693847656
2026-04-06,176.953760088437,177.58301630024127,175.55538077559635,177.43319702148438
2026-04-07,175.52541836668527,178.0225079733855,173.4578360976707,177.89266967773438
2026-04-08,184.28522303450282,185.0443328296099,180.09011531444295,181.8680419921875
2026-04-09,181.6283100364998,183.86570786090292,180.40972906189933,183.69590759277344
2026-04-10,184.09543736125556,189.77881591864653,184.08545448929232,188.41041564941406
2026-04-13,185.81343445538195,189.43921351677633,185.52377876103736,189.08961486816406
2026-04-14,190.61783708872017,196.28123474121094,190.54792650193752,196.28123474121094
2026-04-15,196.31119931453722,200.166706463506,195.5121427945441,198.63848876953125
2026-04-16,197.20015246424893,199.6173486077875,195.58204328148997,198.1190948486328
2026-04-17,199.66727910555997,201.46518667284232,199.03802288778024,201.44520568847656
2026-04-20,199.7471876833392,201.9346406188145,197.6096795882359,201.82476806640625
2026-04-21,201.89470437258373,202.51397775047528,198.76834314349978,199.64732360839844
2026-04-22,200.75603026628932,202.26426696777344,198.76834136586132,202.26426696777344
2026-04-23,202.22431724671497,203.59271751351986,196.99041179336916,199.4075927734375
2026-04-24,199.72721882416832,210.70441481695215,199.57738430538978,208.0275421142578
2026-04-27,209.4059296471886,216.5775789683675,207.13858324348888,216.3578338623047
2026-04-28,209.24613572912838,214.4800260296235,207.95762889823203,212.92184448242188
2026-04-29,212.4523894424142,212.47237042757808,207.33835459433345,209.00640869140625
2026-04-30,209.68560172993963,210.05518135667162,198.46867945247158,199.33767700195312
2026-05-01,201.0456862731779,202.76368521944246,196.89052532216473,198.21897888183594
2026-05-04,199.26774870200734,201.49514834231712,194.51329562325486,198.24893188476562
2026-05-05,199.06798360144137,200.00689171848026,195.80178617585554,196.271240234375
2026-05-06,199.65729931010404,208.0275486883452,198.37879062945476,207.5880584716797
2026-05-07,208.0974592073836,213.95063795079753,206.25960488465944,211.2537841796875
2026-05-08,212.7820061205359,217.5464575316693,212.642169707093,214.94947814941406
2026-05-11,213.79081709888328,222.04121091513153,213.64099781886503,219.18453979492188
2026-05-12,218.29558003818886,223.48952345691538,214.6698009927987,220.52297973632812
2026-05-13,224.6681467194947,227.57476278227756,221.3120728008497,225.56710815429688
2026-05-14,229.58243343997336,236.26463268418732,229.03307065698914,235.465576171875
2026-05-15,229.49252726355346,231.23050718880455,223.97896415639156,225.05770874023438
2026-05-18,229.60240180074675,229.7322553439391,218.1157890335498,222.0612030029297
2026-05-19,219.36432694236115,224.21866983705235,217.6563261548179,220.35317993164062
2026-05-20,222.9201831873553,225.8667612103758,220.2433103590018,223.20985412597656
2026-05-21,222.03121805596584,227.13526994336974,217.6762930684293,219.25445556640625
2026-05-22,220.64283833374193,220.75271088945502,214.54994865072538,215.07933044433594
2026-05-26,216.28791550863897,217.92600574795006,211.75320730356688,214.60987854003906
2026-05-27,213.87072806866348,213.90069192498567,208.53694826896,212.35250854492188
2026-05-28,211.03403615445995,215.2691056248748,210.97410844231206,214.00057983398438
2026-05-29,214.33020874183248,217.6063892667686,210.88422794322287,210.8942108154297
2026-06-01,215.47885750139108,224.60821672379726,215.44889364463796,224.09881591796875
2026-06-02,226.91551751623658,232.00958636747916,221.09231801448135,222.56060791015625
2026-06-03,221.46188713313538,222.56061267075634,214.2602739078757,214.5
2026-06-04,213.91000366210938,221.60000610351562,210.97000122070312,218.66000366210938
2026-06-05,214.52999877929688,214.8699951171875,204.3300018310547,205.10000610351562
2026-06-08,210.17999267578125,210.47000122070312,206.0,208.63999938964844
2026-06-09,210.6199951171875,211.39999389648438,199.33999633789062,208.19000244140625
2026-06-10,204.42999267578125,207.22000122070312,199.9199981689453,200.4199981689453
2026-06-11,201.49000549316406,205.66000366210938,199.5399932861328,204.8699951171875
2026-06-12,204.86000061035156,207.07000732421875,203.44000244140625,205.19000244140625
2026-06-15,208.9199981689453,212.7100067138672,208.33999633789062,212.4499969482422
2026-06-16,211.17999267578125,211.49000549316406,207.2899932861328,207.41000366210938
2026-06-17,208.52999877929688,209.2100067138672,203.0800018310547,204.64999389648438
2026-06-18,207.3300018310547,211.38999938964844,206.5,210.69000244140625
2026-06-22,211.44000244140625,213.99000549316406,207.72000122070312,208.64999389648438
2026-06-23,202.1699981689453,203.77000427246094,200.0,200.0399932861328
2026-06-24,200.1199951171875,201.6699981689453,196.5800018310547,199.0
2026-06-25,200.0800018310547,200.8000030517578,192.1300048828125,195.74000549316406
2026-06-26,193.1199951171875,195.5500030517578,191.22000122070312,192.52999877929688
2026-06-29,193.85000610351562,196.17999267578125,189.8000030517578,194.97000122070312
2026-06-30,197.24000549316406,200.6300048828125,195.11000061035156,200.08999633789062
2026-07-01,196.1999969482422,199.85000610351562,193.4499969482422,197.5800018310547
2026-07-02,197.14999389648438,200.05499267578125,192.35000610351562,193.0399932861328
