date,open,high,low,close
2021-07-02,949.7688855828178,966.0286658416347,947.9345627995748,964.284912109375
2021-07-05,967.6364952540457,975.3814069298204,965.3945518663345,973.8641357421875
2021-07-06,971.4863144110957,973.2752927037599,960.2765977537204,962.3599853515625
2021-07-07,963.6961219133111,963.6961219133111,950.2218196134942,955.679443359375
2021-07-08,958.8046409163389,958.8046409163389,942.522218479792,947.7760620117188
2021-07-09,945.692616426164,947.3684433649398,935.7737479702222,938.0836181640625
2021-07-12,941.9560333000883,951.8070347554016,939.5782363454429,943.92626953125
2021-07-13,951.1276748675257,952.5090925159022,945.7152754895722,950.9918212890625
2021-07-14,951.2860904215172,954.2300635744198,942.6353689523012,944.7867431640625
2021-07-15,948.8630578642602,948.8630578642602,941.3899132919198,943.1336669921875
2021-07-16,945.5793426478567,957.8081403899708,945.5114158643191,956.7437744140625
2021-07-19,951.1275859545519,961.9976083202988,947.6174964042133,950.6520385742188
2021-07-20,950.9011562369292,954.7509997157346,943.8809767465054,948.3195190429688
2021-07-22,959.7330340406753,961.9523350417173,950.289713605715,960.5029907226562
2021-07-23,966.7306870173245,966.7306870173245,952.0561048845019,953.7092895507812
2021-07-26,954.7510454031105,960.6389323639107,938.0383595793566,940.6426391601562
2021-07-27,940.6199818363403,943.7450933231961,924.8584510240973,930.746337890625
2021-07-28,932.1050093559254,932.1050093559254,913.1956670017476,922.7522583007812
2021-07-29,930.2933681370648,939.5329082786225,925.4924300252735,929.9536743164062
2021-07-30,932.1050565925411,936.6115854453042,919.9215431668897,921.8238525390625
2021-08-02,930.4292625094815,941.7974744869755,924.4733894897529,938.67236328125
2021-08-03,946.5984271599676,947.0513322851771,934.9131634487219,945.579345703125
2021-08-04,948.5912282263394,957.4684320780918,945.2396345210956,952.8260498046875
2021-08-05,957.604315821072,975.9474827845528,953.0525024475675,966.6400756835938
2021-08-06,964.6924564242829,972.392083052254,941.5030673967123,946.1681518554688
2021-08-09,942.522196064497,946.5078930939915,935.9548618556917,940.7784423828125
2021-08-10,942.9751378756041,957.0156171230963,939.2385654839516,945.7152709960938
2021-08-11,949.7461759426325,960.1859355324891,943.6091647712293,958.9630737304688
2021-08-12,962.4052292074406,962.994047792915,953.3921717385531,955.8832397460938
2021-08-13,958.9630848706249,973.7282353115995,955.181228214771,971.8032836914062
2021-08-16,973.4790435776864,997.7780819018561,963.8771679992134,984.4169921875
2021-08-17,982.310986419895,989.7161436724384,972.7996796494008,980.2275390625
2021-08-18,984.6435653646352,990.4408829212671,974.9511198541776,984.0321044921875
2021-08-20,970.6030393085123,983.7376470917055,967.88554870858,972.9808959960938
2021-08-23,984.6435509846982,984.6435509846982,965.7568499022403,979.3670654296875
2021-08-24,980.5899844960273,992.7961409161452,976.3098780018888,989.0369262695312
2021-08-25,989.8069092436782,1005.4778714076189,987.4064100092222,997.5970458984375
2021-08-26,1000.0427010414176,1016.7553848783828,998.6839258042111,1010.210693359375
2021-08-27,1013.1773788430729,1015.7817181947378,1003.6887734868195,1008.829345703125
2021-08-30,1019.0652631807153,1030.7732288164937,1013.0867479284576,1028.23681640625
2021-08-31,1031.2487577395646,1034.3512267943545,1015.5551545716548,1022.756591796875
2021-09-01,1029.4825691995866,1038.4956282529236,1024.9533974079704,1026.810302734375
2021-09-02,1021.3299483032399,1045.2440116453542,1021.3299483032399,1039.1749267578125
2021-09-03,1046.2403322593964,1084.7384068201698,1042.8435137983438,1081.79443359375
2021-09-06,1092.8909697996994,1123.2365131929273,1092.4380047519112,1098.5977783203125
2021-09-07,1100.5904921516135,1113.272195169168,1092.4379602260194,1105.52734375
2021-09-08,1110.5549614804072,1111.460771899485,1090.0150722909684,1101.2021484375
2021-09-09,1099.6394421897962,1104.145971203985,1094.2950296674799,1098.5977783203125
2021-09-13,1101.949327153265,1101.949327153265,1072.5323557228828,1074.1175537109375
2021-09-14,1075.6801166083583,1084.2854942866497,1071.6037904973264,1072.7135009765625
2021-09-15,1072.7362021275617,1085.078152851648,1072.7362021275617,1077.1748046875
2021-09-16,1078.6465641491313,1103.647571826163,1072.0565884901453,1099.775146484375
2021-09-17,1107.8371172912175,1112.2983612101125,1075.9516645338,1082.7227783203125
2021-09-20,1074.3666078022443,1095.3140549772365,1073.415512979037,1084.444091796875
2021-09-21,1089.2675674362638,1094.521410709491,1079.756260196694,1089.1317138671875
2021-09-22,1090.6262009705367,1106.0253328041451,1086.2102417475817,1100.81689453125
2021-09-23,1108.4713001643795,1130.9360171926044,1107.6107744419755,1127.7203369140625
2021-09-24,1133.9026086017536,1134.7631343059459,1119.613065939266,1124.459228515625
2021-09-27,1126.4068411721403,1145.8370159244848,1121.1077134942575,1143.3685302734375
2021-09-28,1147.6938200602945,1161.6890123387186,1138.0919448330371,1154.057373046875
2021-09-29,1163.9992386829224,1163.9992386829224,1141.3760209862874,1144.9088134765625
2021-09-30,1143.6178894191034,1147.965922997723,1132.4534560345573,1141.0135498046875
2021-10-01,1133.1779894261922,1150.320936930379,1130.0302358504632,1143.0289306640625
2021-10-04,1156.2994941506686,1166.1957202690803,1149.0754144086845,1157.7261962890625
2021-10-05,1157.2505376163047,1183.0216242133338,1153.7403880823629,1181.75341796875
2021-10-06,1186.62241515062,1186.62241515062,1155.4391042037028,1159.402099609375
2021-10-07,1175.3219190109808,1177.0204479976474,1162.9573276219362,1165.0860595703125
2021-10-08,1170.9058970806193,1215.8128063604343,1169.2074879845059,1209.85693359375
2021-10-11,1223.512539721895,1231.9367793726578,1198.1264896541243,1201.4327392578125
2021-10-12,1197.9680041586355,1215.1788796176056,1196.2694750157295,1208.29443359375
2021-10-13,1213.3669853963502,1231.7102112927382,1208.9736680853593,1220.591064453125
2021-10-14,1223.036805981498,1230.7817769408248,1217.0809330176019,1223.0594482421875
2021-10-18,1208.656838063519,1243.2597273294034,1205.8034336758178,1226.3206787109375
2021-10-19,1233.6577079515857,1246.1356302424738,1226.5016753447112,1237.3037109375
2021-10-20,1242.2405578545067,1242.2405578545067,1219.0285268378586,1223.0594482421875
2021-10-21,1235.2883536749923,1235.5600608138357,1179.0358711096487,1187.7772216796875
2021-10-22,1186.6448064236538,1206.9809106504802,1182.7950231580921,1189.9964599609375
2021-10-25,1213.819979870448,1213.819979870448,1163.9989792562783,1178.4017333984375
2021-10-26,1185.3313994732075,1208.7924943194173,1179.0131308175069,1205.237060546875
2021-10-27,1201.1382490708493,1212.3706072222662,1186.6221641632774,1189.9964599609375
2021-10-28,1186.6450838297792,1194.7749750089235,1173.284110478914,1176.95263671875
2021-10-29,1175.8427530223264,1175.8427530223264,1133.0646952081202,1148.7130126953125
2021-11-01,1148.7130092033958,1157.6581394917466,1129.6224692481335,1149.4150390625
2021-11-02,1152.6760985535552,1154.0348738636576,1130.143454028727,1132.6571044921875
2021-11-03,1135.034999269857,1141.353269066621,1114.6310849978502,1124.8670654296875
2021-11-04,1129.1016597099565,1134.514118637374,1127.7656464746356,1131.77392578125
2021-11-08,1141.081448693073,1141.3532756603024,1112.5476437566415,1133.1781005859375
2021-11-09,1134.5594552172417,1145.38413396809,1126.4295651226153,1142.1231689453125
2021-11-10,1139.858648545967,1158.5641535733516,1133.9480592535028,1154.8955078125
2021-11-11,1150.4341308509872,1164.2254244154967,1148.3959679290283,1157.00146484375
2021-11-12,1160.783343266853,1177.0204805624614,1158.1110771767962,1174.46142578125
2021-11-15,1177.586582367733,1178.583081524526,1163.9990683781703,1167.5318603515625
2021-11-16,1164.927627982119,1166.2637612012684,1130.0303872332545,1140.4022216796875
2021-11-17,1131.819326460902,1131.819326460902,1114.631092727357,1115.9898681640625
2021-11-18,1114.177982402732,1127.3126501781812,1109.6714536653499,1120.2017822265625
2021-11-22,1103.353466536403,1109.1961291306902,1064.8101030658254,1070.5848388671875
2021-11-23,1056.6801744196864,1087.5692534410966,1045.7875684738456,1080.59423828125
2021-11-24,1077.9446209027212,1091.4868494573443,1061.4357769402945,1064.9912109375
2021-11-25,1074.7742721480843,1133.2006528139436,1067.5954770563671,1129.1016845703125
2021-11-26,1117.7107252384765,1122.1493269988055,1087.6822964764374,1092.709716796875
2021-11-29,1104.712245845007,1132.2949564813318,1086.5954393266575,1105.7991943359375
2021-11-30,1117.8012696969345,1121.3793456985663,1081.9528225027632,1089.4486083984375
2021-12-01,1101.9492572911422,1120.5189065172979,1098.3711810133602,1117.3485107421875
2021-12-02,1118.5714698041102,1130.5737867535804,1114.9028239659328,1124.52734375
2021-12-03,1131.5702131686844,1131.6154976946157,1087.0030516324528,1090.7396240234375
2021-12-06,1094.2497321105475,1098.3259382907745,1067.595476803198,1070.0638427734375
2021-12-07,1076.2010153934032,1088.8146726752468,1068.8863664494722,1078.7825927734375
2021-12-08,1097.9184786382343,1101.4058665244686,1089.8565147837464,1095.200927734375
2021-12-09,1102.85522364802,1120.926625884508,1098.326051956675,1112.5703125
2021-12-10,1105.2327501452526,1116.8954302844725,1100.7488640809006,1113.702392578125
2021-12-13,1120.2923720879173,1120.5640791956964,1088.8144806900814,1091.37353515625
2021-12-14,1077.9445243946013,1089.7204159270498,1074.9552669933066,1078.012451171875
2021-12-15,1079.7561930783932,1089.2674997267343,1069.3843607457343,1074.86474609375
2021-12-16,1089.5845283011158,1094.0231302341062,1072.8039773873268,1088.769287109375
2021-12-17,1086.1196915464664,1090.6262198818429,1050.7693748912868,1060.0316162109375
2021-12-20,1049.7957435304404,1049.7957435304404,1017.7517924627566,1031.45263671875
2021-12-21,1046.851681002988,1062.5452825090044,1038.1783778851348,1046.806396484375
2021-12-22,1052.9887088013688,1074.275907104783,1051.6753379399179,1071.64892578125
2021-12-23,1075.2271551661324,1077.944705915956,1068.0031950967277,1071.26416015625
2021-12-24,1073.4155095265614,1083.3796623765666,1058.718285237532,1074.6837158203125
2021-12-27,1069.588333994207,1077.0388360812635,1063.4966072069749,1073.5286865234375
2021-12-28,1075.9517717574063,1089.1996512774408,1074.7968966086662,1086.2783203125
2021-12-29,1082.926817028114,1095.6085205634522,1078.8957755234705,1088.1353759765625
2021-12-30,1087.003127167027,1089.245070757408,1062.3643899373753,1068.478759765625
2021-12-31,1074.7741732718725,1079.710904759357,1068.8862272626782,1072.5775146484375
2022-01-03,1071.150790940942,1090.6036067166367,1070.4940456132024,1088.74658203125
2022-01-04,1094.2044407783767,1114.6309956772857,1088.81462402871,1113.3175048828125
2022-01-05,1115.0838981501056,1121.8776545605729,1101.9265882823174,1118.5260009765625
2022-01-06,1110.1924425923644,1111.4606489189575,1091.0792578429503,1094.4761962890625
2022-01-07,1101.0207557139988,1113.294777565113,1092.2341211399646,1103.3079833984375
2022-01-10,1110.554901449293,1112.819487274749,1094.2724778501188,1104.2139892578125
2022-01-11,1103.3081569787676,1120.9492358826358,1102.8551919025351,1112.1627197265625
2022-01-12,1119.2960312179016,1143.595131948247,1116.4426269818646,1141.851318359375
2022-01-13,1141.9194026287705,1150.8645340891296,1136.0993826537385,1148.2828369140625
2022-01-14,1148.1469975068374,1162.7761757448827,1144.0027445379585,1149.9586181640625
2022-01-17,1149.5057137125311,1161.7344520199854,1149.0527486713804,1155.959716796875
2022-01-18,1157.0922278353653,1160.5343313379433,1139.4283858183082,1142.1685791015625
2022-01-19,1145.882379974198,1151.3173615953267,1136.3710722869748,1142.077880859375
2022-01-20,1132.3173998078944,1136.801286170844,1111.9133687702085,1122.0814208984375
2022-01-21,1110.5548482538704,1133.3139167394952,1110.5548482538704,1122.2626953125
2022-01-24,1120.9717499530957,1134.4461715764583,1066.666981959244,1076.9935302734375
2022-01-25,1064.1532222498897,1081.8623458947789,1043.9757327083191,1074.887451171875
2022-01-27,1058.0161903944513,1067.1198169153088,1046.7159051568356,1058.96728515625
2022-01-28,1071.1508364816766,1076.087568078922,1054.5740661673967,1057.9482421875
2022-01-31,1068.9768076649402,1089.9016105598887,1067.1650674426833,1080.933837890625
2022-02-01,1090.6263567842825,1096.333045361315,1063.0436492942567,1077.3558349609375
2022-02-02,1090.1733881906252,1090.1733881906252,1075.725349000261,1079.552490234375
2022-02-03,1083.3795890325775,1087.6596951339798,1063.0888887078768,1065.6025390625
2022-02-04,1060.280768575064,1063.655064440526,1051.2677111603737,1055.887451171875
2022-02-07,1060.7336971993545,1067.4368843783152,1043.9756693517945,1049.4560546875
2022-02-08,1055.5932232086295,1068.8863882514995,1046.2404110052712,1067.0972900390625
2022-02-09,1073.936188431649,1081.2055520274612,1067.9804353407576,1079.52978515625
2022-02-10,1085.055306543387,1085.055306543387,1071.19608713209,1078.420166015625
2022-02-11,1074.887628748344,1079.9829770138074,1061.6850317485462,1076.3143310546875
2022-02-14,1059.9409770619127,1066.5988789592388,1047.598910138542,1059.1710205078125
2022-02-15,1064.9006018983252,1097.8278430466569,1057.880422222606,1095.1329345703125
2022-02-16,1100.5904953127101,1101.9492706042658,1085.16871921443,1092.8682861328125
2022-02-17,1096.1065786813085,1111.8681080705421,1091.5321231787168,1106.704833984375
2022-02-18,1107.112541400613,1112.5475227496659,1096.1292475949579,1098.05419921875
2022-02-21,1092.4380298945582,1103.9875007758346,1080.0281530233087,1086.957763671875
2022-02-22,1065.6705251768456,1085.146105195485,1063.066305633856,1082.0208740234375
2022-02-23,1087.5012562225045,1089.9696221846223,1072.5096827529123,1075.249755859375
2022-02-24,1043.975778151862,1059.7827129241718,1016.0760782454672,1021.6695556640625
2022-02-25,1032.698081014629,1045.3118571320392,1030.9543872983322,1034.44189453125
2022-02-28,1015.8948766365417,1072.2151647642706,1015.8948766365417,1068.682373046875
2022-03-02,1057.3142599474093,1087.4560239699686,1054.9364629191114,1086.3463134765625
2022-03-03,1087.0031046986949,1093.728935330815,1073.4382321141,1077.1748046875
2022-03-04,1065.7159678106761,1070.8339584078715,1050.928292256373,1053.283447265625
2022-03-07,1032.0640445664155,1047.1915918601796,1006.3836454479082,1014.3323974609375
2022-03-08,1001.6279025675499,1017.2536381523959,987.361002125067,1012.4979248046875
2022-03-09,1012.7244638561707,1072.05665089973,1011.8864606126765,1066.2139892578125
2022-03-10,1087.0029472759036,1089.267532756051,1068.8862634347242,1083.4927978515625
2022-03-11,1076.1555181267943,1091.9850941858494,1076.1555181267943,1086.617919921875
2022-03-14,1081.0697243173254,1098.0541754406872,1075.2270625884603,1095.5404052734375
2022-03-15,1099.6620420875429,1099.6620420875429,1060.2128731362302,1070.4488525390625
2022-03-16,1078.8504605069668,1090.5810688907009,1076.6311594559988,1088.520263671875
2022-03-17,1101.8362205198277,1131.1173411560007,1093.8421832317183,1124.006591796875
2022-03-21,1106.9315283978274,1125.0482148088292,1104.6669425964524,1117.52978515625
2022-03-22,1114.2233926126817,1148.1243719419283,1111.2795389519592,1146.4033203125
2022-03-23,1142.7119015169374,1161.6664689349448,1142.7119015169374,1150.049072265625
2022-03-24,1136.8240104486479,1170.4078760728964,1136.8240104486479,1167.916748046875
2022-03-25,1169.6604672992412,1184.8331776508987,1167.169339474114,1175.7069091796875
2022-03-28,1182.1157391354113,1191.0608703717303,1171.472198621402,1187.5281982421875
2022-03-29,1194.7974641560254,1194.7974641560254,1180.9382429362058,1187.7999267578125
2022-03-30,1195.6580225208536,1217.4433519238278,1185.3314742474283,1210.626953125
2022-03-31,1207.0036419353132,1209.1550162306944,1190.5400818204482,1193.325439453125
2022-04-01,1193.891542920345,1207.094137293246,1187.5507515318518,1202.8819580078125
2022-04-04,1202.7009276541294,1211.555489970758,1196.45070474843,1206.4375
2022-04-05,1200.7307025551163,1209.2456310104756,1186.9620503043643,1189.3851318359375
2022-04-06,1171.7441602323938,1193.2123818265243,1171.7441602323938,1186.21484375
2022-04-07,1175.367404397338,1180.304256772375,1162.640414854713,1165.2900390625
2022-04-08,1159.4698932414146,1188.9096265891387,1159.4698932414146,1184.6748046875
2022-04-11,1177.5865608022991,1195.0466201854251,1169.8869936426172,1182.2064208984375
2022-04-12,1171.698565177911,1178.7641486995603,1157.3863798447205,1159.9454345703125
2022-04-13,1166.0371790472568,1174.2349955581562,1152.9025109003892,1155.68798828125
2022-04-18,1147.2411835351893,1159.3793533809223,1142.1684779905993,1152.1552734375
2022-04-19,1158.5639783200388,1208.3849780863475,1155.416224906424,1196.0655517578125
2022-04-20,1203.4481327307994,1238.2775602010167,1199.8247720277507,1231.234619140625
2022-04-21,1245.9319403276972,1263.1880996959114,1237.3717275306717,1260.06298828125
2022-04-22,1249.5551722154648,1269.075915209395,1242.8972695502077,1249.5098876953125
2022-04-25,1242.0821076628993,1249.3287095526507,1206.414795351199,1220.61376953125
2022-04-26,1227.4075203143414,1265.9055943331985,1226.3658564890222,1257.1416015625
2022-04-27,1248.1738072854712,1280.8518611647926,1247.8114113086813,1258.364501953125
2022-04-28,1272.6767577965609,1291.269050141953,1261.874601680994,1277.16064453125
2022-04-29,1293.6015662528664,1293.6015662528664,1257.8889681093667,1263.7542724609375
2022-05-02,1250.9593611931234,1270.6612443033114,1249.1702630612974,1259.315673828125
2022-05-04,1261.3764403153348,1263.6410258882418,1212.1442565160846,1220.0023193359375
2022-05-05,1233.5219702392728,1236.4659436174286,1192.0800401164388,1196.1109619140625
2022-05-06,1183.112189870724,1204.3087009820067,1174.6651887519583,1186.9393310546875
2022-05-09,1166.2410086662385,1176.2732081933118,1135.4652620079833,1140.583251953125
2022-05-10,1130.0301899582084,1144.3423749690376,1113.2721615832613,1120.813232421875
2022-05-11,1119.9075231154202,1125.478478168712,1096.9445548183617,1109.3319091796875
2022-05-12,1099.458311385817,1102.787203178042,1073.4155164726255,1086.7313232421875
2022-05-13,1098.7789520224087,1122.3306194635952,1093.9553113783713,1099.0506591796875
2022-05-16,1102.6059947530612,1123.6892942266647,1094.54403200538,1099.3223876953125
2022-05-17,1102.9003909379085,1150.366239393939,1101.496331090796,1145.497314453125
2022-05-18,1150.2531253037505,1163.9991359295223,1136.0315073346198,1149.664306640625
2022-05-19,1125.0481241931686,1137.956250241304,1116.918234266966,1123.16845703125
2022-05-20,1137.956229855782,1197.6961004424857,1133.2006360812218,1188.660400390625
2022-05-23,1191.8534622113486,1201.8403770570499,1174.4161648907582,1180.7117919921875
2022-05-24,1180.7569797022973,1194.7973375363194,1176.5448004718992,1184.7652587890625
2022-05-25,1193.4387237828619,1203.2670225299603,1178.2658929997126,1183.0216064453125
2022-05-26,1188.637781781663,1193.3934954511844,1154.0348942869591,1171.7440185546875
2022-05-27,1174.4388502012214,1179.9191164627784,1150.4568600156867,1166.3089599609375
2022-05-30,1184.3803827895526,1211.1025664956994,1174.9597635821942,1206.935791015625
2022-05-31,1196.3373846577454,1213.2765527152142,1184.697464521731,1192.3743896484375
2022-06-01,1193.1215535044294,1202.587575606305,1184.9237375655662,1192.75927734375
2022-06-02,1192.98576447725,1237.5755649319342,1192.98576447725,1233.88427734375
2022-06-03,1242.8068535360608,1276.0283243723425,1241.9009234208313,1258.8853759765625
2022-06-06,1259.1120268728403,1274.5111629536582,1246.3396331112071,1253.47314453125
2022-06-07,1254.5372764842177,1264.139152836091,1246.4527910651425,1255.828125
2022-06-08,1255.8281557796806,1259.564728048269,1230.260968517713,1233.7711181640625
2022-06-09,1227.4075206691546,1269.5288357275542,1227.4075206691546,1267.60400390625
2022-06-10,1255.4432409626409,1263.5957731905057,1223.5577842447772,1229.33251953125
2022-06-13,1200.232652493234,1210.5590824670344,1184.9692504760867,1206.0751953125
2022-06-14,1200.2551062805883,1210.1286894158018,1183.6782159302647,1190.3134765625
2022-06-15,1185.5354082981676,1194.4805402025763,1170.5211912252462,1175.910888671875
2022-06-16,1188.0037758538701,1204.3314838613276,1156.7524198124486,1159.469970703125
2022-06-17,1159.4698594973618,1188.8415454022556,1157.7035234680366,1173.057373046875
2022-06-20,1179.8510396489687,1185.3314250139977,1141.8512172581657,1151.7928466796875
2022-06-21,1159.4698864092793,1174.5973137201734,1145.112415821389,1170.38525390625
2022-06-22,1158.6093864513275,1158.6999555030718,1132.7477291666964,1134.8311767578125
2022-06-23,1139.111305663959,1143.6178348788872,1107.3843432520748,1116.4200439453125
2022-06-24,1123.2365200121847,1137.2768791745684,1117.8014186070498,1132.3175048828125
2022-06-27,1152.6534598644344,1152.6534598644344,1123.9383995696694,1128.9658203125
2022-06-28,1124.187598454475,1147.67133814574,1124.187598454475,1144.840576171875
2022-06-29,1135.555858296585,1176.2279518820312,1132.7477384681235,1168.59619140625
2022-06-30,1168.5283502683608,1184.7881319891096,1162.187557726763,1175.6165771484375
2022-07-01,1166.2183382001654,1173.9631898181497,1071.150907551117,1090.943359375
2022-07-04,1077.4691189892487,1106.025565464495,1071.6490989100685,1093.2080078125
2022-07-05,1097.42011751126,1116.3973279805082,1094.7478514073186,1102.0625
2022-07-06,1096.1064446391106,1106.0026688439268,1081.5678387167336,1092.369873046875
2022-07-07,1098.7335863010783,1102.0624779330788,1075.6800503518655,1081.61328125
2022-07-08,1095.155633472675,1095.155633472675,1079.0996326989614,1083.1080322265625
2022-07-11,1076.3594210782474,1100.046939975301,1073.4154479368833,1097.8277587890625
2022-07-12,1088.8146344584836,1104.983845261713,1088.8146344584836,1096.26513671875
2022-07-13,1099.3677256155834,1102.4022679488555,1074.7742754785731,1076.8349609375
2022-07-14,1081.5680252499114,1102.3796184650857,1076.5632467388843,1085.712158203125
2022-07-15,1093.796752824721,1093.796752824721,1079.3487135847495,1087.8182373046875
2022-07-18,1096.5143900160117,1098.3260107043704,1083.5155743058108,1097.08056640625
2022-07-19,1087.1389350761635,1108.2902834767385,1087.1389350761635,1103.806396484375
2022-07-20,1150.4114709277653,1151.543703777921,1126.0670869457035,1133.6534423828125
2022-07-21,1129.577351299841,1132.2949020971544,1117.484465892399,1126.08984375
2022-07-22,1132.29491466853,1139.6774905895736,1130.0303289124045,1133.698974609375
2022-07-25,1117.5522733397709,1117.5522733397709,1088.361726850526,1096.242431640625
2022-07-26,1096.5597066124965,1106.8862563190191,1092.1437462800975,1096.7408447265625
2022-07-27,1096.0387306174957,1099.2317688342157,1087.908840568981,1095.6990966796875
2022-07-28,1103.3081533989875,1117.7788361232904,1096.5143960795697,1112.86474609375
2022-07-29,1120.8358207488034,1140.039571763476,1115.9896583759382,1136.57470703125
2022-08-01,1140.968245399228,1172.038463313215,1135.7370437974075,1166.19580078125
2022-08-02,1165.1312476689257,1181.119198519279,1160.1717542868648,1170.6341552734375
2022-08-03,1177.586478112168,1182.11564904104,1162.8440902328596,1180.4625244140625
2022-08-04,1182.1157790494954,1185.6259288355277,1148.1469933470867,1164.859619140625
2022-08-05,1166.7165845896059,1167.9846710602349,1144.5009315875282,1147.6939697265625
2022-08-08,1146.3352600049257,1170.1361123075012,1146.3352600049257,1162.708251953125
2022-08-10,1167.1241099957583,1173.0120563323646,1158.1336946618562,1169.6605224609375
2022-08-11,1178.9905230785732,1182.070349687536,1168.6186906335156,1173.5555419921875
2022-08-12,1173.1931102851886,1196.314571208688,1169.5245850188705,1192.53271484375
2022-08-16,1198.511296976361,1203.5387175050762,1189.9512045412775,1200.8211669921875
2022-08-17,1207.0263114935751,1212.4160085847718,1202.746205068067,1207.09423828125
2022-08-18,1208.6925853891362,1212.7820913718717,1199.6955520359063,1209.2833251953125
2022-08-19,1204.148579928399,1209.464997552082,1183.6779742626552,1187.72216796875
2022-08-22,1189.1535324408326,1195.651309470641,1175.0672431781986,1184.427734375
2022-08-23,1178.7024907985585,1205.6027266806439,1177.4982950302235,1202.694580078125
2022-08-24,1199.6500999587201,1213.2365143204822,1197.4917062121833,1199.490966796875
2022-08-25,1203.671444195302,1210.0102083418858,1191.6981161929027,1195.9921875
2022-08-26,1196.4238336256965,1204.148643044039,1184.6096383933834,1189.60791015625
2022-08-29,1174.6128173581192,1206.4205794013706,1171.4547933496005,1180.3609619140625
2022-08-30,1187.790382333822,1201.9902529871206,1170.795945790086,1198.673095703125
2022-09-01,1173.5450568236956,1183.6780172121637,1159.0270403092493,1163.4346923828125
2022-09-02,1163.4346809089884,1170.2278880627014,1147.6671567250864,1149.8482666015625
2022-09-05,1150.0754462865928,1173.0224725362493,1150.0754462865928,1167.7060546875
2022-09-06,1169.1601553219334,1184.1552111927028,1168.7057123414318,1179.9974365234375
2022-09-07,1170.0689487334319,1179.1114147484413,1167.796974159679,1173.1361083984375
2022-09-08,1176.0896159479148,1180.519984126391,1168.2513462113554,1174.7945556640625
2022-09-09,1185.9727033347192,1185.9727033347192,1165.0704903678632,1167.4788818359375
2022-09-12,1168.046804859231,1186.8816091364133,1168.046804859231,1180.542724609375
2022-09-13,1189.607891122723,1194.9243089400052,1181.8832020191865,1190.403076171875
2022-09-14,1170.0688394223355,1185.9726599528265,1169.046493026583,1176.135009765625
2022-09-15,1173.7039298739198,1183.0417041001508,1161.7760353689525,1164.479736328125
2022-09-16,1155.8689337357673,1160.0721402601105,1131.8995628990685,1135.6256103515625
2022-09-19,1135.6257495827476,1146.3040180403946,1127.5147655140897,1137.1025390625
2022-09-20,1146.1903481529216,1153.119972213298,1133.5808482063046,1137.2841796875
2022-09-21,1134.5125199123227,1150.9843653188254,1133.7173348356014,1140.419677734375
2022-09-22,1129.6276634257686,1137.3523524884633,1123.3116153435435,1129.673095703125
2022-09-23,1129.1733426023927,1134.1488981287762,1106.9533532004177,1108.498291015625
2022-09-26,1087.8458377106697,1098.6378053004141,1079.257816102584,1080.2574462890625
2022-09-27,1087.8231145473603,1102.3638454814661,1072.4191704410875,1088.8455810546875
2022-09-28,1072.5327497220442,1080.5528678614462,1057.4241154049128,1059.8551025390625
2022-09-29,1072.3739712142797,1075.7818731361092,1051.017313085339,1056.6064453125
2022-09-30,1050.108360317172,1091.458340177691,1050.108360317172,1080.4393310546875
2022-10-03,1086.687214378407,1098.251530811662,1073.7369732258553,1076.6905517578125
2022-10-04,1089.5498341414104,1098.7285948569065,1086.073664575446,1096.5474853515625
2022-10-06,1103.727347518156,1113.2695695159011,1098.797103333005,1100.5919189453125
2022-10-07,1097.2065545320427,1110.4976589700225,1097.2065545320427,1105.2493896484375
2022-10-10,1092.8216022630288,1098.547030597458,1085.0969133921378,1093.1851806640625
2022-10-11,1096.911150105876,1096.911150105876,1068.329679997323,1071.4195556640625
2022-10-12,1068.7386577474495,1082.2342073300697,1064.6944639855953,1079.3033447265625
2022-10-13,1077.5538882747444,1087.8231445652352,1072.419200033899,1082.7340087890625
2022-10-14,1097.3654596284905,1097.9789154976827,1076.508681223135,1077.2357177734375
2022-10-17,1070.1018190034106,1096.911067683068,1064.9216983657,1094.5255126953125
2022-10-18,1100.5461774083603,1119.1764135169963,1099.7055601937943,1113.8372802734375
2022-10-19,1115.3142054707246,1148.6441893082867,1109.497912475689,1133.2174072265625
2022-10-20,1129.1734452455337,1144.6228248019718,1129.1734452455337,1136.261962890625
2022-10-21,1139.4879233106462,1143.6229813098248,1120.994103570685,1123.084228515625
2022-10-24,1117.8133802746593,1137.1252236758137,1115.6778227953112,1126.8331298828125
2022-10-25,1135.5347355693707,1135.5347355693707,1107.8166013928017,1109.4296875
2022-10-27,1116.904583955269,1121.6530982836084,1105.453847178534,1113.7919921875
2022-10-28,1120.085180684718,1151.8929390234955,1117.5633290375395,1147.87158203125
2022-10-31,1154.6195667238408,1163.684748855419,1150.620804946696,1158.52734375
2022-11-01,1181.428644108962,1181.428644108962,1139.6243422706675,1149.5528564453125
2022-11-02,1150.6662509085427,1158.7999512079832,1142.805264482869,1156.732421875
2022-11-03,1149.5530246719463,1163.0485752218901,1147.3719146666933,1161.0491943359375
2022-11-04,1160.4810755593053,1181.428720196316,1159.2088516372303,1178.1343994140625
2022-11-07,1177.3392175630618,1186.1090891689403,1169.6145286927685,1184.427734375
2022-11-09,1186.109174333478,1191.4028762322173,1176.9075752515669,1183.2464599609375
2022-11-10,1176.8848340514855,1179.8611290593667,1164.616195791804,1168.9329833984375
2022-11-11,1181.4286729917058,1197.7869359415272,1175.9759587388326,1195.8785400390625
2022-11-14,1195.4015009715274,1200.5134736804264,1183.7689145270133,1190.0850830078125
2022-11-15,1191.5617725862496,1193.4247362453084,1176.8847439241665,1184.745849609375
2022-11-16,1185.972635134196,1188.6763362500183,1172.954245151571,1177.95263671875
2022-11-17,1174.5901593039591,1187.3359568517499,1172.3409009131724,1180.9971923828125
2022-11-18,1184.495900066872,1185.518366679259,1168.2967693410817,1180.3609619140625
2022-11-21,1175.9759375856167,1175.9759375856167,1155.5736016352212,1159.117919921875
2022-11-22,1156.4369938334312,1167.1152613187112,1152.5746494360667,1165.547607421875
2022-11-23,1170.0688915510787,1171.3866679891707,1159.7313656787815,1161.9124755859375
2022-11-24,1165.9794167577484,1178.7024981272687,1157.8911489931052,1171.9320068359375
2022-11-25,1176.430472976704,1192.7431844497548,1173.295044904841,1189.4261474609375
2022-11-28,1185.472802558626,1236.4332684225644,1136.8978915395971,1230.2989501953125
2022-11-29,1228.6632233258865,1241.2500078770877,1224.1419904117938,1232.4119873046875
2022-11-30,1232.54834119291,1247.5206802015884,1226.0504438987869,1241.1136474609375
2022-12-01,1245.8619813701127,1251.8600031393141,1234.1386516701657,1237.4556884765625
2022-12-02,1240.50026242272,1248.6793948058917,1227.1410088571656,1236.9332275390625
2022-12-05,1232.3210781772725,1234.4794719283639,1216.871700030192,1218.8936767578125
2022-12-06,1211.0099786652759,1225.5051588426245,1209.146894711336,1222.415283203125
2022-12-07,1220.0523915216042,1224.5963402295367,1200.5815364526634,1204.375732421875
2022-12-08,1208.6925503476532,1210.9645247591304,1199.6500849785011,1203.8077392578125
2022-12-09,1202.330873974504,1208.6924740397408,1182.2692798901842,1185.563720703125
2022-12-12,1174.839995212842,1191.8797417479038,1174.612713657261,1187.3812255859375
2022-12-13,1187.381293975718,1196.4237590933476,1184.473147579326,1192.7886962890625
2022-12-14,1198.5368585654778,1199.1275984061572,1186.4272326920325,1188.4720458984375
2022-12-15,1182.5648851623062,1188.2447615787812,1168.2514331327313,1171.5911865234375
2022-12-16,1168.2514313366491,1189.9715469866571,1162.4124217557498,1165.797607421875
2022-12-19,1172.7951677670053,1183.246273075343,1166.2972711057284,1181.110595703125
2022-12-20,1174.1131186326063,1193.2431129001116,1165.9794185762812,1191.334716796875
2022-12-21,1190.9710448813423,1196.4237592798247,1170.5687080191292,1174.3856201171875
2022-12-22,1180.5199485444361,1183.541675654874,1166.3200787009303,1171.3411865234375
2022-12-23,1164.7525851270543,1177.1122091165366,1132.4677804528467,1136.989013671875
2022-12-26,1142.6916774565434,1155.073896863254,1132.5358801607608,1146.91748046875
2022-12-27,1149.6211545027727,1158.1637450751377,1142.9188116159999,1156.30078125
2022-12-28,1153.2562711921107,1158.6181211536698,1145.7587436629801,1156.1871337890625
2022-12-29,1148.2578877514563,1158.209118855438,1147.5762834083114,1155.66455078125
2022-12-30,1156.4823255378853,1170.9775038842033,1154.6647942823151,1157.4365234375
2023-01-02,1158.7090222381169,1171.8865462707408,1157.8911210447166,1170.4779052734375
2023-01-03,1165.5476587645308,1169.160125804233,1157.7093889350726,1161.9124755859375
2023-01-04,1161.8896870062515,1163.7300547153022,1142.3506838068283,1144.418212890625
2023-01-05,1146.6676067944138,1152.5293324862785,1137.806869836127,1142.37353515625
2023-01-06,1148.0988183662998,1157.7774553339088,1144.3046224842542,1152.75634765625
2023-01-09,1156.57338165,1182.3376907366148,1155.6873320113693,1179.9747314453125
2023-01-10,1184.155127696438,1184.155127696438,1156.891435377878,1162.52587890625
2023-01-11,1159.8449086559888,1162.344044167369,1145.5767715508584,1147.87158203125
2023-01-12,1147.280880250268,1150.7569299071174,1120.0852177263125,1123.084228515625
2023-01-13,1117.0863548772086,1123.675117069892,1106.2717897707075,1121.266845703125
2023-01-16,1123.584175159578,1126.7421991055548,1102.8182596793808,1110.5885009765625
2023-01-17,1116.9044817084298,1128.2643528903968,1113.542012722695,1126.35595703125
2023-01-18,1123.947732620178,1131.9450149571076,1117.9724269094495,1124.492919921875
2023-01-19,1123.674992689111,1127.4237562572607,1116.2910462380278,1123.288818359375
2023-01-20,1124.6291897175156,1124.6291897175156,1107.4758620574123,1109.9295654296875
2023-01-23,1112.8150268033937,1120.6305800710875,1101.9094778576764,1104.3177490234375
2023-01-24,1108.7253859560433,1110.3839043654414,1084.8014472016187,1097.7972412109375
2023-01-25,1096.2068953996695,1097.2292417944516,1081.4617181061994,1082.620361328125
2023-01-27,1083.4610350495245,1084.8014072954272,1050.403647808396,1062.0816650390625
2023-01-30,1059.5143365330093,1077.7809941168787,1045.5643456626856,1072.2601318359375
2023-01-31,1082.3705756526113,1084.9379802131518,1063.7403362487162,1069.579345703125
2023-02-01,1081.438989315294,1081.438989315294,1047.3819702702858,1063.240478515625
2023-02-02,1053.2891691648742,1066.9210156997124,1050.1084290116537,1057.3560791015625
2023-02-03,1067.3753725425988,1067.3753725425988,1041.929212987467,1058.2874755859375
2023-02-06,1051.9259524136774,1054.6523697762398,1047.7455820077842,1050.3128662109375
2023-02-07,1050.5628652677376,1057.560517598404,1041.9292904027159,1047.791015625
2023-02-08,1051.017186057536,1072.3284093286718,1048.290888887822,1068.7159423828125
2023-02-09,1069.3976200283605,1077.3040386110727,1060.559599329042,1070.5789794921875
2023-02-10,1070.0562610401787,1070.0562610401787,1054.7884945677279,1061.7635498046875
2023-02-13,1063.3768779331142,1067.8299624778901,1051.2672523692866,1055.7203369140625
2023-02-14,1058.7192622894795,1082.3250555378218,1055.8565481440585,1080.598388671875
2023-02-15,1079.6440602664363,1107.4531801088635,1078.2809718116707,1105.0675048828125
2023-02-16,1113.0194047366483,1119.5400175721072,1101.9321273600988,1104.2041015625
2023-02-17,1099.6376431744663,1112.1335637259278,1095.3662876043543,1108.81640625
2023-02-20,1110.9974583087273,1113.1558521216361,1095.1390690194628,1097.093017578125
2023-02-21,1101.4552961916092,1111.8154187780797,1096.1614739086865,1106.044677734375
2023-02-22,1102.34116225432,1104.181409716533,1079.2124090771258,1080.9617919921875
2023-02-23,1080.5529686414243,1088.1640768500556,1072.9872927091903,1075.78173828125
2023-02-24,1077.8265267799054,1088.800224148405,1076.0089953829322,1083.1429443359375
2023-02-27,1082.3705449963543,1085.8467152410444,1068.6024012348664,1075.9407958984375
2023-02-28,1070.6016220746747,1075.55458156191,1051.3126158801917,1055.356689453125
2023-03-01,1065.1034156724897,1065.7850199744744,1055.6746563210354,1065.0579833984375
2023-03-02,1061.9226969308686,1068.5796069332716,1054.9249246750653,1056.947021484375
2023-03-03,1067.443561368033,1087.5733043694927,1063.9902277008234,1083.9154052734375
2023-03-06,1090.5495987349282,1101.7277412564927,1090.5495987349282,1094.5028076171875
2023-03-08,1094.5027369272827,1099.1831022898903,1083.7336057675889,1098.433349609375
2023-03-09,1097.8199821583767,1098.2288726400263,1070.147279158801,1072.032958984375
2023-03-10,1063.967391654798,1065.103318593771,1051.9485130130206,1055.4246826171875
2023-03-13,1058.287501818403,1065.1034247048499,1033.750107312473,1038.06689453125
2023-03-14,1036.0222546404123,1047.3594118740934,1031.046698611293,1034.1820068359375
2023-03-15,1037.8851690827282,1044.3375136051593,1012.120862693993,1016.5057983398438
2023-03-16,1019.2095726723305,1024.207844384365,1000.6701985245505,1011.4393310546875
2023-03-17,1020.0047033408911,1023.2763079373278,1005.4413153341551,1010.1670532226562
2023-03-20,1006.4864851819102,1008.7584596340857,990.5826039210764,1000.238525390625
2023-03-21,1008.2811925498517,1033.2957451749278,1007.3951430408976,1031.341796875
2023-03-22,1038.294084967167,1041.2249475152355,1031.47816188993,1034.4771728515625
2023-03-23,1030.569325321436,1031.4326586917537,1019.2321704434514,1021.3905639648438
2023-03-24,1020.231887763167,1022.3902814688943,998.7617116838695,1001.1699829101562
2023-03-27,1007.6224178329715,1024.207782359069,999.7613722312702,1016.7329711914062
2023-03-28,1020.1183586375283,1025.3439120336418,1016.4831753805086,1021.4815673828125
2023-03-29,1017.3918775634875,1020.0274303318191,1004.7142894261991,1015.4380493164062
2023-03-31,1024.6623383806666,1064.8536804760474,1024.5260415402947,1059.2191162109375
2023-04-03,1065.5579119993613,1067.3754434349298,1051.9259454677697,1059.4007568359375
2023-04-05,1066.9210129823457,1066.9210129823457,1048.995215362799,1056.856201171875
2023-04-06,1053.357419977002,1069.647537063385,1053.357419977002,1063.94482421875
2023-04-10,1067.829873819937,1068.0116029231133,1054.9022279148219,1056.4017333984375
2023-04-11,1060.559540630498,1063.7402807994256,1056.0383079017138,1061.6273193359375
2023-04-12,1061.6272515959452,1075.9179854968688,1058.7646577412916,1066.3076171875
2023-04-13,1069.1929322468407,1075.0092249147228,1064.1946609026813,1070.3289794921875
2023-04-17,1101.8866740573628,1101.8866740573628,1067.3980510351955,1075.7589111328125
2023-04-18,1080.098395721067,1080.098395721067,1056.9242116194696,1063.44482421875
2023-04-19,1062.854084774079,1071.419389949788,1059.741493449773,1068.738525390625
2023-04-20,1069.692811176778,1071.9193532094926,1059.6961482625013,1066.034912109375
2023-04-21,1068.1251189073266,1072.828080314349,1061.6499382780762,1067.3753662109375
2023-04-24,1079.1897769115358,1081.8706418346944,1066.9210188410907,1071.465087890625
2023-04-25,1075.1002048906516,1081.7343994033272,1068.0571198634168,1079.6668701171875
2023-04-26,1081.0073822687018,1084.2336751201349,1069.6702254865136,1073.328125
2023-04-27,1079.189733985385,1083.2792397187284,1074.191342363561,1080.1212158203125
2023-04-28,1082.3704342762564,1101.409681900637,1082.2568535921685,1099.8646240234375
2023-05-02,1106.9988106394346,1111.361030519598,1103.3181951274973,1109.20263671875
2023-05-03,1110.997299985596,1110.997299985596,1096.4794053699195,1099.682861328125
2023-05-04,1100.159985858142,1114.564299341236,1097.1836913545592,1112.3604736328125
2023-05-05,1109.1797657715506,1118.4266754436653,1106.9077915916328,1109.5205078125
2023-05-08,1113.2694731180964,1128.5599594768491,1110.6113241430285,1123.2208251953125
2023-05-09,1124.6293700397016,1129.9913407668835,1119.2902356444074,1126.6968994140625
2023-05-10,1131.4452030936898,1135.9210031175069,1127.4464419348942,1134.4442138671875
2023-05-11,1135.51203899488,1140.3058651251242,1125.3335267806174,1127.03759765625
2023-05-12,1122.2663301444138,1130.2637323324755,1116.2228762779578,1128.8778076171875
2023-05-15,1131.3998000896127,1138.056589765274,1123.7885720856236,1131.1043701171875
2023-05-16,1133.2628763872494,1135.8074445597895,1113.3375770795326,1114.9962158203125
2023-05-17,1119.1764803056624,1120.0852459817609,1103.7271032383842,1108.4073486328125
2023-05-18,1113.0649351771951,1116.4502407386783,1102.8864225456616,1106.0218505859375
2023-05-19,1106.0218196807168,1111.4291017814717,1099.1149119209986,1109.6114501953125
2023-05-22,1106.4534840047638,1120.5397737195674,1105.2494084549478,1115.5413818359375
2023-05-23,1118.1088860837262,1121.448639556367,1113.9283950164865,1115.3370361328125
2023-05-24,1111.4063935962217,1119.630957590089,1105.749113749558,1108.8389892578125
2023-05-25,1105.9536236071287,1112.8149786046417,1097.842640709934,1108.70263671875
2023-05-26,1116.904610291511,1140.0787982471202,1113.6102893364032,1138.94287109375
2023-05-29,1145.5314605509366,1149.6210865747194,1139.2608448772517,1145.3497314453125
2023-05-30,1145.3496310598186,1153.1198717474913,1142.50963326853,1145.0543212890625
2023-05-31,1135.9892890678166,1140.4650896335454,1118.2678159183406,1122.3118896484375
2023-06-01,1126.969538270473,1129.1279320638168,1116.9046059479208,1119.2901611328125
2023-06-02,1122.8117036497752,1128.1962696801756,1113.7238061790024,1115.6322021484375
2023-06-05,1121.085068396339,1128.6053121788445,1117.1090229973545,1125.6517333984375
2023-06-06,1128.4689187387335,1130.4000307352399,1118.7221336360576,1126.6058349609375
2023-06-07,1130.0820196952836,1135.989176828128,1123.5386905370437,1135.1485595703125
2023-06-08,1138.7155083681228,1143.6457515710592,1131.899585359948,1135.830078125
2023-06-09,1139.170064535181,1139.8743850627466,1125.9925399615922,1127.7874755859375
2023-06-12,1124.8566162073034,1131.0818000837537,1120.085385478967,1128.787109375
2023-06-13,1133.7170902653988,1146.6446141516476,1129.7410455483066,1145.463134765625
2023-06-14,1145.5314201372407,1160.9809175855808,1143.7138887627082,1159.549560546875
2023-06-15,1159.5270576069752,1164.4118693848873,1152.120393540196,1159.867919921875
2023-06-16,1163.3437504987226,1173.4313981302719,1163.3437504987226,1171.159423828125
2023-06-19,1174.1584519189826,1174.1584519189826,1155.3692013285906,1159.52685546875
2023-06-20,1157.5957972211602,1165.070488566,1151.893084884151,1161.9351806640625
2023-06-21,1161.889630244124,1167.7286388194623,1157.8001247424693,1165.206787109375
2023-06-22,1161.4352954861522,1169.2962804989265,1150.5297472760415,1152.1201171875
2023-06-23,1149.1211566554268,1151.1659695700039,1141.441900396204,1142.6915283203125
2023-06-26,1139.1701227938759,1142.9870354453747,1130.8546930683367,1133.96728515625
2023-06-27,1134.4215309070003,1140.3058517527372,1129.9230146151945,1134.3760986328125
2023-06-28,1141.896393407388,1153.1881169201986,1135.0122016455275,1149.3939208984375
2023-06-30,1157.0732487107562,1161.7307784588775,1151.1888070463274,1158.8226318359375
2023-07-03,1162.3669506539804,1191.425580555085,1161.1400387375704,1188.5628662109375
2023-07-04,1192.7887391966194,1192.7887391966194,1169.2736896643748,1176.31689453125
2023-07-05,1185.5183304828597,1185.5183304828597,1170.432411192628,1174.3856201171875
2023-07-06,1170.5461356600117,1201.626743759331,1170.5461356600117,1199.0367431640625
2023-07-07,1197.33282741848,1210.9419594439871,1194.151966693268,1196.6966552734375
2023-07-10,1221.8244401255106,1252.3144236363512,1215.508392547687,1242.7947998046875
2023-07-11,1250.9058502676546,1258.6759714064597,1243.9536302912918,1256.2677001953125
2023-07-12,1256.9946762890331,1273.2166423107678,1254.8817149747802,1257.653564453125
2023-07-13,1264.992154591986,1271.8535100977601,1243.794632147719,1246.4073486328125
2023-07-14,1249.5881074417618,1254.5410670168455,1238.2736675009803,1245.3623046875
2023-07-17,1248.225023984058,1279.1466167196916,1239.5914489485467,1270.8084716796875
2023-07-18,1280.0325658904894,1289.3249082218795,1269.1270172578058,1281.6002197265625
2023-07-19,1285.9397747939042,1297.7540895736324,1270.944719940005,1291.3243408203125
2023-07-20,1270.1421687973038,1295.224991076979,1270.1421687973038,1289.760498046875
2023-07-21,1284.4190157057792,1287.3235564344566,1242.3763715855305,1249.834716796875
2023-07-24,1221.4042392370138,1238.1179088392782,1215.6443158350814,1224.554931640625
2023-07-25,1227.8041962368873,1233.3179681079685,1220.9119513502328,1223.767333984375
2023-07-26,1223.3733833366434,1253.8961800235134,1223.3733833366434,1243.65625
2023-07-27,1247.5209111436616,1249.2931304965796,1226.0072859774648,1232.087158203125
2023-07-28,1236.6900924258125,1251.85305275367,1231.0286064735196,1244.468505859375
2023-07-31,1244.468545022099,1257.2929457124803,1239.5946718037708,1255.0037841796875
2023-08-01,1257.8346449464532,1259.803857697837,1233.3672005487501,1237.25634765625
2023-08-02,1235.2871417271826,1236.665614699006,1212.8381883521488,1224.0380859375
2023-08-03,1218.5981228148664,1231.201012494138,1210.1058926997707,1218.8934326171875
2023-08-04,1230.1672134573323,1238.6348041373592,1216.776590964359,1235.45947265625
2023-08-07,1241.0963994857652,1244.7393951840495,1233.2195480808575,1242.49951171875
2023-08-08,1244.5424722858313,1247.7178038434138,1230.536470478926,1235.016357421875
2023-08-09,1233.1456430382627,1245.034716513302,1221.453442754676,1243.1639404296875
2023-08-10,1243.0409059369185,1255.3731247892663,1234.9179033647526,1248.702392578125
2023-08-11,1246.7330167804962,1259.7298913109014,1236.8377961469016,1253.9698486328125
2023-08-14,1249.9577340453427,1271.274485095857,1243.065489745762,1268.788330078125
2023-08-16,1255.8654425931288,1271.5207081344915,1255.8654425931288,1267.7545166015625
2023-08-17,1263.791524524126,1269.2068594315797,1246.930140835009,1249.4654541015625
2023-08-18,1246.142454602955,1268.960755625946,1234.9671961841154,1258.7208251953125
2023-08-21,1254.8424457661688,1262.5000997685252,1242.8371963360953,1244.986328125
2023-08-22,1243.4548358358238,1253.8544488619668,1234.6115281978846,1244.68994140625
2023-08-23,1247.0614487779783,1256.275409297995,1243.4796423923776,1246.0733642578125
2023-08-24,1254.8177179260883,1254.8177179260883,1220.7782590700385,1225.1258544921875
2023-08-25,1213.3676467766436,1237.5757146480018,1206.747529523438,1219.4691162109375
2023-08-28,1221.272366528133,1227.2008731617648,1201.0660879981488,1207.315673828125
2023-08-29,1211.4162410930335,1212.107851949824,1189.7277154191993,1195.755126953125
2023-08-30,1201.5106390304122,1206.9451032694478,1193.1119215700844,1194.6187744140625
2023-08-31,1197.0642209023324,1198.0523052778192,1185.6517981191516,1189.1595458984375
2023-09-01,1188.9373425267036,1198.3734766692594,1186.5164632510111,1191.950927734375
2023-09-04,1191.950907028467,1197.3853714174265,1188.3197691016735,1190.987548828125
2023-09-05,1195.5822395056102,1202.4741047382813,1191.852196412095,1197.36083984375
2023-09-06,1196.1256007292052,1203.5608392350891,1194.2234900414205,1199.8802490234375
2023-09-07,1196.4220829309013,1204.5985062247828,1191.1358550222296,1201.5107421875
2023-09-08,1205.463038004146,1213.3677136631895,1197.039593881822,1209.51416015625
2023-09-11,1211.3916036780722,1223.6686019045655,1211.3916036780722,1222.5570068359375
2023-09-12,1226.7068128830886,1226.7068128830886,1203.462102676104,1204.8948974609375
2023-09-13,1205.4630504045967,1216.653058753229,1198.6699696902265,1210.9222412109375
2023-09-14,1215.3438722575231,1218.2093412827492,1207.9332388900991,1212.0338134765625
2023-09-15,1219.2962186489121,1219.2962186489121,1210.156437431325,1214.28173828125
2023-09-18,1205.4877066299114,1210.8974446523887,1201.5353689892672,1203.7091064453125
2023-09-20,1197.089090701199,1199.3370070481767,1163.4694916701224,1176.8826904296875
2023-09-21,1173.3255153106452,1180.8103271156433,1165.9396084396587,1168.31103515625
2023-09-22,1173.8443150051187,1177.0308632017375,1160.9992172819989,1163.4447021484375
2023-09-25,1161.196701468891,1166.2853600891797,1153.6379525434304,1156.281005859375
2023-09-26,1155.3423807263628,1161.0979239595738,1153.8849803976213,1157.2938232421875
2023-09-27,1157.7880446735417,1171.769464855697,1155.3178333556975,1170.336669921875
2023-09-28,1177.3026603074284,1177.3026603074284,1148.6482103293206,1153.14404296875
2023-09-29,1156.9481416896208,1170.435518964013,1153.1440405649926,1158.529052734375
2023-10-03,1151.0936382938999,1153.885049186791,1144.2017734963838,1145.263916015625
2023-10-04,1140.743572417399,1145.683994991749,1133.8764332853668,1143.287841796875
2023-10-05,1145.8074528562056,1150.8219332922222,1140.743519950406,1143.26318359375
2023-10-06,1144.7205033692,1148.5493304183171,1142.2502923697696,1145.1898193359375
2023-10-09,1140.2989816654238,1142.200971985465,1133.8269798521974,1135.4326171875
2023-10-10,1139.5331157395624,1145.1404226117538,1138.1497733893898,1140.447021484375
2023-10-11,1143.4359710357805,1160.8509589721596,1142.7196339530417,1158.5537109375
2023-10-12,1157.9607991424273,1165.618452848462,1155.1446622546925,1160.70263671875
2023-10-13,1156.058825491677,1164.7045645712087,1150.6984190160554,1160.6534423828125
2023-10-16,1158.5290083696577,1163.2471357038708,1154.0826283801794,1158.0596923828125
2023-10-17,1163.9634271590728,1165.791359182136,1156.701030917525,1163.5928955078125
2023-10-18,1163.5928712145596,1169.397866963109,1146.6719261602773,1148.154052734375
2023-10-19,1142.2256445327594,1147.0672825471008,1136.7911799610206,1139.33544921875
2023-10-20,1136.2970067050267,1143.559402581249,1134.4690747739153,1135.8524169921875
2023-10-23,1131.3565651682993,1139.3847504014805,1114.1885998234964,1118.1162109375
2023-10-25,1111.6196977984057,1127.0090643806484,1108.1366760976812,1115.5225830078125
2023-10-26,1112.089019549233,1115.5473150342816,1096.9219477593886,1099.9849853515625
2023-10-27,1106.654565590137,1123.204979852311,1104.6536704890175,1119.40087890625
2023-10-30,1123.4520304054054,1148.6481841216216,1121.4511352518443,1142.47265625
2023-10-31,1150.1303563093797,1150.1303563093797,1127.8490026208185,1130.3192138671875
2023-11-01,1130.9368464684328,1144.942993469817,1124.0449807279863,1135.0126953125
2023-11-02,1143.1889695269997,1148.302354744411,1140.2247162104195,1146.2767333984375
2023-11-03,1149.7349795725816,1153.5638066087804,1144.078220526126,1146.0296630859375
2023-11-06,1152.2546386732256,1156.0587394619763,1148.9445800808262,1155.564697265625
2023-11-07,1153.1192304428853,1155.614167696399,1145.9556184844287,1148.0552978515625
2023-11-08,1152.1064866637696,1156.552866758098,1147.042553778562,1154.033203125
2023-11-09,1154.0085696526105,1154.0331752710283,1138.3720609954937,1141.50927734375
2023-11-10,1139.039102652828,1144.3747829309668,1135.3337858785344,1143.6583251953125
2023-11-13,1147.610585630105,1148.4505538682092,1142.0773370771153,1143.5101318359375
2023-11-15,1156.0588204395372,1166.9030232858888,1149.6362714370953,1164.185791015625
2023-11-16,1161.542667627995,1172.9302438744137,1159.4923201233041,1166.285400390625
2023-11-17,1162.4318047121262,1172.48561138748,1162.011941225828,1163.7410888671875
2023-11-20,1160.2828426994563,1165.1490860409533,1154.2801575494677,1160.6781005859375
2023-11-21,1168.9038812090425,1179.7728099438689,1166.0384122376151,1175.2769775390625
2023-11-22,1173.3502489811203,1182.9593458443583,1171.9669066696931,1179.87158203125
2023-11-23,1179.8714953518393,1185.701217125861,1179.8714953518393,1183.47802734375
2023-11-24,1181.5512995040292,1186.985763362465,1181.2795521879546,1182.6875
2023-11-28,1182.6875492177458,1185.553018040048,1173.4737106297225,1182.9345703125
2023-11-29,1189.6536514263266,1191.605094048659,1184.7379555197092,1186.047119140625
2023-11-30,1183.0828973645985,1186.0471507278282,1170.8306260067593,1174.5606689453125
2023-12-01,1174.8324632282502,1183.922792325671,1174.6348945757863,1182.8853759765625
2023-12-04,1210.4035134582498,1210.4035134582498,1185.0097900344595,1195.6810302734375
2023-12-05,1204.9689932142376,1205.8830195816831,1196.3973123183705,1204.3514404296875
2023-12-06,1208.9708595498532,1221.7417795681863,1202.992899973077,1215.887451171875
2023-12-07,1215.3438750518303,1215.813191043024,1206.4511149904754,1213.886474609375
2023-12-08,1217.2459307176134,1223.5943006598802,1207.9331869400896,1213.244140625
2023-12-11,1213.3677374036308,1219.0986756148789,1211.589137099235,1215.0228271484375
2023-12-12,1215.3438006129375,1217.7892853568703,1195.6561708810905,1197.5830078125
2023-12-13,1196.570218805253,1204.6478570918039,1188.8137803209581,1202.4739990234375
2023-12-14,1212.3795628682321,1222.7297228698085,1206.7721356331074,1217.39404296875
2023-12-15,1224.236571728094,1235.1055001292314,1220.3089603608373,1232.9317626953125
2023-12-18,1232.9317234441762,1252.3474847954778,1230.634354917611,1245.4803466796875
2023-12-19,1262.2778691174958,1271.615218807123,1247.5553868731267,1263.8094482421875
2023-12-20,1270.207325538083,1283.9417239360823,1244.9864450577063,1248.518798828125
2023-12-21,1248.44470925444,1271.4176728398502,1244.1218397625619,1266.0079345703125
2023-12-22,1264.550535970751,1275.0735389423144,1258.6466348491601,1267.2430419921875
2023-12-26,1268.7005006679644,1280.53278845719,1266.0820526143013,1273.6656494140625
2023-12-27,1275.6170305456778,1284.4603381656593,1271.2201029702012,1278.01318359375
2023-12-28,1279.470665481518,1290.4383794995902,1278.0132649417642,1287.2518310546875
2023-12-29,1289.9937398232034,1291.4264140714613,1274.2831724837226,1277.074462890625
2024-01-01,1274.9006856426909,1287.8940202608817,1271.2447008145452,1279.69287109375
2024-01-02,1277.099135940161,1291.920402508132,1271.1706293129728,1290.2900390625
2024-01-03,1289.4503036849235,1301.3073179716814,1273.2456933698636,1276.2593994140625
2024-01-04,1278.5811975278393,1289.376067708453,1274.1842702494187,1282.8546142578125
2024-01-05,1285.9424160498672,1294.3165279752034,1283.521657474919,1288.3138427734375
2024-01-08,1289.4502625359673,1300.2944657165137,1269.1698042070248,1278.26025390625
2024-01-09,1284.5098000629723,1287.8693113555237,1273.245613077726,1274.8759765625
2024-01-10,1273.146817539874,1313.658280108081,1272.1834593214687,1309.2613525390625
2024-01-11,1313.6583733689063,1346.2651626289091,1312.6702888458758,1343.6961669921875
2024-01-12,1343.6961234746648,1356.961085397271,1329.7147038034357,1354.39208984375
2024-01-15,1358.6159487812977,1379.810309335981,1349.7231898438201,1377.5130615234375
2024-01-16,1373.4126778584214,1379.6623844587446,1354.1697570573224,1358.24560546875
2024-01-17,1343.30084717423,1369.7568331827044,1338.8791932605309,1345.35107421875
2024-01-18,1335.2972997496222,1354.663730119792,1335.1490629645289,1351.6500244140625
2024-01-19,1359.6041759840746,1359.6041759840746,1342.8067406703178,1351.156005859375
2024-01-23,1355.4048574857818,1355.4048574857818,1306.791150318716,1312.7442626953125
2024-01-24,1319.3151054787043,1333.4200358723897,1308.1498229720294,1327.862060546875
2024-01-25,1326.9479158139593,1347.895377764627,1319.2902616038493,1336.9522705078125
2024-01-29,1348.241154971167,1435.1925816017736,1343.9677382154596,1430.795654296875
2024-01-30,1442.5538891928095,1442.5786154279806,1387.6905949006082,1390.8524169921875
2024-01-31,1387.2704457772934,1417.159997760743,1385.7883192326594,1409.6258544921875
2024-02-01,1417.9011153905622,1426.1515960154993,1401.1531330404457,1409.650634765625
2024-02-02,1416.0980132616144,1457.3258137867138,1416.0980132616144,1440.3306884765625
2024-02-05,1443.344407147716,1452.978230847658,1414.4676622830975,1421.8782958984375
2024-02-06,1424.6695010773788,1424.6695010773788,1402.9069175392074,1410.7869873046875
2024-02-07,1418.8152626559165,1432.2284612961826,1412.2197504708995,1424.966064453125
2024-02-08,1432.7224367107362,1442.0845126481563,1410.515263064875,1432.845947265625
2024-02-09,1436.6747903139974,1454.4355841797649,1433.661084495157,1443.3443603515625
2024-02-12,1443.3443671360003,1443.5913882496639,1425.163589047209,1435.04443359375
2024-02-13,1438.1568697691962,1461.3768535820275,1436.6747431428453,1447.6424560546875
2024-02-14,1440.1329959711338,1465.9714268487612,1440.1329959711338,1463.7235107421875
2024-02-15,1465.674980481667,1467.0335965408115,1449.0505085860837,1453.076904296875
2024-02-16,1458.8819534815811,1459.4007219371786,1441.170612214809,1443.17138671875
2024-02-19,1444.6289621484814,1461.8709880771921,1436.205517833802,1456.4365234375
2024-02-20,1457.4492860314679,1457.9186020207894,1444.3818933388152,1453.4969482421875
2024-02-21,1456.4365283424868,1470.7884795851646,1440.1825868389801,1450.2115478515625
2024-02-22,1450.6561919754163,1467.2559381666686,1440.6271108051608,1464.0941162109375
2024-02-23,1471.7517883622584,1479.7059164315408,1465.6750448712426,1475.82763671875
2024-02-26,1475.753583346703,1476.7169415654328,1464.8352018923576,1469.6026611328125
2024-02-27,1465.3540321072526,1482.0772898132236,1460.4383358684995,1467.94775390625
2024-02-28,1465.3293310903284,1473.505754549138,1432.8955052347949,1438.280517578125
2024-02-29,1447.5438276529026,1461.3522847525776,1437.1936663872107,1443.3939208984375
2024-03-01,1446.0616623094816,1482.1267464736743,1445.0735778118324,1474.3455810546875
2024-03-04,1472.7150995331629,1494.4282305064353,1469.503825173054,1489.4384765625
2024-03-05,1487.8328618357061,1489.4384990399915,1468.3429205099196,1482.32421875
2024-03-06,1475.654687549837,1491.0194491388315,1460.8828731290673,1485.0909423828125
2024-03-07,1485.0662153094684,1485.1897258668157,1457.968071396935,1461.3028564453125
2024-03-11,1471.2577496463198,1471.2577496463198,1446.0615961097308,1449.1246337890625
2024-03-12,1449.1245651727334,1470.269595576354,1447.568380480176,1457.844482421875
2024-03-13,1462.142657909758,1465.4279903850718,1410.7622676768488,1415.10986328125
2024-03-14,1422.5450608782721,1431.2649780682007,1408.514310659922,1414.4180908203125
2024-03-15,1408.9589780840722,1416.1473166057365,1396.0645483366263,1401.3260498046875
2024-03-18,1403.0798345242215,1424.5459437848976,1399.6462653903534,1422.32275390625
2024-03-19,1411.7256294896865,1420.4701525728194,1400.3626585436627,1408.267333984375
2024-03-20,1410.9352137218616,1427.7821026954816,1407.0570544283007,1426.5469970703125
2024-03-21,1435.217247937673,1440.5282013312483,1427.4608098953254,1433.6856689453125
2024-03-22,1432.697625631682,1442.6031956703118,1430.1039041326171,1437.6875
2024-03-26,1427.7820647176966,1435.0939139473653,1421.853557874578,1424.3978271484375
2024-03-27,1430.74620650665,1482.1265951381042,1429.7581221098912,1475.061767578125
2024-03-28,1475.0864584455267,1488.0056133770977,1461.0309823617722,1468.1451416015625
2024-04-01,1474.691331987126,1476.1734586788064,1464.8352136106084,1467.0831298828125
2024-04-02,1466.3172549197961,1476.198098955644,1457.4244952875333,1469.2320556640625
2024-04-03,1464.4152240453116,1466.7619246317818,1451.397283687729,1454.0650634765625
2024-04-04,1462.1180033355356,1462.1180033355356,1432.7224901750476,1445.4935302734375
2024-04-05,1443.467815909923,1453.274601948929,1438.6509043996564,1442.7020263671875
2024-04-08,1445.542855977216,1473.2092211870183,1443.5914132686094,1468.268798828125
2024-04-09,1471.2576315315623,1472.0481472763418,1445.0733956446675,1446.209716796875
2024-04-10,1448.8776750369068,1469.281643980642,1448.8776750369068,1461.945068359375
2024-04-12,1458.2891033204971,1468.7627741208264,1445.6415744118667,1449.6680908203125
2024-04-15,1443.591352839028,1464.4646364315843,1429.0911655763507,1447.3707275390625
2024-04-16,1436.0325186728678,1453.6451964542034,1433.6364862387566,1448.2847900390625
2024-04-18,1446.0615875622616,1468.2934876101954,1441.9610129858208,1446.876708984375
2024-04-19,1439.4166416427065,1456.4363709041004,1425.8304814663622,1452.6075439453125
2024-04-22,1454.9048261235944,1465.1562017707047,1450.3103301575065,1462.2166748046875
2024-04-23,1461.3768889290402,1475.7041133303053,1438.20635702296,1441.936279296875
2024-04-24,1446.0614393265091,1451.0513135165108,1432.2282584925008,1432.895263671875
2024-04-25,1425.3117405225619,1450.483166375014,1424.3236561270523,1442.5784912109375
2024-04-26,1446.5061312694434,1447.5436681516292,1432.7224019248206,1435.2420654296875
2024-04-29,1432.7224880920985,1450.4092243096331,1432.7224880920985,1447.5684814453125
2024-04-30,1450.5079819172845,1465.403306850403,1445.4440490785064,1449.5198974609375
2024-05-02,1454.460329459568,1459.7218309784546,1446.6791643138517,1449.0753173828125
2024-05-03,1453.4722101911175,1457.3750954799905,1399.275802819383,1416.9130859375
2024-05-06,1418.3952205864964,1422.841600588335,1401.1037428015688,1402.610595703125
2024-05-07,1399.1027360020912,1403.820862972822,1375.4134374507605,1384.7755126953125
2024-05-08,1380.8479912935143,1415.8755361000522,1380.8479912935143,1401.647216796875
2024-05-09,1396.1631531839807,1406.7850596926346,1373.4372136770937,1377.5130615234375
2024-05-10,1380.106935558881,1393.1990543318577,1371.535254832905,1390.65478515625
2024-05-13,1383.2193979190515,1390.210046915121,1367.5088315833425,1385.9859619140625
2024-05-14,1384.2815424166113,1410.070521585227,1383.342910466477,1403.1539306640625
2024-05-15,1403.5739245612333,1412.9360003572742,1396.1880176135714,1399.3992919921875
2024-05-16,1401.6471872524828,1410.4904944706304,1381.3667306256436,1408.3660888671875
2024-05-17,1406.0936018418706,1420.0749000882806,1396.4103261437938,1418.5927734375
2024-05-21,1408.613082979292,1424.6447280920645,1408.613082979292,1419.0126953125
2024-05-22,1419.1610465084934,1451.2737917888355,1419.1610465084934,1443.24560546875
2024-05-23,1441.1706938631594,1474.444366988288,1437.6629456463684,1468.343017578125
2024-05-24,1465.9467233388211,1470.7636348065282,1458.5113640783345,1462.6119384765625
2024-05-27,1462.587264504762,1467.2066075031105,1444.134859977049,1448.77880859375
2024-05-28,1450.5079553599196,1460.8828419616084,1435.4396676765145,1438.8485107421875
2024-05-29,1429.264181324664,1440.6271526936466,1421.310053120064,1423.607421875
2024-05-30,1418.3951935729253,1423.2368313836507,1403.178669288835,1407.8720703125
2024-05-31,1414.2453792660226,1425.0648561889025,1405.3031663821573,1413.3560791015625
2024-06-03,1465.3292536675044,1496.4539141466187,1441.6152266357983,1492.32861328125
2024-06-04,1480.1999676014107,1480.1999676014107,1343.1032493273078,1380.625732421875
2024-06-05,1405.0561505394378,1414.097147783154,1367.6077240917773,1403.821044921875
2024-06-06,1417.9012594747105,1426.497546390369,1404.41388190777,1414.541748046875
2024-06-07,1411.4786400821138,1454.4603137562979,1409.5024711775536,1452.4346923828125
2024-06-10,1452.4346368701142,1475.5558362929214,1450.5819785928986,1453.867431640625
2024-06-11,1451.4960860069511,1456.1154291491666,1437.3418242246385,1439.3179931640625
2024-06-12,1440.1331280315808,1458.4126908916728,1437.835879864395,1445.888671875
2024-06-13,1454.4602190325884,1454.7072401295707,1442.7019906930702,1447.7906494140625
2024-06-14,1452.4840066456875,1462.0437710581825,1439.8612048457326,1459.944091796875
2024-06-18,1469.6273935638167,1469.6768460329972,1453.8180422457062,1463.3778076171875
2024-06-19,1469.7756214798555,1469.7756214798555,1438.650961260282,1441.2694091796875
2024-06-20,1441.6151005379975,1465.1808887163045,1432.8211254931246,1456.139892578125
2024-06-21,1456.0660262473004,1457.1281688420868,1423.4097851653107,1436.8724365234375
2024-06-24,1428.3007403004744,1432.2283517054532,1420.3713387903338,1424.2989501953125
2024-06-25,1425.8057113946086,1438.576749814009,1423.8295427024468,1436.8228759765625
2024-06-26,1428.8194845866847,1500.875466568816,1427.905458276952,1495.9844970703125
2024-06-27,1495.7127559544517,1519.1797603831344,1488.0551018777237,1512.3126220703125
2024-06-28,1512.782033239127,1562.1615299634889,1512.782033239127,1546.7474365234375
2024-07-01,1543.9066370278445,1560.5805616644209,1537.138282854078,1541.5599365234375
2024-07-02,1550.7985635373939,1554.7509013864856,1538.4475077589818,1546.525146484375
2024-07-03,1547.661278880494,1556.2329594590622,1524.391963189475,1533.927001953125
2024-07-04,1538.447461634288,1548.822348177101,1532.321386398175,1535.5079345703125
2024-07-05,1535.3101717849263,1579.4528899457323,1529.5546284867023,1569.695556640625
2024-07-08,1570.0662334946016,1589.6303543798022,1563.6684106310508,1581.824462890625
2024-07-09,1578.5637202787966,1581.4291893561121,1561.6675000170792,1571.3260498046875
2024-07-10,1575.9946562525065,1578.4648673124634,1544.5241914718106,1565.3480224609375
2024-07-11,1568.5840280306456,1585.1344421846698,1551.786592769845,1561.815673828125
2024-07-12,1565.619788574804,1586.023756297877,1555.7389442164904,1577.6990966796875
2024-07-15,1585.332001053062,1586.7153433656392,1566.6078495211154,1578.193115234375
2024-07-16,1574.5125966882063,1580.9351457176842,1550.4280378276635,1557.4681396484375
2024-07-18,1557.2211925457696,1574.9079294522828,1539.2627082750141,1567.76904296875
2024-07-19,1567.1020115011324,1571.029623251694,1534.2976544625544,1536.61962890625
2024-07-22,1518.9327171487766,1519.179738244426,1481.4102368427714,1482.7935791015625
2024-07-23,1483.1147807956386,1487.808182000688,1445.5675711552426,1470.1708984375
2024-07-24,1467.3054738461674,1491.5135439533938,1458.8079713194404,1477.8779296875
2024-07-25,1463.3530011800513,1482.595920809754,1459.474721651074,1474.6171875
2024-07-26,1474.6172851615388,1494.4037007697482,1472.59166375446,1491.044189453125
2024-07-29,1493.9341486268256,1509.2989091727318,1493.7613062276428,1501.987060546875
2024-07-30,1498.9488223237445,1506.8287716127938,1492.0075050067665,1495.1199951171875
2024-07-31,1486.0789919790418,1492.4520883459395,1483.2629754591517,1487.487060546875
2024-08-01,1493.9836579008804,1499.9121644798522,1486.37545603751,1497.244384765625
2024-08-02,1487.0670219426547,1491.3404387261814,1475.481756476256,1481.4595947265625
2024-08-05,1462.3650548737628,1466.2186085334113,1416.1721046606897,1430.079345703125
2024-08-06,1437.8111393077952,1459.8948030686215,1434.0316438440889,1438.700439453125
2024-08-07,1451.4960282823629,1454.954323788822,1444.0853950542364,1447.3707275390625
2024-08-08,1440.1577210643813,1447.5436277380477,1428.6959662921352,1431.8577880859375
2024-08-09,1442.6033755756382,1458.9067698886504,1438.6510375603623,1456.7330322265625
2024-08-12,1452.483993902439,1455.4482469512195,1440.3799606199186,1443.220703125
2024-08-13,1443.344315887485,1452.5581548536697,1440.6270837336665,1446.18505859375
2024-08-14,1446.1110904012166,1454.4603560192809,1436.3783617708266,1444.4312744140625
2024-08-16,1451.1502913945535,1462.7602840003062,1440.676620060605,1460.58642578125
2024-08-19,1469.8067419652286,1485.47150978375,1467.8238660907393,1475.65625
2024-08-20,1484.4057091952604,1491.0484162933285,1477.2674041310693,1483.1416015625
2024-08-21,1480.464784262564,1494.964564922092,1477.2426107826689,1485.8433837890625
2024-08-22,1490.1312336221058,1493.6012664349316,1477.8869991875908,1485.2979736328125
2024-08-23,1490.8749048344312,1498.3849993365056,1485.5955458508122,1487.1322021484375
2024-08-26,1494.0722092753902,1509.9600269352031,1490.131267553257,1499.6490478515625
2024-08-27,1497.5671500638725,1500.516654009415,1486.6117113802566,1487.6031494140625
2024-08-28,1492.1141436005682,1494.567928369235,1480.2168879705305,1485.4715576171875
2024-08-29,1490.2303777286736,1523.8401488737275,1481.2083164719252,1507.90283203125
2024-08-30,1520.865886117465,1526.5418444404818,1490.4534771750382,1496.6995849609375
2024-09-02,1497.9388431759776,1513.7275412609433,1493.7252318027681,1503.267822265625
2024-09-03,1508.2250430567562,1509.9600595401412,1494.5927706873033,1496.203857421875
2024-09-04,1487.850885016148,1504.50709100704,1486.6612078847159,1501.5823974609375
2024-09-05,1506.0439573959175,1512.7113538076746,1474.3179410781217,1480.192138671875
2024-09-06,1479.721175380084,1484.182646260627,1449.110527949692,1452.2830810546875
2024-09-09,1453.943716732093,1457.339440034618,1443.1370191466497,1449.9283447265625
2024-09-10,1447.9951044503912,1459.4462610127246,1445.0951000796938,1449.0113525390625
2024-09-11,1450.5232999620255,1456.1744477064742,1435.1560121734635,1439.0721435546875
2024-09-12,1444.5250498204912,1473.2767495080643,1433.4953029575859,1467.1298828125
2024-09-13,1463.7590600068495,1470.451266381587,1456.918113729867,1460.016357421875
2024-09-16,1464.8991851443227,1468.2204780575375,1452.2087310287416,1458.752197265625
2024-09-17,1461.3796100548857,1464.8248328952707,1454.0677548146177,1459.6942138671875
2024-09-18,1457.413889315684,1469.3111455549956,1448.0448484372855,1450.919921875
2024-09-19,1453.6959512825117,1463.8581906691413,1443.0876132109174,1457.0916748046875
2024-09-20,1461.3795684407844,1482.1997658201985,1458.7770437683578,1473.2025146484375
2024-09-23,1478.2340798324108,1488.6441789861601,1476.2015834923338,1480.5887451171875
2024-09-24,1475.7554165819738,1487.6526722077606,1475.1357678514642,1476.6229248046875
2024-09-25,1471.1948125268714,1483.6869066134093,1467.5264194610884,1481.15869140625
2024-09-26,1477.8870868947113,1491.122760061236,1475.309372285805,1485.12451171875
2024-09-27,1486.1655345930462,1520.345334807694,1479.2254687210307,1513.10791015625
2024-09-30,1506.3908994638518,1511.9181178232873,1461.7761901136828,1463.9324951171875
2024-10-01,1467.9726595996829,1475.2100841908111,1450.3002051077794,1452.2830810546875
2024-10-03,1424.2750076222521,1436.9902726871705,1390.070396353704,1394.928466796875
2024-10-04,1391.9046094477658,1405.2145916660443,1369.9442340651563,1374.653564453125
2024-10-07,1381.5689173076198,1384.5432314460647,1349.7189700751067,1358.9888916015625
2024-10-08,1361.2195630224157,1389.004637160655,1353.4119887771337,1385.3858642578125
2024-10-09,1385.5594536683957,1388.979866453412,1360.7486928237201,1362.8306884765625
2024-10-10,1368.209166456891,1374.132983939481,1357.699948504806,1359.31103515625
2024-10-11,1358.2700551936466,1371.4314188021033,1357.1050671377104,1360.35205078125
2024-10-14,1367.6390728953818,1368.2587216327886,1356.5350159311083,1360.7734375
2024-10-15,1346.8933067731043,1359.9554295521655,1329.2208521541709,1332.5174560546875
2024-10-16,1328.5268821992931,1352.3213935222657,1326.1722170162907,1342.4813232421875
2024-10-17,1354.0067695283685,1356.7332239102464,1340.4737382347967,1344.811279296875
2024-10-18,1340.5976258716714,1356.70849216764,1329.840427555484,1347.66162109375
2024-10-21,1355.4196212833501,1362.2357572594483,1346.1000802528206,1357.476806640625
2024-10-22,1357.4769157261562,1364.2187428070656,1328.7500227270916,1331.8482666015625
2024-10-23,1326.0483270387208,1345.8522769141389,1323.56973203491,1327.0645751953125
2024-10-24,1323.8424540123256,1332.1952468902052,1311.7964576126847,1328.3287353515625
2024-10-25,1331.996862815434,1332.8395608533488,1310.6809472586556,1316.4808349609375
2024-10-28,1325.552505604476,1341.4155124030337,1310.7800563182918,1322.9251708984375
2024-10-29,1316.728719636798,1331.6994085045892,1308.995576227512,1328.52685546875
2024-10-30,1323.569732267355,1338.4413022928309,1314.0023313459362,1332.3935546875
2024-10-31,1328.5269031210519,1331.5012170832633,1314.7955112005386,1320.64501953125
2024-11-01,1321.6364480777281,1330.4601492824747,1321.5868277686543,1327.1884765625
2024-11-04,1326.3952636738204,1328.52687951389,1274.0969107675833,1291.0009765625
2024-11-05,1281.9292880644173,1298.337634786513,1275.1379622128013,1294.1240234375
2024-11-06,1298.783649697479,1316.9270116872763,1289.0675098622075,1314.002197265625
2024-11-07,1312.6638089321268,1312.6638089321268,1291.447013193,1294.470947265625
2024-11-08,1286.5395574614042,1290.5053095001092,1264.083462337208,1272.758544921875
2024-11-11,1267.9994654475693,1274.9891511168566,1256.151830843746,1261.802978515625
2024-11-12,1264.6287615317467,1278.2610337323058,1256.6476373969983,1263.33984375
2024-11-13,1259.374078659472,1264.5295076822267,1238.8017408266169,1241.3299560546875
2024-11-14,1242.866693712679,1261.7040163358736,1240.38809863068,1256.746826171875
2024-11-18,1256.7467703539512,1262.0014401044657,1233.24973843027,1249.9554443359375
2024-11-19,1249.9553610165642,1270.5276979121372,1224.5745744010292,1231.0189208984375
2024-11-21,1231.0189056876295,1233.299140266532,1206.8277964681656,1212.528564453125
2024-11-22,1218.8739057022901,1257.9860865301255,1211.9833389629089,1254.565673828125
2024-11-25,1278.9549045518283,1293.2811339485756,1271.4694999174592,1275.9805908203125
2024-11-26,1283.8625006531302,1286.7376948587628,1273.2045428922675,1284.6060791015625
2024-11-27,1282.4250432843673,1292.6864023015983,1274.9892583407009,1282.1275634765625
2024-11-28,1278.905374093644,1285.4984608667178,1258.184417128475,1259.91943359375
2024-11-29,1269.0406134614407,1288.3736540571424,1264.3312830599236,1281.1361083984375
2024-12-02,1276.9721028104004,1300.1221551586505,1266.115905470633,1297.9410400390625
2024-12-03,1305.7238628126408,1315.4400037478053,1295.8094826849822,1311.969970703125
2024-12-04,1314.6467414933138,1317.0262168141671,1292.884726573221,1297.74267578125
2024-12-05,1303.0964459866593,1318.5628538088617,1294.966703202915,1310.7305908203125
2024-12-06,1312.564791729292,1312.564791729292,1298.7837793313574,1300.320556640625
2024-12-09,1291.8436769577456,1303.7409326166044,1282.0284168341586,1284.0609130859375
2024-12-10,1278.2113501165884,1283.812998621138,1269.238788448007,1273.8489990234375
2024-12-11,1273.9978081396894,1278.9549980546296,1265.1244866020038,1267.2559814453125
2024-12-12,1259.1262215126183,1267.25596445406,1249.8066803924569,1252.0870361328125
2024-12-13,1249.211828655226,1264.281637225772,1228.9864700814942,1261.9517822265625
2024-12-16,1264.0833817296273,1270.032009408355,1255.7057794921418,1257.4407958984375
2024-12-17,1250.2529662315405,1253.0785403896136,1232.1592223274588,1234.6378173828125
2024-12-18,1230.027558928225,1249.162239402372,1230.027558928225,1242.5196533203125
2024-12-19,1228.3916379278016,1234.2411461229626,1218.4772582835096,1219.914794921875
2024-12-20,1213.5201900622435,1228.8874800507767,1191.2128336272758,1194.9803466796875
2024-12-23,1204.5971709809228,1216.6926661807136,1202.8125341694108,1211.834716796875
2024-12-24,1211.8347850736238,1222.988463211123,1210.545867189896,1212.2808837890625
2024-12-26,1213.767935093776,1217.1883476811242,1203.8535553911518,1206.1339111328125
2024-12-27,1207.86900439277,1217.3867853075249,1206.5800865394056,1210.595458984375
2024-12-30,1205.9851311625014,1212.7268365212021,1197.7561478726802,1200.3338623046875
2024-12-31,1197.6570485426987,1208.6619856280877,1195.8229125326573,1205.043212890625
2025-01-01,1204.4483521073844,1215.800389087432,1201.2261788160188,1210.7935791015625
2025-01-02,1210.7936258321927,1233.7949384205442,1209.554328364606,1231.167724609375
2025-01-03,1233.2496968938563,1251.2443199889096,1224.9215938636924,1240.4376220703125
2025-01-06,1243.2136823453243,1251.1948069805778,1204.597219081935,1207.571533203125
2025-01-07,1211.5371275851955,1233.8444805890147,1210.7935491517349,1230.2257080078125
2025-01-08,1238.3060678446636,1260.167324257905,1234.6872949225542,1254.664794921875
2025-01-09,1256.1519514905858,1258.878406002503,1237.3642497185242,1244.0068359375
2025-01-10,1243.114481097643,1245.9896754309787,1225.4173374439545,1231.266845703125
2025-01-13,1219.4687349455062,1234.5881643828388,1215.899582365329,1229.234375
2025-01-14,1233.4479678208604,1242.6187691440975,1216.742262047884,1228.143798828125
2025-01-15,1234.2905907014622,1246.2374660533972,1231.2171573529768,1241.478515625
2025-01-16,1248.1212833322295,1264.0834104275011,1240.586378973141,1255.6065673828125
2025-01-17,1310.9288585996749,1314.6467509950228,1273.997794139219,1291.19921875
2025-01-20,1304.7324245206253,1304.7324245206253,1289.1172758229052,1294.272705078125
2025-01-21,1299.2795231523412,1301.7581181984158,1259.324522599558,1262.7945556640625
2025-01-22,1267.355325635656,1271.9159165250771,1257.8374234010246,1266.16552734375
2025-01-23,1259.1262957502838,1266.4133410521551,1250.7981921087953,1252.8306884765625
2025-01-24,1255.1605533566642,1262.1006196074513,1232.8531975505623,1235.6292724609375
2025-01-27,1228.4907387555406,1229.8291557820492,1209.5542981292017,1218.82421875
2025-01-28,1227.4002071753887,1234.0924134746083,1208.0671667554209,1223.8310546875
2025-01-29,1225.4173498520336,1232.1095562529247,1217.53546627882,1224.921630859375
2025-01-30,1224.971246456504,1246.237542749693,1221.8481926097397,1242.3214111328125
2025-01-31,1245.09738698474,1256.1519448799122,1238.306060895825,1254.2681884765625
2025-02-01,1254.2681799336815,1259.6715896071485,1230.374548522757,1253.7724609375
2025-02-03,1240.2889757645512,1245.2461659154887,1226.9541826685895,1235.232666015625
2025-02-04,1237.3642207434832,1277.7653184740125,1235.9265630557768,1274.196044921875
2025-02-05,1271.6679530846961,1279.4507170461238,1265.7688244708304,1267.2559814453125
2025-02-06,1262.7945076095025,1276.9721191435924,1259.4732145791813,1270.577392578125
2025-02-07,1265.2236540965398,1272.7089385364054,1251.1947819010975,1255.8544921875
2025-02-10,1253.673337746878,1255.6562137259161,1234.8856362555493,1242.916259765625
2025-02-11,1253.7230036544372,1253.7230036544372,1219.567891058193,1224.2772216796875
2025-02-12,1209.0089844264594,1216.3952699200001,1183.1324776076385,1206.1339111328125
2025-02-13,1206.6295607029597,1217.4857574427408,1201.622750831109,1205.6876220703125
2025-02-14,1208.56289732395,1213.5200872227356,1195.1288642881832,1206.827880859375
2025-02-17,1200.7305822668588,1216.9901902768092,1194.1871154284454,1214.4124755859375
2025-02-18,1214.362863790828,1219.3696743222742,1205.6877809072391,1214.908203125
2025-02-19,1209.0585466128707,1222.1950990873443,1207.125291073852,1216.9404296875
2025-02-20,1213.4704313005311,1228.738599945727,1211.5371757067999,1222.4429931640625
2025-02-21,1218.1797397323817,1229.3830367840985,1211.6858938870325,1217.634521484375
2025-02-24,1206.13399913207,1212.7765856074127,1200.1357505642943,1204.151123046875
2025-02-25,1200.631472565407,1210.5458530159883,1191.2128111373545,1193.69140625
2025-02-27,1202.416039651657,1204.597154814102,1190.370043898487,1196.7647705078125
2025-02-28,1191.7084634163882,1206.9270123506615,1183.0830013175257,1189.82470703125
2025-03-03,1193.6912720117396,1196.1202465389174,1146.1022512006402,1161.2216796875
2025-03-04,1152.2491409974891,1163.948157257321,1149.6219272411693,1151.9517822265625
2025-03-05,1151.0594540375048,1172.8710888254677,1147.093702257875,1165.534423828125
2025-03-06,1186.7511925218207,1203.5560168880775,1175.0026773522586,1199.2432861328125
2025-03-07,1205.5885908312287,1244.0564330934674,1201.622838887705,1239.0992431640625
2025-03-10,1234.340341763354,1247.2290360950196,1224.8225609234617,1227.796875
2025-03-11,1229.3830600118497,1238.801720552263,1219.2208210077197,1236.62060546875
2025-03-12,1247.2290491693625,1252.186239348891,1233.3489166666827,1246.2872314453125
2025-03-13,1249.2614495168184,1253.326320946517,1233.2000819547634,1237.2154541015625
2025-03-17,1231.514713672869,1246.6341428999226,1222.5421515247892,1228.242919921875
2025-03-18,1228.242919921875,1228.242919921875,1228.242919921875,1228.242919921875
2025-03-19,1230.4241762433128,1242.5196714129374,1228.1934407470596,1236.471923828125
2025-03-20,1241.1315230182402,1262.1004590128364,1239.3470073959113,1258.283447265625
2025-03-21,1264.0834578966683,1270.0320859338292,1259.225387461291,1265.421875
2025-03-24,1279.946478246575,1294.8180484818179,1273.2542716407156,1290.951416015625
2025-03-25,1296.50346593687,1296.50346593687,1271.6183955406093,1274.4439697265625
2025-03-26,1279.9464094999762,1282.7224842048433,1257.8869148358597,1262.150146484375
2025-03-27,1267.2064821612498,1273.9978081396894,1260.4151561828103,1267.2559814453125
2025-03-28,1269.0405652360093,1284.6557128160619,1258.1347478785124,1264.1824951171875
2025-04-01,1253.7723771839194,1266.9585500115554,1238.603449529153,1241.8751220703125
2025-04-02,1236.868469635997,1244.7999732789833,1233.2496968938563,1240.4376220703125
2025-04-03,1222.4926375090713,1241.0820994494682,1222.4926375090713,1238.008544921875
2025-04-04,1230.473619610667,1234.7863505024063,1182.9342181609516,1194.38525390625
2025-04-07,1122.506064991245,1161.2217676393545,1105.3046397460778,1155.71923828125
2025-04-08,1161.9653833278503,1186.3547349162204,1153.3399207865864,1172.0780029296875
2025-04-09,1159.4867811653644,1179.613021672609,1157.9996241138485,1175.2010498046875
2025-04-11,1184.917153801556,1212.1816988912137,1184.917153801556,1208.5133056640625
2025-04-15,1240.288998738938,1240.288998738938,1226.5079856590305,1229.4822998046875
2025-04-16,1223.5336585713449,1230.2754856402491,1218.477348782242,1228.689208984375
2025-04-17,1229.5813957339365,1269.238916912585,1217.0893007676923,1263.5877685546875
2025-04-21,1259.126289394177,1289.761748514388,1256.151975324742,1284.407958984375
2025-04-22,1288.8693558313819,1292.7359881039044,1275.286704106908,1280.1446533203125
2025-04-23,1285.8950708007812,1294.8180126953125,1274.3944143417477,1288.869384765625
2025-04-24,1281.3345072026398,1293.3308829080645,1279.2525115884996,1290.4556884765625
2025-04-25,1292.3394247863746,1313.85358083958,1277.071255478384,1289.2659912109375
2025-04-28,1328.5268607294433,1362.830589793996,1308.8963407951755,1357.080322265625
2025-04-29,1359.2614765022709,1398.8198762816546,1358.2700385179512,1387.7156982421875
2025-04-30,1389.9960230274132,1400.3070020394923,1357.2785702742715,1392.9703369140625
2025-05-02,1401.8932881277126,1414.4845019236116,1397.0352178747166,1407.6436767578125
2025-05-05,1418.747808269532,1427.1750314493302,1414.6829365878357,1419.0452880859375
2025-05-06,1418.7477523435755,1419.7391903256466,1398.5223933042987,1408.7342529296875
2025-05-07,1408.7342420156256,1412.2042749259901,1390.6899982666434,1393.9617919921875
2025-05-08,1392.0780527042998,1408.6351396947061,1386.030305191398,1394.9532470703125
2025-05-09,1373.6374315703338,1382.8578539346386,1362.731612914777,1365.408447265625
2025-05-12,1388.0131966802994,1426.679278587822,1388.0131966802994,1424.20068359375
2025-05-13,1421.2263802516663,1435.3047515134413,1400.307062549957,1403.5787353515625
2025-05-14,1407.8418724989147,1417.6571322938998,1403.380401776207,1412.2042236328125
2025-05-15,1412.7992032271827,1448.8875719918406,1400.6044669576877,1441.7491455078125
2025-05-16,1440.757623701411,1448.4908883531898,1434.9082364412498,1443.9302978515625
2025-05-19,1439.667043567546,1442.1456384779733,1425.886031660542,1428.4638671875
2025-05-20,1425.8861208416395,1432.6279478297215,1409.6266340324114,1412.402587890625
2025-05-21,1411.7085860045363,1423.9032007341596,1405.9581972205492,1416.963134765625
2025-05-22,1409.031659643212,1411.6094953044076,1384.9397884743898,1397.332763671875
2025-05-23,1394.5567410207764,1421.5239286750705,1394.5567410207764,1414.5838623046875
2025-05-26,1419.7391840414937,1428.6621258406371,1412.898237790455,1422.5152587890625
2025-05-27,1413.8897021801247,1424.696400543767,1401.794207036506,1409.9239501953125
2025-05-28,1407.9410393609537,1410.4196342901241,1398.6214982222443,1400.802734375
2025-05-29,1400.0096192804465,1407.842003929875,1396.5395861721686,1405.660888671875
2025-05-30,1405.8590585766528,1418.3511529457182,1397.6300749154059,1408.7342529296875
2025-06-02,1400.0095486308933,1405.3633379328091,1383.650821945961,1401.5958251953125
2025-06-03,1410.1223942601396,1414.2863856817387,1391.384190812638,1393.4661865234375
2025-06-04,1402.5873087929724,1413.4931269376204,1394.0609660849138,1411.31201171875
2025-06-05,1415.7734397380668,1442.244785474372,1411.4110884077945,1430.0501708984375
2025-06-06,1428.6621520805822,1439.0722510374496,1424.6964000970136,1431.1407470703125
2025-06-09,1444.5251287223314,1445.0208477095387,1432.9253528317358,1436.3953857421875
2025-06-10,1437.5850079496329,1441.4516401070769,1423.704876838395,1426.1834716796875
2025-06-11,1433.4210733170682,1456.0257865422643,1430.7441181682645,1436.4945068359375
2025-06-12,1441.0552171722854,1444.5252503749707,1422.1187744712338,1429.257080078125
2025-06-13,1411.8076840776937,1423.2092208521976,1402.1907840779525,1415.67431640625
2025-06-16,1414.6829254727506,1430.0502146798779,1412.204330439343,1425.4896240234375
2025-06-17,1435.6022520574631,1435.6022520574631,1413.59237643736,1418.946044921875
2025-06-18,1417.7563491543892,1430.4468040463896,1413.4931173168031,1417.85546875
2025-06-19,1417.8555238832446,1427.5716651338516,1413.4931722804179,1421.0281982421875
2025-06-20,1418.7477927518771,1458.4053131642288,1415.8725983169522,1453.6463623046875
2025-06-23,1440.5593915455418,1451.266970188698,1429.6535737155343,1444.326904296875
2025-06-24,1452.4566670598808,1462.3710470398119,1430.744150698803,1438.3782958984375
2025-06-25,1451.4652666586912,1459.7933702625824,1447.9952335758323,1454.737060546875
2025-06-26,1456.5215658062507,1485.9673475108061,1452.5558137403293,1482.497314453125
2025-06-27,1486.5621628826696,1508.9686374999123,1484.083567880206,1502.4251708984375
2025-06-30,1500.838885203447,1511.7447031481738,1483.191240482831,1487.7518310546875
2025-07-01,1487.7518183386467,1518.2881567329412,1487.256099345396,1515.3138427734375
2025-07-02,1515.3138007089854,1516.900077238324,1495.7824003020085,1505.7960205078125
2025-07-03,1507.7790015843786,1518.7839394915495,1500.0457365549344,1504.8046875
2025-07-04,1510.9515946827762,1516.900223008299,1504.2097675037892,1514.223388671875
2025-07-07,1513.5291857359532,1531.5734294639212,1511.9429091838053,1528.3016357421875
2025-07-08,1522.8486600409224,1531.672481820406,1517.0982716385254,1524.4349365234375
2025-07-09,1523.5426661942138,1537.7202774459709,1497.1704406377573,1505.9942626953125
2025-07-10,1506.6881895774993,1511.6453792793734,1494.5926951149827,1504.2095947265625
2025-07-11,1499.0542783474266,1502.0285923917668,1477.540121836759,1482.3980712890625
2025-07-14,1479.4236826617216,1487.1569471972039,1466.4358695278945,1470.9964599609375
2025-07-15,1473.4750846086956,1483.6869442622558,1469.7076928815193,1472.6820068359375
2025-07-16,1460.388154594461,1478.234038357326,1458.9009976142222,1472.8802490234375
2025-07-17,1474.6649737790947,1476.8460890701654,1461.2805601585153,1463.7591552734375
2025-07-18,1472.0872520008465,1472.0872520008465,1456.5216021387357,1463.362548828125
2025-07-21,1452.4566531183941,1463.362470991638,1410.9153771961905,1416.3682861328125
2025-07-22,1415.178583447059,1419.640054314783,1398.6214967228645,1400.70361328125
2025-07-23,1413.7906253323065,1413.7906253323065,1402.2899684336514,1412.402587890625
2025-07-24,1407.0487949065318,1410.81630780687,1384.0474811654185,1390.888427734375
2025-07-25,1386.9226057137396,1389.0046012536307,1372.2492752918665,1379.7841796875
2025-07-28,1380.3790691362324,1395.7463569486692,1373.1415238854815,1375.71923828125
2025-07-29,1371.1586653944225,1408.04010820105,1371.1586653944225,1404.9666748046875
2025-07-30,1405.9581148273558,1411.113664716939,1389.3020300940545,1398.026611328125
2025-07-31,1376.215001569177,1390.5908519212596,1370.365493427784,1378.2969970703125
2025-08-01,1375.025384070285,1393.8627060383,1372.4476694796913,1381.76708984375
2025-08-04,1383.155066191865,1403.975263237478,1379.7841529413568,1399.4146728515625
2025-08-05,1398.918980991344,1398.918980991344,1376.2150271869518,1379.7841796875
2025-08-06,1379.9824375441353,1383.9481891450812,1371.4560958071288,1380.874755859375
2025-08-07,1375.818511047819,1381.7671392504185,1354.3043541251445,1377.5040283203125
2025-08-08,1373.1415514013454,1385.2370458989403,1353.312792536344,1356.0888671875
2025-08-11,1358.2700517359046,1376.1159356273254,1349.5453489789295,1374.331298828125
2025-08-12,1370.0682117041065,1389.8969719255274,1363.4255044148417,1368.5810546875
2025-08-13,1376.115874093997,1379.8833867126677,1365.7057756228248,1370.7620849609375
2025-08-14,1370.961308962897,1374.3455639562076,1363.794372575189,1367.4774169921875
2025-08-18,1383.602791829514,1388.4802648218374,1370.6626218339861,1375.3409423828125
2025-08-19,1383.6027633741608,1414.460091190419,1382.7068811681168,1413.564208984375
2025-08-20,1406.4969482421875,1418.342205158243,1403.510755146132,1406.4969482421875
2025-08-21,1418.4417067156319,1425.3099750709036,1413.7633861810953,1418.24267578125
2025-08-22,1413.464698965694,1416.84907536351,1401.4204113959267,1402.71435546875
2025-08-25,1408.1890657335161,1412.9670232567023,1399.230486508923,1406.0987548828125
2025-08-26,1401.519906786198,1403.5107021083375,1375.241384232256,1378.5262451171875
2025-08-28,1383.50331940736,1385.7926612650012,1360.2109883890075,1379.521728515625
2025-08-29,1374.7437651325777,1397.0406983353935,1343.7869203796088,1350.9537353515625
2025-09-01,1349.759256141992,1356.9260708455383,1334.430107544873,1347.6689453125
2025-09-02,1348.5648331807902,1378.128095842481,1348.2661652716795,1360.2109375
2025-09-03,1363.3961593284287,1370.1649121838109,1354.2385492379765,1366.2828369140625
2025-09-04,1365.4865379446771,1367.6763641601647,1350.8541196588233,1353.0440673828125
2025-09-05,1356.7271022727273,1374.6442613636364,1353.0441792852228,1368.671875
2025-09-08,1373.6488583038629,1379.6212446443146,1366.0838599076599,1372.15576171875
2025-09-09,1370.2643943031567,1374.843199236951,1362.4007284883235,1369.8662109375
2025-09-10,1377.5308659113482,1382.1096709119122,1367.7759200987732,1370.66259765625
2025-09-11,1369.6672638548873,1379.1235422027225,1368.6718661340626,1376.9337158203125
2025-09-12,1376.9337291414593,1389.873899637371,1374.146566892781,1388.579833984375
2025-09-15,1386.5889315301856,1394.3530818320328,1382.2091575524387,1392.8599853515625
2025-09-16,1398.2350616507645,1401.5199225726963,1391.7649767809332,1398.8323974609375
2025-09-17,1400.5245819104894,1409.6821922648512,1400.4250664409112,1407.2933349609375
2025-09-18,1413.8628424954393,1415.4554544293837,1404.2074124117412,1408.4876708984375
2025-09-19,1408.3882121473878,1410.4785229891424,1397.1401696768169,1400.9227294921875
2025-09-22,1397.4387885526373,1404.2074196840813,1381.6119415772491,1384.199951171875
2025-09-23,1384.5982372618869,1388.5798281670254,1370.4636381520502,1383.40380859375
2025-09-24,1378.9244730635044,1389.5751797778832,1374.0470000648747,1376.635009765625
2025-09-25,1374.942926360271,1378.128150477363,1362.6994857374575,1366.0838623046875
2025-09-26,1365.685684712474,1376.3363918134596,1359.7132983361805,1371.2598876953125
2025-09-29,1375.2413599514077,1382.6073268149732,1361.7039763015719,1366.48193359375
2025-09-30,1370.7620971908361,1370.7620971908361,1356.5279835173724,1357.722412109375
2025-10-01,1360.7086293823172,1372.255218175594,1356.4283707523282,1362.4007568359375
2025-10-03,1356.926091696157,1365.287456651113,1350.6551591113212,1357.125244140625
2025-10-06,1353.740909090909,1371.0608538471567,1352.7455113636363,1368.671875
2025-10-07,1369.667209612737,1389.47564777439,1369.5676941462978,1378.4267578125
2025-10-08,1378.426755451918,1382.6073771032557,1358.2201339506064,1361.1068115234375
2025-10-09,1367.676424553763,1373.6488106871855,1362.7989515764332,1371.458984375
2025-10-10,1371.45898859096,1381.6119964455866,1368.7713419175536,1375.3409423828125
2025-10-13,1370.5631549835205,1371.3594002602317,1361.505059967041,1368.671875
2025-10-14,1373.6488553790207,1381.612037149334,1363.7943936365562,1369.5677490234375
2025-10-15,1376.6350089791804,1377.6304066718624,1366.382364141153,1367.97509765625
2025-10-16,1368.7713249510273,1394.0544503152107,1368.671809484766,1391.8646240234375
2025-10-17,1394.5522084059296,1416.7496262080865,1392.6609284325848,1410.279541015625
2025-10-20,1433.3726108781723,1467.0170999313523,1426.7034952504036,1460.04931640625
2025-10-21,1461.2438272093502,1467.2162134241023,1453.2806455896807,1458.4566650390625
2025-10-23,1468.2115624957596,1476.0752283864208,1437.9514490416038,1441.7340087890625
2025-10-24,1443.3266994671071,1453.0816457634617,1434.3681199531734,1444.9193115234375
2025-10-27,1456.266786847925,1478.16553552233,1451.289798512833,1477.2696533203125
2025-10-28,1477.26972256393,1485.1333888036675,1470.79963742504,1480.056884765625
2025-10-29,1483.1425015536738,1501.3583271895798,1481.2512217130793,1497.277099609375
2025-10-30,1493.0964871305005,1496.1821955688695,1477.1701246011085,1481.6494140625
2025-10-31,1483.540795005222,1490.6080945575152,1475.4780977270138,1479.5592041015625
2025-11-03,1479.1610089962214,1488.1195884585134,1472.4918928888083,1477.866943359375
2025-11-04,1477.07065615293,1485.9297198935935,1463.334119430687,1466.3203125
2025-11-06,1477.1701896475465,1494.6891648996161,1469.406038969176,1489.2144775390625
2025-11-07,1487.7213309001133,1491.5038906434634,1469.1074431042953,1471.19775390625
2025-11-10,1471.0982430243503,1494.0919049344996,1468.7092643110286,1482.44580078125
2025-11-11,1490.1103850249956,1491.9021495222175,1473.3876547459602,1486.5269775390625
2025-11-12,1498.0734942427068,1517.6827797499902,1493.0965058897411,1504.5435791015625
2025-11-13,1508.0275174062697,1515.0948167835015,1499.8653048593553,1503.9464111328125
2025-11-14,1498.5711928131457,1513.900341239272,1498.5711928131457,1511.9095458984375
2025-11-17,1513.900387650411,1516.6874283079178,1504.5436249599409,1511.3123779296875
2025-11-18,1514.696568271851,1520.7685911952462,1503.5481631005248,1512.4072265625
2025-11-19,1510.4164493928117,1515.2939222795571,1505.0412776708577,1511.9095458984375
2025-11-20,1522.9585089376258,1543.7623455509595,1519.6736478639639,1541.9705810546875
2025-11-21,1533.9078528560988,1550.6305827884978,1533.0119706260582,1539.4820556640625
2025-11-24,1542.8663816107544,1542.8663816107544,1524.7501927010492,1528.831298828125
2025-11-25,1528.8313312270848,1552.4222077972818,1518.0809876078647,1532.61376953125
2025-11-26,1535.2018536795324,1564.3669320995493,1533.4100892950657,1562.6748046875
2025-11-27,1567.7513003642512,1568.2489991897637,1548.8387449947777,1556.2047119140625
2025-11-28,1560.7835875199362,1574.0224254817672,1555.806599039324,1560.285888671875
2025-12-01,1567.7513979315313,1570.2398922139623,1556.403839701944,1558.892333984375
2025-12-02,1553.9152843475838,1560.2858537619331,1534.9032130787248,1539.1834716796875
2025-12-03,1538.0884656023031,1545.2554018922647,1525.9446623591427,1531.718017578125
2025-12-04,1528.9308982335338,1553.3181423785347,1510.6155558800758,1528.53271484375
2025-12-05,1523.356635808528,1538.685784402705,1513.6016899280953,1533.5096435546875
2025-12-08,1532.1161217020071,1543.861863398969,1527.9354998822807,1535.898681640625
2025-12-09,1533.211064854301,1535.4008911036892,1513.1039592099478,1522.3612060546875
2025-12-10,1526.9401045329791,1540.3779737710465,1524.3520947592017,1529.8267822265625
2025-12-11,1529.826707449835,1542.8663926602953,1516.9860531705099,1537.889404296875
2025-12-12,1543.6628294631555,1552.62140892391,1538.9843872841,1549.3365478515625
2025-12-15,1544.060853330096,1551.4268205626304,1539.3825327747268,1549.037841796875
2025-12-16,1537.8894294536826,1544.5585453663573,1531.7180123854912,1535.201904296875
2025-12-17,1542.8664391614582,1542.8664391614582,1532.2157323461342,1537.292236328125
2025-12-18,1528.1345045583196,1544.3595357154854,1528.1345045583196,1537.292236328125
2025-12-19,1547.2461442463334,1566.9549449740825,1543.8617679066683,1557.8968505859375
2025-12-22,1566.2582562309594,1570.2398469681211,1558.0960438231807,1568.1495361328125
2025-12-23,1573.6241984599117,1573.6241984599117,1560.8830596994947,1563.4710693359375
2025-12-24,1565.4619535362338,1568.448146711295,1546.4498812900458,1551.0286865234375
2025-12-26,1547.5447581940155,1553.8158123179846,1547.1466963201515,1552.0240478515625
2025-12-29,1547.7439417510202,1550.9291658570105,1536.495898892566,1538.4866943359375
2025-12-30,1539.8801935176687,1546.449793829553,1530.7225835687998,1532.71337890625
2025-12-31,1533.9078900841737,1569.7422080874378,1533.9078900841737,1563.172607421875
2026-01-01,1566.457230908256,1585.1707553042595,1563.8692213237453,1568.3485107421875
2026-01-02,1572.7283614795997,1587.2611435561273,1570.9365970213464,1584.9718017578125
2026-01-05,1585.6684856930358,1604.3820104615531,1568.049995566515,1570.8370361328125
2026-01-06,1561.77894010158,1561.77894010158,1489.4135782872731,1500.6614990234375
2026-01-07,1503.0504545946628,1513.004431115157,1491.1056827700695,1497.277099609375
2026-01-08,1493.0965028672745,1496.9785780764303,1462.040144211037,1463.831787109375
2026-01-09,1458.2576091430024,1473.0890589574892,1458.2576091430024,1468.51025390625
2026-01-12,1468.5102348906719,1478.4642116159973,1444.322022844729,1476.373779296875
2026-01-13,1478.165525590484,1478.9618923221497,1438.050951275772,1446.11376953125
2026-01-14,1437.3542473990606,1460.2483939989072,1433.5716876182923,1452.086181640625
2026-01-15,1452.086181640625,1452.086181640625,1452.086181640625,1452.086181640625
2026-01-16,1452.0861898343726,1473.1885721290346,1448.4031454989463,1451.1903076171875
2026-01-19,1443.9238298491432,1443.9238298491432,1396.8415931572963,1407.0941162109375
2026-01-20,1404.207443054835,1409.4830993039366,1383.6027599099377,1387.5843505859375
2026-01-21,1383.105138772638,1406.3974698374059,1366.681076311502,1398.1356201171875
2026-01-22,1403.610286379211,1412.9670491536458,1388.5798052619484,1396.0452880859375
2026-01-23,1395.348519642108,1400.5245389866304,1374.6441992470054,1379.720703125
2026-01-27,1373.6487855396595,1385.195374217857,1361.7040134914885,1374.146484375
2026-01-28,1378.6257466723232,1403.4111724845945,1378.526231208921,1390.2718505859375
2026-01-29,1396.4434009824272,1396.4434009824272,1377.6303609139109,1384.59814453125
2026-01-30,1376.236766748553,1391.5659148620384,1372.1556606847782,1388.9779052734375
2026-02-02,1333.8329085367304,1386.4894707948447,1329.35361891851,1384.0009765625
2026-02-03,1467.1166446366906,1482.6448239290096,1423.6176937150067,1430.4859619140625
2026-02-04,1437.3543194605445,1457.2622740237098,1433.6713964697635,1450.095458984375
2026-02-05,1450.2944646433757,1454.7737543419996,1432.8750047042822,1436.757080078125
2026-02-06,1434.865799564727,1446.113842295832,1426.9026178813986,1444.123046875
2026-02-09,1451.2898835062008,1459.153549837875,1446.3128948796364,1454.873291015625
2026-02-10,1464.2299462371711,1464.2299462371711,1445.5164217743147,1451.7874755859375
2026-02-11,1452.882456999606,1463.234617369774,1446.91007080626,1461.9405517578125
2026-02-12,1463.2345557130195,1466.2207486838624,1438.8473131178025,1442.231689453125
2026-02-13,1438.8473526451965,1444.0233720001163,1409.7817888672503,1413.0665283203125
2026-02-16,1413.564201587246,1432.9744560797708,1402.8139796964888,1430.4859619140625
2026-02-17,1424.5136248062843,1425.2104761017015,1412.0711535507119,1416.450927734375
2026-02-18,1420.4325123887006,1435.4629932986807,1412.6683617554224,1434.666748046875
2026-02-19,1436.3588845536149,1436.3588845536149,1393.5567833507007,1403.0130615234375
2026-02-20,1403.013091941889,1420.8307355027325,1399.6287153786739,1412.8675537109375
2026-02-23,1418.4416634695872,1428.2961245911818,1411.772547760535,1421.4278564453125
2026-02-24,1418.7403513100855,1426.7035326906043,1408.4877066792656,1422.2242431640625
2026-02-25,1428.395737725409,1433.8704252219175,1387.0867320699354,1392.063720703125
2026-02-26,1392.0637118415314,1406.397463315574,1385.4941111892442,1400.3255615234375
2026-02-27,1391.5659695052796,1403.9089251530934,1381.711508080472,1387.48486328125
2026-03-02,1369.1694587628867,1372.2551671563263,1335.3259388807069,1351.75
2026-03-04,1323.8789706886037,1346.5740873609554,1300.9848230751916,1338.8099365234375
2026-03-05,1346.8726294272453,1392.5614090361375,1346.8726294272453,1383.005615234375
2026-03-06,1390.0728674061675,1417.7449716586152,1383.9014503612218,1398.334716796875
2026-03-09,1368.6718029922313,1422.8214608086796,1363.6948146177142,1417.4462890625
2026-03-10,1424.015880450879,1424.9117626543534,1394.1539503917586,1402.3162841796875
2026-03-11,1418.34212900751,1427.4002232775151,1377.2321576556008,1383.8017578125
2026-03-12,1383.6027762448114,1404.4066120742223,1374.7437125844203,1385.7926025390625
2026-03-13,1378.8248707870416,1394.3531723993444,1372.0562392077015,1374.3455810546875
2026-03-16,1373.6488401657623,1390.8692691567512,1357.224777946389,1388.6793212890625
2026-03-17,1392.5613056143347,1399.429573667814,1381.8109624429321,1391.167724609375
2026-03-18,1390.7696473738063,1406.3974645008152,1390.7696473738063,1401.6195068359375
2026-03-19,1381.6119817895922,1409.1844489610974,1369.7667250791762,1378.4267578125
2026-03-20,1391.5659566755692,1423.4186824363833,1389.6746767818195,1407.8905029296875
2026-03-23,1393.5567722314413,1409.0849519631759,1384.598192981382,1401.3209228515625
2026-03-24,1413.4647025895886,1415.8536813182018,1400.1263494042955,1405.302490234375
2026-03-25,1413.464703831985,1423.9163794589117,1401.9181150601291,1406.596435546875
2026-03-27,1394.552193095842,1398.235116023098,1338.809921280448,1341.8956298828125
2026-03-30,1328.855902170806,1358.7178325566667,1327.960019957529,1337.7149658203125
2026-04-01,1377.8294025098971,1378.028554948465,1356.6275051009459,1362.8984375
2026-04-02,1350.7546307176451,1351.9490593116357,1321.8880984473344,1344.2845458984375
2026-04-06,1352.7454554606609,1352.7454554606609,1284.0630151171836,1298.6953125
2026-04-07,1289.040031502862,1302.2788696189978,1285.058440671965,1298.5958251953125
2026-04-08,1342.7914745147666,1344.3840865060406,1320.0963587364665,1341.5970458984375
2026-04-09,1339.8052690319548,1343.7868597274437,1320.195983460075,1323.87890625
2026-04-10,1330.8467605257397,1346.0763943468285,1325.3720730291864,1343.9859619140625
2026-04-13,1315.1193869938081,1321.4899565481755,1303.970981405046,1309.0474853515625
2026-04-15,1330.8467629297493,1340.8007402141902,1328.059600686701,1337.9140625
2026-04-16,1345.7777093601655,1347.5694738488123,1323.8789596516422,1337.1177978515625
2026-04-17,1333.832952366644,1362.1022720767137,1333.832952366644,1358.7178955078125
2026-04-20,1356.9261198573818,1366.6810660920328,1346.5740808024586,1357.0257568359375
2026-04-21,1352.7454957201878,1363.4958396538184,1343.8864317482064,1347.07177734375
2026-04-22,1344.085556855853,1359.7132520720183,1342.8910067161314,1355.8311767578125
2026-04-23,1339.8052948565,1349.261572940554,1334.529638479888,1337.21728515625
2026-04-24,1333.8328899956957,1339.7057606040942,1318.9019248091768,1321.6890869140625
2026-04-27,1306.9571155871217,1365.2873936261717,1304.9663202853897,1359.51416015625
2026-04-28,1351.7500009887617,1388.7787447541255,1350.75460334444,1382.5078125
2026-04-29,1385.5935377241706,1427.2012083655534,1384.896807968084,1418.83984375
2026-04-30,1402.5153692729207,1430.386505071105,1386.6885214286783,1424.215087890625
2026-05-01,1424.215087890625,1424.215087890625,1424.215087890625,1424.215087890625
2026-05-04,1426.8030702776819,1460.6465916696056,1426.8030702776819,1456.3663330078125
2026-05-05,1453.280606341501,1466.6189594959255,1443.3266295857375,1456.864013671875
2026-05-06,1456.2668061036345,1466.519450812893,1420.9301884572374,1431.2823486328125
2026-05-07,1432.1782190445704,1442.828925531327,1423.717338832762,1429.590087890625
2026-05-08,1419.4371163507371,1436.1598462687914,1410.9762359236815,1428.5947265625
2026-05-11,1413.4647305422184,1421.427912122738,1375.6396180347506,1381.81103515625
2026-05-12,1385.593546668805,1387.0866431630602,1354.0394893602804,1357.722412109375
2026-05-13,1355.1343963286624,1366.0837705701026,1346.1758174038478,1352.54638671875
2026-05-14,1358.9168476375535,1371.6579863902991,1352.148216400817,1355.5325927734375
2026-05-15,1350.5556491178086,1358.5188307246153,1323.082575367519,1330.24951171875
2026-05-18,1327.860551095503,1335.8237328112184,1312.6309174607939,1329.7518310546875
2026-05-19,1332.5387892026445,1337.8144453658963,1312.3322897558653,1316.6124267578125
2026-05-20,1312.6308349443716,1356.6274840630256,1306.558933569541,1353.442138671875
2026-05-21,1360.9076465750106,1364.590690861155,1339.0088978228712,1343.388671875
2026-05-22,1343.7868238683554,1361.106767233248,1342.8909416840763,1348.26611328125
2026-05-25,1360.5095872329855,1364.7897243191815,1350.7546414401118,1360.7086181640625
2026-05-26,1353.8404218493883,1362.2017870434288,1346.1759079681497,1350.0579833984375
2026-05-27,1346.7730400596713,1354.736221375619,1342.393266034199,1344.2845458984375
2026-05-28,1344.2845458984375,1344.2845458984375,1344.2845458984375,1344.2845458984375
2026-05-29,1357.7224546740495,1362.6994431442622,1310.9387630540493,1315.119384765625
2026-06-01,1326.3673976551404,1329.353590670499,1312.4318302501333,1313.9249267578125
2026-06-02,1301.6815361898255,1321.689127358814,1294.3156903458798,1308.5498046875
2026-06-03,1308.9480145168118,1317.906594083847,1295.0124463014238,1307.15625
2026-06-04,1295.0124259474096,1305.1654340270677,1287.1487597049047,1297.699951171875
2026-06-05,1304.5,1306.0,1288.0,1291.0
2026-06-08,1277.0,1282.5999755859375,1259.199951171875,1263.300048828125
2026-06-09,1269.0,1274.199951171875,1257.5,1269.199951171875
2026-06-10,1275.0,1300.5,1254.4000244140625,1258.800048828125
2026-06-11,1258.0,1276.0,1253.199951171875,1263.0
2026-06-12,1277.0,1297.0,1262.5,1293.0
2026-06-15,1315.300048828125,1325.0,1303.300048828125,1307.0
2026-06-16,1313.4000244140625,1333.4000244140625,1306.4000244140625,1328.800048828125
2026-06-17,1333.0,1334.0,1317.0,1332.699951171875
2026-06-18,1330.0,1333.9000244140625,1322.0,1328.0999755859375
2026-06-19,1328.0,1338.199951171875,1305.300048828125,1309.5
2026-06-22,1316.699951171875,1344.9000244140625,1314.0999755859375,1326.5
2026-06-23,1328.9000244140625,1333.0,1304.0,1309.5
2026-06-24,1305.699951171875,1322.0,1297.5,1313.5999755859375
2026-06-25,1318.0,1328.0,1314.5999755859375,1318.0999755859375
2026-06-26,1318.0999755859375,1318.0999755859375,1318.0999755859375,1318.0999755859375
2026-06-29,1308.0,1313.699951171875,1292.5999755859375,1301.0
2026-06-30,1306.9000244140625,1306.9000244140625,1290.0,1293.9000244140625
2026-07-01,1298.9000244140625,1312.199951171875,1296.5,1308.0
2026-07-02,1310.0,1313.199951171875,1299.0,1303.5
