date,open,high,low,close
2021-07-02,2903.164345637849,2910.7468698200696,2871.962476730642,2898.3271484375
2021-07-05,2912.751723319642,2940.6416261162394,2877.8893448238955,2894.448974609375
2021-07-06,2887.476102050974,2900.5494921900518,2837.8844605699564,2843.2880859375
2021-07-07,2854.3573412344163,2861.068306777802,2825.2473392645243,2854.313720703125
2021-07-08,2874.403409022796,2874.403409022796,2816.7932373915455,2839.976806640625
2021-07-09,2832.5690977766435,2860.459008893213,2789.8626713793956,2796.09423828125
2021-07-12,2819.4948183101715,2820.3663777594174,2778.8366551160825,2782.9765625
2021-07-13,2801.1918633324153,2801.1918633324153,2767.201047318114,2778.13916015625
2021-07-14,2777.660608194992,2808.165195985022,2775.9174888927046,2801.672119140625
2021-07-15,2819.184273093379,2822.8964842713835,2789.835882951835,2797.6533203125
2021-07-16,2806.4318691544436,2812.415165876921,2788.0891771991855,2790.534912109375
2021-07-19,2777.607724000128,2794.9023053084866,2774.1138778064173,2781.625732421875
2021-07-20,2781.625724283251,2808.1788699787835,2756.7755727052318,2800.14306640625
2021-07-22,2786.3418727707326,2816.8693061254307,2786.3418727707326,2809.357666015625
2021-07-23,2821.2810511135626,2831.3695755402578,2800.8856368537395,2806.30126953125
2021-07-26,2795.077194186681,2816.2586385488767,2787.08510563354,2792.937255859375
2021-07-27,2795.0768878645167,2803.8115031390935,2761.142822223809,2780.184326171875
2021-07-28,2784.5950645543444,2798.963462561045,2736.030523298907,2793.155029296875
2021-07-29,2795.295552970715,2817.3067431732998,2786.604652490122,2791.40869140625
2021-07-30,2811.6727376362114,2815.603314622655,2762.191225983625,2766.645751953125
2021-08-02,2777.6076735719776,2816.826011085384,2766.25267364857,2812.02197265625
2021-08-03,2820.4079491934194,2873.689115158362,2811.629616085762,2869.234375
2021-08-04,2882.4229038130147,2886.9648608907482,2848.5325555065747,2859.669189453125
2021-08-05,2860.5866144070887,2895.5250768731294,2849.668344886451,2868.404052734375
2021-08-06,2858.446469339697,2903.3860207844823,2851.851792377056,2890.98291015625
2021-08-09,2903.299332119905,2914.7417659757734,2891.1582994845103,2902.251220703125
2021-08-10,2896.0487855076867,2926.0083417818596,2896.0487855076867,2912.032958984375
2021-08-11,2926.095659732704,2934.830273642354,2906.0934791785694,2921.029541015625
2021-08-12,2905.1331209034925,2941.818506074252,2905.1331209034925,2927.624755859375
2021-08-13,2935.4857463855783,3039.646030624656,2932.646996500656,3025.146484375
2021-08-16,3022.176753470583,3052.180240931902,3001.6504084686876,3033.488037109375
2021-08-17,3041.480103189076,3110.2214744587654,3024.7969047280226,3103.4521484375
2021-08-18,3121.620253633295,3140.0938777961865,3089.0838149829724,3110.003173828125
2021-08-20,3062.3557513344567,3122.6245895666525,3057.114982792527,3109.0859375
2021-08-23,3126.9920590866773,3208.2239757054094,3111.182321198469,3177.128662109375
2021-08-24,3194.248869248207,3203.289281535624,3139.5700912462094,3155.9912109375
2021-08-25,3153.1962331483587,3229.8424850759952,3150.6195641945837,3195.995849609375
2021-08-26,3196.8693657363897,3220.9769905146954,3186.3003953758202,3207.219970703125
2021-08-27,3202.109619317413,3257.5744204157913,3189.095129240541,3249.407470703125
2021-08-30,3244.9094952186683,3267.051829697669,3220.976735250082,3232.943115234375
2021-08-31,3240.0181060067675,3322.7350832895377,3234.821052565711,3307.318359375
2021-09-01,3315.6595696692425,3333.7401785192724,3237.921502835585,3244.865478515625
2021-09-02,3261.5052486336904,3370.818870315569,3251.023710609158,3351.25341796875
2021-09-03,3340.99000815719,3368.853342795532,3323.1277643578337,3355.882568359375
2021-09-06,3362.5642383601808,3386.93393885718,3331.381709684093,3364.5732421875
2021-09-07,3375.0550854815306,3380.2521385252685,3326.3596090282194,3333.04150390625
2021-09-08,3327.8883877901417,3332.2556953856665,3280.72146575847,3296.57470703125
2021-09-09,3310.157735896135,3326.7535080660605,3288.5832747247287,3311.642578125
2021-09-13,3290.3295846609585,3364.9231140500738,3290.3295846609585,3358.765380859375
2021-09-14,3362.7829407221366,3403.4426147631857,3340.9901197149197,3394.183837890625
2021-09-15,3390.864734115968,3476.3765236062077,3376.8019196637183,3454.14697265625
2021-09-16,3432.703212056955,3477.904838322591,3399.5991111633075,3409.3818359375
2021-09-17,3423.9693794337527,3445.8059188434067,3323.521298149344,3343.47998046875
2021-09-20,3327.01474032147,3381.1693514792364,3326.010344929612,3339.679931640625
2021-09-21,3369.814591658296,3381.6500380706075,3338.06417965979,3374.13818359375
2021-09-22,3373.745249967666,3403.7487396255815,3364.9669187066097,3373.439453125
2021-09-23,3380.295232694078,3388.156384398018,3349.724087178757,3379.64013671875
2021-09-24,3397.7650831549404,3445.281301332481,3367.1939320211554,3381.431396484375
2021-09-27,3406.4997674048227,3409.9936133201095,3321.6865725122584,3351.427978515625
2021-09-28,3362.8267262073114,3362.8267262073114,3276.572404333812,3300.94189453125
2021-09-29,3284.0406267687767,3324.394505866805,3251.154672980617,3312.07861328125
2021-09-30,3323.5214980252063,3323.5214980252063,3275.5685398967075,3297.798095703125
2021-10-01,3303.2130179995297,3327.8883053026266,3253.6440780189723,3258.18603515625
2021-10-04,3253.4693932217156,3304.872473843159,3238.314751105617,3295.832275390625
2021-10-05,3278.9746901462354,3354.092384166634,3268.143852121344,3348.240234375
2021-10-06,3350.5987766638227,3369.3344857764355,3314.7868502187716,3328.6748046875
2021-10-07,3345.35721394832,3405.6260514842033,3336.666315532846,3400.2978515625
2021-10-08,3428.336879146216,3485.0244533266145,3406.500338514711,3437.63916015625
2021-10-11,3279.84762938638,3282.0312829345735,3196.8687945550337,3219.2294921875
2021-10-12,3237.0481705945313,3237.9216320544865,3171.189261812868,3190.623779296875
2021-10-13,3188.1345564053886,3210.364109498508,3183.7672487938744,3192.676513671875
2021-10-14,3172.3732920313196,3211.754477725501,3157.6709399741703,3160.51513671875
2021-10-18,3153.5143445062477,3196.6148686071647,3151.764069415855,3191.7578125
2021-10-19,3210.879486705096,3229.344973413171,3172.5484214832622,3180.380859375
2021-10-20,3160.9973209036757,3176.74979924705,3131.5052236254696,3158.24072265625
2021-10-21,3154.083272760841,3157.014855306704,3072.826667240302,3091.42333984375
2021-10-22,3115.489176480275,3116.8894817975106,3049.8538707959997,3061.974609375
2021-10-25,3065.6066981460913,3075.7145791199464,3019.22441010677,3056.8115234375
2021-10-26,3058.1686918364385,3088.3609424784067,3041.1035066909785,3047.754638671875
2021-10-27,3048.1042957416585,3072.8269332250643,3048.1042957416585,3054.011474609375
2021-10-28,3078.7338948809274,3078.7338948809274,2988.594727407154,2994.414306640625
2021-10-29,2975.5116385074566,3028.85123247634,2963.1721128893782,2973.498779296875
2021-11-01,3008.678887143488,3051.6044237040865,2986.8004499216345,3042.327880859375
2021-11-02,3057.7304430162308,3074.883223579942,3036.5083585161897,3049.154052734375
2021-11-03,3066.6568251407275,3080.396441340284,3033.2704145388475,3056.198974609375
2021-11-04,3074.3136703960495,3074.576254328901,3067.356371286643,3070.550537109375
2021-11-08,3104.987170236778,3104.987170236778,3046.527955303712,3065.38720703125
2021-11-09,3069.9818527959524,3093.610561469125,3059.480204496764,3067.968994140625
2021-11-10,3061.2307953933705,3080.2212352978518,3045.653306076,3049.241455078125
2021-11-11,3045.4784563498015,3071.776380579202,3006.9724069017007,3052.654541015625
2021-11-12,3068.2317724364716,3092.8668051695226,3050.4664402070175,3085.7783203125
2021-11-15,3087.4856833199387,3123.8914956607505,3087.4856833199387,3109.626708984375
2021-11-16,3123.366664987073,3129.0988600455776,3099.737945470499,3112.33984375
2021-11-17,3107.263346120604,3117.9837806790056,3068.5820970335662,3082.146728515625
2021-11-18,3076.2389694658136,3081.227423284579,3020.624161815283,3041.71484375
2021-11-22,3044.078189423723,3076.9396452248434,3010.7355789237035,3026.575439453125
2021-11-23,3014.84867157337,3046.309821800846,2982.293599476673,3031.695068359375
2021-11-24,3038.6524730061487,3056.8991758736497,2996.4708870125883,3013.361083984375
2021-11-25,3013.8857114671073,3030.6009218524678,3005.2657359705536,3015.635986328125
2021-11-26,2997.3459336245774,3054.229871051029,2985.881546926754,3016.4677734375
2021-11-29,3016.7298289061887,3088.666294730472,2981.111779151015,3064.731201171875
2021-11-30,3055.1048030638794,3118.771051824377,3055.1048030638794,3088.4912109375
2021-12-01,3093.611450384857,3141.7440189198405,3093.611450384857,3131.0673828125
2021-12-02,3141.0432482701854,3192.5013723318543,3127.8288011565223,3188.0380859375
2021-12-03,3191.1456012249946,3208.2107851866967,3177.493582249623,3185.894775390625
2021-12-06,3185.8945329269327,3201.2532400549144,3082.2345302004946,3094.83642578125
2021-12-07,3117.6773946078056,3148.744776364599,3084.247184293791,3136.930419921875
2021-12-08,3151.369672091311,3191.144622860841,3151.369672091311,3174.03564453125
2021-12-09,3159.246740679444,3180.906396311526,3120.7406862224093,3152.02685546875
2021-12-10,3137.367788099259,3187.2506232238497,3128.7040127244727,3182.699951171875
2021-12-13,3194.2520713046342,3204.7537219500196,3151.9828847256335,3158.940185546875
2021-12-14,3154.870371961085,3181.124494335241,3130.103940456812,3171.322998046875
2021-12-15,3167.9976086138045,3170.6230209966334,3113.870271191835,3124.547119140625
2021-12-16,3134.7420593291154,3157.889400034218,3124.2404108891515,3134.39208984375
2021-12-17,3152.6827318642822,3195.433282684752,3127.478730027425,3136.799072265625
2021-12-20,3140.8686116511826,3155.745949739249,3071.8639315859427,3112.776611328125
2021-12-21,3135.310898436316,3186.5502355746466,3121.08991578706,3157.75830078125
2021-12-22,3171.4985830665155,3182.700386797636,3155.964891055083,3177.40576171875
2021-12-23,3192.5014887265843,3212.1920817902765,3176.749014275631,3205.365966796875
2021-12-24,3224.881270664563,3242.384018402227,3189.7007904431766,3212.541748046875
2021-12-27,3212.6299095475556,3238.008898209195,3196.9650330431937,3234.595947265625
2021-12-28,3246.7601484623697,3259.887211057231,3232.6267631978826,3243.740966796875
2021-12-29,3231.2260732834216,3255.4673365931217,3224.881327117451,3233.3701171875
2021-12-30,3221.687316961898,3273.014042622196,3220.505795949113,3267.54443359375
2021-12-31,3275.4646315888162,3290.5169536454464,3265.4005504805923,3271.5703125
2022-01-03,3281.7660670142754,3351.7770764439133,3277.390378924923,3341.056640625
2022-01-04,3352.739869446205,3403.5414380892203,3335.7620711811446,3399.69091796875
2022-01-05,3382.406410124512,3386.7820975890972,3336.3740925344277,3378.862060546875
2022-01-06,3336.024154690046,3356.152317218344,3301.0186546408327,3332.042236328125
2022-01-07,3343.0254215425102,3382.3190118461575,3322.372090020068,3372.342529296875
2022-01-10,3481.2970046437595,3481.2970046437595,3378.905916271884,3395.40234375
2022-01-11,3374.530275769995,3434.9147646258375,3374.530275769995,3426.950927734375
2022-01-12,3434.914651347394,3438.4152013105504,3357.5087830184166,3377.943115234375
2022-01-13,3428.7888361107916,3433.164523752587,3375.405446880889,3411.198486328125
2022-01-14,3393.6520131101706,3480.421810089149,3378.0745230015314,3472.6767578125
2022-01-17,3494.161493482207,3538.180952966991,3467.557398640576,3517.308837890625
2022-01-18,3530.261305806355,3537.0436222582607,3483.047674656349,3492.32421875
2022-01-19,3517.2213810726757,3517.2213810726757,3428.2388361626868,3431.876953125
2022-01-20,3427.8003552354353,3436.567108062124,3341.0095022512132,3354.641845703125
2022-01-21,3337.502482229034,3376.558405146631,3306.0299282011783,3360.734375
2022-01-24,3366.4329374751173,3374.8927679681947,3278.8531661989327,3306.249267578125
2022-01-25,3304.6274428472343,3339.606700640597,3263.160659611942,3304.97802734375
2022-01-27,3270.8752301414675,3272.979165046568,3178.0354104012977,3199.20703125
2022-01-28,3196.357997928472,3269.823427522156,3196.357997928472,3234.9755859375
2022-01-31,3286.6556372062146,3294.545714756189,3262.459313773471,3275.47802734375
2022-02-01,3305.0660216803485,3338.3796844983467,3275.6096447337136,3331.93603515625
2022-02-02,3355.8250577253107,3387.473119428021,3331.9356574912495,3380.635009765625
2022-02-03,3376.076514905753,3403.691786320848,3345.436756570653,3352.932373046875
2022-02-04,3344.779509497143,3353.0201721837657,3304.189397939181,3344.4287109375
2022-02-07,3323.4756687605436,3359.2440595715475,3292.9234525604707,3312.95556640625
2022-02-08,3323.958700262203,3331.1035192552076,3262.1092071561716,3281.79052734375
2022-02-09,3287.532283037312,3312.0353141804735,3284.1133350757727,3296.78125
2022-02-10,3322.4240945117594,3322.4240945117594,3294.5457771673173,3305.372802734375
2022-02-11,3289.724192681431,3289.724192681431,3234.931984275677,3239.271484375
2022-02-14,3264.738305835705,3325.448060851581,3252.464853558127,3273.285888671875
2022-02-15,3319.092630384668,3362.0497193674596,3285.7789695408705,3346.970947265625
2022-02-16,3369.939274158819,3378.7937787802125,3336.6256184829513,3342.85009765625
2022-02-17,3353.283537255897,3362.0502916016644,3312.9564672653687,3317.51513671875
2022-02-18,3304.1889388122663,3345.348798016269,3294.1949268123303,3326.01806640625
2022-02-21,3340.132423023235,3355.737283973948,3248.5637436289107,3260.70556640625
2022-02-22,3199.864787996428,3215.5571899740557,3129.730765245821,3144.108154296875
2022-02-23,3165.6746879993425,3176.107039048712,3117.1506217770543,3124.295654296875
2022-02-24,3045.5696257804584,3054.2049620593434,2972.8933377671333,2982.14208984375
2022-02-25,3040.309823069037,3094.6636895714246,3035.049771472032,3086.554443359375
2022-02-28,3059.59688152283,3124.2516866839496,3029.7021673541517,3115.87939453125
2022-03-02,3114.3889952378754,3131.440286972598,3073.6235938927493,3108.822021484375
2022-03-03,3123.462426865267,3137.2700617291334,3094.7513131007195,3107.28759765625
2022-03-04,3069.678334491801,3122.015803200218,3057.0104201560107,3089.71044921875
2022-03-07,3024.529607717447,3110.4437820815947,3008.354992186932,3055.12548828125
2022-03-08,3033.296400672888,3163.9210144590907,3033.296400672888,3155.987060546875
2022-03-09,3160.414273213555,3203.371360422283,3153.44474778916,3184.610595703125
2022-03-10,3229.671634344163,3229.671634344163,3169.181041844232,3174.397216796875
2022-03-11,3158.8800986737456,3190.966498478323,3149.762761674697,3155.28564453125
2022-03-14,3138.497245091185,3198.4180811794126,3138.497245091185,3193.727783203125
2022-03-15,3207.7552471656413,3207.7552471656413,3143.2318529462536,3150.68359375
2022-03-16,3191.5361524000095,3215.6447210556885,3170.2767782218198,3205.036865234375
2022-03-17,3240.7181184565948,3252.465482294645,3208.8947610929595,3219.809326171875
2022-03-21,3240.191872844113,3255.928151498079,3169.1811743321073,3179.438232421875
2022-03-22,3191.0979358854693,3253.3418791403783,3177.9478070287987,3244.53125
2022-03-23,3250.712050185486,3269.8236147540456,3234.9318946020617,3254.5693359375
2022-03-24,3243.6985306574106,3294.720989062963,3239.31515426463,3287.40087890625
2022-03-25,3296.2108169426533,3313.393735527106,3219.1511567285443,3250.229248046875
2022-03-28,3239.3152410797343,3255.0953965166586,3209.6835730639873,3250.448974609375
2022-03-29,3239.096802527806,3262.9862098947137,3235.8092694039196,3248.3896484375
2022-03-30,3277.0121787343182,3277.0121787343182,3249.133862176236,3271.357666015625
2022-03-31,3278.765556258031,3291.608763532692,3261.4073428596666,3278.7216796875
2022-04-01,3285.779109421766,3298.9292392620346,3268.289479540621,3295.203369140625
2022-04-04,3298.0524783670694,3313.832633765955,3276.2233490114336,3305.372802734375
2022-04-05,3306.819800631292,3362.5764449186117,3306.819800631292,3344.341552734375
2022-04-06,3339.518997983247,3339.518997983247,3271.0067003079744,3292.222412109375
2022-04-07,3283.587089747452,3283.587089747452,3225.28818667224,3229.802978515625
2022-04-08,3234.9320315767536,3248.0821617864153,3193.289952579492,3231.118408203125
2022-04-11,3234.9316004658776,3254.525377479889,3205.2123957654703,3240.542236328125
2022-04-12,3228.7945975810426,3277.8884062871352,3198.417889056956,3235.895751953125
2022-04-13,3249.835329431341,3252.3339396432675,3204.730428159187,3210.341064453125
2022-04-18,3164.7978439809913,3164.7978439809913,3088.0887549648314,3092.954345703125
2022-04-19,3112.1971834135416,3124.0761760326986,3015.0176449045566,3043.728759765625
2022-04-20,3068.363252251255,3128.9852577507763,3050.8297479526764,3118.158447265625
2022-04-21,3138.4975378373742,3194.6047563908915,3127.4513435718295,3181.147705078125
2022-04-22,3139.461567426191,3170.934120722403,3131.0454000995474,3167.032958984375
2022-04-25,3119.2103562360066,3142.0039113968096,3097.381229406358,3110.618896484375
2022-04-26,3134.246059147002,3145.4236708124395,3084.2755599368124,3108.9541015625
2022-04-27,3108.690691195903,3128.3720093644906,3073.886723725813,3122.01611328125
2022-04-28,3145.510745409141,3159.8881336605136,3101.720860196266,3142.26708984375
2022-04-29,3153.4005137781096,3176.4132364599764,3100.668589131325,3109.3037109375
2022-05-02,3085.8089874536313,3110.3997699115944,3062.007341104243,3105.5341796875
2022-05-04,3102.1152648596903,3108.2081148301027,3037.9426815850666,3050.610595703125
2022-05-05,3078.9715772569134,3097.294006428791,3055.5205116831885,3080.111083984375
2022-05-06,3032.4197764142496,3046.0082431775977,3002.174479424862,3009.275634765625
2022-05-09,2978.942398234585,3029.7895610060996,2934.100546334245,3020.23388671875
2022-05-10,3010.5027847828064,3037.504425076492,2999.982681865685,3014.6669921875
2022-05-11,3011.379595954421,3023.1708356998556,2965.047221652753,2991.216064453125
2022-05-12,2961.409041508169,3024.2666151245353,2936.949887257732,2988.279052734375
2022-05-13,3011.379313783876,3015.6749366536083,2965.0469438236173,2993.758056640625
2022-05-16,2993.846871890448,3006.997004563466,2951.4158627450192,2960.35791015625
2022-05-17,2954.3960639009565,3039.4335767194707,2937.2131406464464,3025.932861328125
2022-05-18,3037.6798800958636,3063.9801387979924,3018.436900285217,3023.477783203125
2022-05-19,2978.066446787043,2985.0798502531293,2831.661649432484,2859.67138671875
2022-05-20,2901.795080829601,2905.2140286957065,2866.771947358323,2886.8916015625
2022-05-23,2897.2368307029487,2927.131332659906,2864.0984586232075,2912.096435546875
2022-05-24,2906.3097026998907,2914.813623362685,2871.6373697770555,2882.508056640625
2022-05-25,2906.205560249245,2906.205560249245,2783.7033321781046,2795.706298828125
2022-05-26,2816.3147271888583,2860.8850480046017,2807.0918029068916,2848.04345703125
2022-05-27,2871.2113620219907,2893.893641905069,2850.029426167201,2878.3603515625
2022-05-30,2909.8682437006983,2988.947551799698,2900.4688464824417,2978.93017578125
2022-05-31,2960.3075643045477,2986.123046252866,2934.5804266036826,2969.31005859375
2022-06-01,2990.1830616669745,2990.1830616669745,2947.8633651492946,2961.234375
2022-06-02,2961.058003689997,3029.016711971407,2953.379595329582,3021.073486328125
2022-06-03,3053.1993941968394,3068.9977170114703,3028.3106631264545,3036.209716796875
2022-06-06,3016.6602249414027,3047.5505432190357,2980.60672441929,3028.089599609375
2022-06-07,3001.701059109505,3017.4110382784365,2961.940756456237,2967.85400390625
2022-06-08,2983.2545900235646,3013.085856009611,2953.555840405617,3004.4365234375
2022-06-09,2987.535408261443,3033.429600648325,2959.381172582851,3024.692138671875
2022-06-10,2984.8879321908275,2994.59631990641,2958.4105111483304,2965.3828125
2022-06-13,2903.6902298710247,2906.337971721971,2817.5944475896667,2841.556640625
2022-06-14,2815.432260568546,2858.5903679658018,2801.9287335908107,2833.5693359375
2022-06-15,2840.585800127237,2854.265800096779,2825.1406388713017,2829.818359375
2022-06-16,2859.5615134916056,2863.842116144225,2765.1695492197227,2773.068603515625
2022-06-17,2728.938966659696,2752.547995559484,2668.7911904372145,2726.202880859375
2022-06-20,2730.704207668576,2770.199687078133,2708.6396940319523,2746.943603515625
2022-06-21,2762.4772511283127,2857.575309853257,2758.4172942182936,2834.8046875
2022-06-22,2824.169414688557,2868.8722488134295,2809.2538895886987,2844.512939453125
2022-06-23,2844.5135602114065,2928.4029028591412,2844.5135602114065,2920.283203125
2022-06-24,2946.9366330138964,2952.232116631172,2892.6579259368214,2906.42626953125
2022-06-27,2956.6446362899756,2968.0298384014122,2918.2523850426282,2925.489501953125
2022-06-28,2918.694710643153,2938.9940690782278,2888.3340172602243,2928.535400390625
2022-06-29,2886.921269341309,2941.6412689436206,2886.921269341309,2904.131591796875
2022-06-30,2887.80356241596,2922.135859654931,2872.7996930513295,2883.47900390625
2022-07-01,2877.2132207546406,2941.641614961723,2870.196746946029,2925.843505859375
2022-07-04,2923.106916166727,2928.3582275862204,2846.3665769061995,2855.1923828125
2022-07-05,2872.800116365878,2887.8039879413677,2830.392071553336,2838.644287109375
2022-07-06,2840.5857246748133,2884.71475566246,2826.243789603828,2877.874755859375
2022-07-07,2886.921155244726,2929.6379702823137,2881.669843746481,2901.792724609375
2022-07-08,2912.5159071400585,2916.9288100296644,2868.3868782439968,2882.022705078125
2022-07-11,2829.6861331120735,2846.3228661315457,2741.2957588231257,2748.179931640625
2022-07-12,2749.1504754874695,2767.949487076794,2718.569141097803,2722.49658203125
2022-07-13,2739.530031365693,2744.825514673745,2678.631973323092,2681.941650390625
2022-07-14,2704.285870414756,2705.170780712667,2625.528853900714,2653.624755859375
2022-07-15,2671.1457043358505,2680.304395201188,2613.1397980186016,2649.9521484375
2022-07-18,2675.084223375403,2722.825097749123,2667.3855458616686,2710.923095703125
2022-07-19,2681.322554002557,2724.5945821637847,2681.322554002557,2720.435546875
2022-07-20,2750.12480050082,2806.8917207059267,2741.4969234226296,2800.564697265625
2022-07-21,2802.5108691484493,2817.5543439749486,2782.202221341185,2811.62548828125
2022-07-22,2818.439281202573,2829.058204711029,2781.7155040691646,2806.050537109375
2022-07-25,2800.7414458459975,2819.722730919755,2786.671456753092,2802.2900390625
2022-07-26,2800.4756592080407,2804.1922393604004,2740.1248183185944,2757.2919921875
2022-07-27,2756.4959587429653,2826.4924593932465,2752.0714066422543,2821.8466796875
2022-07-28,2845.871251293897,2888.346941611716,2833.1727032922854,2885.249755859375
2022-07-29,2911.3549076784775,2935.513002248576,2898.081253084199,2921.88525390625
2022-08-01,2944.0967628868952,2944.0967628868952,2894.541782808246,2919.142333984375
2022-08-02,2911.354384151611,2931.6187401045354,2895.1161965342453,2912.947265625
2022-08-03,2902.5060357089383,2963.564851704035,2899.8955933060683,2955.158203125
2022-08-04,2964.4495711102013,2997.9875858111113,2926.7082323905533,2968.829833984375
2022-08-05,2974.3605869043527,2988.342213462795,2968.874186013526,2977.767578125
2022-08-08,2977.7233337435564,2990.023501216288,2952.0609335419035,2986.085693359375
2022-08-10,2995.420948877823,2995.420948877823,2951.1754400317695,2968.2099609375
2022-08-11,3008.6949872169466,3034.091869341709,2986.6165186810267,3028.60546875
2022-08-12,3025.508537188174,3025.508537188174,2992.10317091767,3010.06689453125
2022-08-16,3018.429254447469,3021.8362457691064,2997.633860873879,3002.2353515625
2022-08-17,2995.509649477736,3024.5788203593047,2983.120906491458,3009.668212890625
2022-08-18,2999.84623743646,3001.6160582255084,2975.068746389787,2992.103271484375
2022-08-19,2997.191098780274,3027.7205032408347,2983.253761961322,2996.0849609375
2022-08-22,2977.723344218881,2994.625218414386,2962.1488355557162,2968.47607421875
2022-08-23,2937.8578650454288,2957.2816026427063,2893.6566394043225,2906.576416015625
2022-08-24,2913.1247476172416,2927.2833126117357,2876.135453360613,2880.69287109375
2022-08-25,2898.9654736963166,2900.8679439851903,2844.764730331268,2847.817626953125
2022-08-26,2862.0651660884055,2882.152584862205,2846.57923724742,2851.357666015625
2022-08-29,2765.34524985533,2781.0081221419914,2726.409188737367,2772.0263671875
2022-08-30,2791.8917236314205,2855.1628038975523,2780.4764682941245,2841.579345703125
2022-09-01,2822.8639979144714,2822.8639979144714,2761.805184166478,2771.273681640625
2022-09-02,2798.970961661716,2798.970961661716,2761.1853393428887,2770.122802734375
2022-09-05,2764.1499566547036,2785.653320032453,2754.0620657083778,2772.77783203125
2022-09-06,2774.635895147535,2779.3702510714947,2748.8408495780836,2767.158447265625
2022-09-07,2744.9914688760246,2797.9975039888873,2744.9914688760246,2787.11328125
2022-09-08,2805.1652737303557,2817.111561173687,2796.404749355589,2804.85546875
2022-09-09,2827.2884110725345,2861.3574576535334,2803.838288101197,2847.33154296875
2022-09-12,2867.0207070213914,2893.4796538091186,2853.83563037096,2869.7197265625
2022-09-13,2887.8606158067237,2887.8606158067237,2853.835856325097,2857.685302734375
2022-09-14,2774.1937021668928,2779.857041489545,2755.4336476127423,2761.27392578125
2022-09-15,2769.7696434360237,2776.627699262423,2743.2223305596403,2747.07177734375
2022-09-16,2721.9841963836157,2738.2223874832284,2654.7310107772587,2662.4296875
2022-09-19,2686.5878641443855,2691.897326326489,2643.935227823334,2680.216552734375
2022-09-20,2698.976164028321,2725.4791818403546,2681.277959674037,2690.392578125
2022-09-21,2679.508609959477,2691.366322542929,2653.0939489033167,2655.79296875
2022-09-22,2645.881943221107,2681.234068451284,2636.4134456963543,2661.279296875
2022-09-23,2658.2706625916117,2674.6415038891964,2636.1479040813615,2638.846923828125
2022-09-26,2619.2014290844972,2677.6054997691786,2589.3357111207397,2649.77490234375
2022-09-27,2663.049036122566,2676.8537235602644,2633.493117790197,2670.172607421875
2022-09-28,2637.033379866949,2698.932828242888,2637.033379866949,2686.278564453125
2022-09-29,2702.5159210262555,2704.1530914163895,2645.881664658973,2652.341552734375
2022-09-30,2646.63385311136,2672.1633836724513,2610.573761166664,2658.757080078125
2022-10-03,2650.30623313326,2673.048383644793,2631.723117642175,2641.412841796875
2022-10-04,2681.233674530913,2741.4518581351913,2675.083591718103,2735.39013671875
2022-10-06,2752.95574647594,2764.4595795534674,2736.540618376038,2744.947265625
2022-10-07,2740.9209604826137,2747.6463648942195,2706.144160002529,2712.161376953125
2022-10-10,2663.5803812572212,2767.114901060243,2659.155829128887,2759.637451171875
2022-10-11,2743.22184174712,2783.0428039660296,2701.940863997202,2716.2763671875
2022-10-12,2729.8598268537053,2751.9825853975053,2709.6397551702103,2743.8857421875
2022-10-13,2743.8852815020114,2752.0707007889237,2701.0557145691237,2746.141845703125
2022-10-14,2783.042951073875,2787.4675026654077,2717.5595875191957,2742.4697265625
2022-10-17,2726.0567094128687,2775.5181405488543,2724.992112063017,2760.746337890625
2022-10-18,2794.6814538133085,2799.4280629231534,2775.6510472338673,2789.979248046875
2022-10-19,2802.666443942167,2802.666443942167,2760.9680194833886,2769.70703125
2022-10-20,2754.7575733042404,2803.5536011727536,2754.7575733042404,2801.158203125
2022-10-21,2801.601705210383,2803.908296485969,2774.2758872411737,2783.502685546875
2022-10-24,2812.514136923427,2819.5229335978725,2799.117323946283,2805.0615234375
2022-10-25,2821.7409048142667,2825.067906352721,2795.701486132634,2805.41650390625
2022-10-27,2804.1743868029735,2815.974195972847,2780.79678517485,2801.24658203125
2022-10-28,2794.681118731724,2819.966328853582,2790.245116955959,2806.4365234375
2022-10-31,2838.154320749786,2838.154320749786,2819.345713992005,2832.964111328125
2022-11-01,2851.90614711306,2894.580579896571,2842.1025377869346,2892.007568359375
2022-11-02,2901.145166935118,2901.145166935118,2858.6039531439683,2876.037353515625
2022-11-03,2863.9269505864027,2863.9269505864027,2834.6049375676066,2845.029541015625
2022-11-04,2854.1242103218356,2856.8302153585205,2809.009975066028,2854.47900390625
2022-11-07,2864.770386557883,2877.0137966588013,2834.694376541909,2868.940185546875
2022-11-09,2883.2245139833467,2883.2245139833467,2840.5056757133734,2853.281494140625
2022-11-10,2812.425829426225,2861.2218611670587,2812.425829426225,2844.054443359375
2022-11-11,2900.790741715342,2964.6691755192865,2887.881931563793,2941.912353515625
2022-11-14,2949.0540316762854,2971.2340409397952,2935.746026118179,2959.2568359375
2022-11-15,2946.3927142420735,2963.2051195621743,2920.663901019243,2956.684326171875
2022-11-16,2962.273543145715,2988.002356606377,2946.7919383664444,2976.8681640625
2022-11-17,2963.249814251922,2980.9938251157064,2943.5096021659624,2971.234619140625
2022-11-18,2972.1215090051523,2983.433314748381,2946.3926959421224,2966.310302734375
2022-11-21,2947.723621770964,2957.660223917546,2903.8071976091396,2913.122802734375
2022-11-22,2910.0172918982757,2944.573703919236,2888.0590821499577,2941.02490234375
2022-11-23,2954.3779417550127,2954.3779417550127,2919.777119013738,2935.125732421875
2022-11-24,2942.1788211585995,3010.2270599589883,2935.1256201131005,2998.870849609375
2022-11-25,3001.3987882892015,3019.453402077861,2970.3467759953433,3007.298583984375
2022-11-28,2986.3167207691354,3031.563943811092,2985.9175238861585,3012.267333984375
2022-11-29,3001.398715580402,3042.2099307493936,3001.398715580402,3014.130126953125
2022-11-30,3001.3986419335924,3029.7002451178505,2994.3010394696644,3008.31884765625
2022-12-01,3038.661769149795,3087.4577975595,3034.2257665670945,3083.598388671875
2022-12-02,3068.0281992766704,3077.6097915939044,3028.015369256716,3051.215576171875
2022-12-05,3045.759170826894,3051.2153670002604,3022.691958930157,3039.4599609375
2022-12-06,3016.5256889568245,3023.534485303333,2988.090873517657,3003.48388671875
2022-12-07,2988.357167090223,3010.891970733605,2975.670157980053,2999.269775390625
2022-12-08,2980.9931307191937,2999.2695442922372,2962.7611204833056,2972.609130859375
2022-12-09,2993.5031905316173,2993.5031905316173,2906.779344645206,2921.329345703125
2022-12-12,2888.281178547479,2924.212798185376,2871.0695757813564,2915.739990234375
2022-12-13,2907.5335278353573,2960.1001591337144,2899.1939295105562,2956.240966796875
2022-12-14,2971.0565371698585,2996.0755433975933,2964.047524534059,2985.73974609375
2022-12-15,2979.9294953612743,2985.208295746911,2926.830451442796,2932.286865234375
2022-12-16,2905.581435939429,2920.6638433931603,2861.3988107840464,2874.751220703125
2022-12-19,2862.9964523917592,2879.4096641578726,2834.16243172156,2840.86083984375
2022-12-20,2838.06551085569,2882.514341262833,2806.7916941337708,2878.033935546875
2022-12-21,2882.513833041741,2912.723047188499,2874.5290301801297,2899.858642578125
2022-12-22,2922.438590322109,2922.438590322109,2879.0545703851453,2892.007568359375
2022-12-23,2854.1240352462114,2898.3510672263396,2854.1240352462114,2864.19384765625
2022-12-26,2864.1935243545195,2902.9197355304514,2861.265719687228,2885.97412109375
2022-12-27,2900.4353900642955,2904.516598384134,2866.9879796226655,2891.82958984375
2022-12-28,2883.2245641500617,2897.6859773053243,2862.109146469529,2889.701171875
2022-12-29,2866.633609062399,2902.4764224575765,2863.8832008843215,2900.03662109375
2022-12-30,2915.384877001168,2926.8740787002876,2880.02985491455,2889.345458984375
2023-01-02,2893.1606175778406,2898.350826761541,2870.27080304208,2893.559814453125
2023-01-03,2885.176105207512,2945.505740863758,2879.2319050146616,2937.83154296875
2023-01-04,2933.705589035318,2952.0264076914345,2915.517980403362,2940.7587890625
2023-01-05,2954.555264030216,2960.854474652095,2911.747836974885,2937.60986328125
2023-01-06,2927.7616595191807,2929.136863618989,2839.041609230721,2849.288818359375
2023-01-09,2864.770578993368,2951.716232985734,2857.8059680277906,2945.46142578125
2023-01-10,2914.4535626153415,2925.9871687992077,2865.7463431410715,2915.695556640625
2023-01-11,2918.978313377468,2971.6779339396694,2902.1656914177715,2953.22412109375
2023-01-12,2953.4902075036,2972.1214163824147,2941.5574051372632,2958.23681640625
2023-01-13,2965.8223193412623,2997.8503424610212,2932.1975086811703,2993.90234375
2023-01-16,3009.7358936031505,3042.401100769178,2992.5413358027226,3025.20654296875
2023-01-17,3021.5320135401794,3068.5336669447215,3013.3657108008815,3065.448486328125
2023-01-18,3066.8999642791296,3093.168190378214,3059.8678711657676,3075.9736328125
2023-01-19,3066.900147348573,3073.2517157010698,3049.6601761060806,3060.639404296875
2023-01-20,3053.289826586188,3080.1931683946414,3044.7606657549622,3051.56591796875
2023-01-23,3074.159299885683,3102.2876760062427,3044.760698614896,3098.5673828125
2023-01-24,3107.731573201867,3132.1850663852497,3100.7448925102035,3117.98486328125
2023-01-25,3108.003765663745,3116.805179945468,3089.5841740070796,3112.04150390625
2023-01-27,3108.6390657488755,3126.7864041362013,3068.9871756775947,3095.073974609375
2023-01-30,3103.1950956433448,3138.083311989628,3071.9363472451823,3115.58056640625
2023-01-31,3129.5082689944597,3129.5082689944597,3040.5863175994305,3047.572998046875
2023-02-01,3051.4746055363516,3102.2871472877746,3044.2156710004338,3092.623779296875
2023-02-02,3109.5460876470793,3147.655494032016,3103.2853452081667,3139.85205078125
2023-02-03,3179.4136948565433,3179.4136948565433,3133.0471565298344,3159.723876953125
2023-02-06,3151.421045615969,3151.421045615969,3118.4838066080183,3139.44384765625
2023-02-07,3147.564931045713,3169.4325618085195,3140.7596793384228,3150.876953125
2023-02-08,3155.867636723843,3211.988149167831,3155.867636723843,3194.0224609375
2023-02-09,3189.3945752566206,3218.9748240809963,3180.5931608475644,3212.85009765625
2023-02-10,3193.931865887774,3214.211607112206,3183.179478240564,3209.856201171875
2023-02-13,3220.2451782155104,3220.2451782155104,3151.6481508979105,3159.814453125
2023-02-14,3180.320764752124,3198.3320850826603,3171.2470963790797,3175.874755859375
2023-02-15,3163.988673966141,3199.37598635062,3139.6257818298463,3194.521484375
2023-02-16,3200.46491416523,3243.8371021011512,3200.283485065947,3228.457275390625
2023-02-17,3199.5120558409485,3211.0809850815513,3166.710827427652,3176.827880859375
2023-02-20,3177.599236935417,3195.7465769521814,3153.1457405678566,3164.260986328125
2023-02-21,3170.340019763293,3183.859698266715,3125.6521989352045,3131.3232421875
2023-02-22,3098.6124850134906,3127.6936378456253,3080.5105600481284,3086.453857421875
2023-02-23,3104.1028229787403,3132.594061068916,3092.3070507780026,3097.56982421875
2023-02-24,3105.4630497902713,3115.8523559367027,3068.98694665875,3085.45556640625
2023-02-27,3075.973496654053,3075.973496654053,3008.8283524793037,3023.210205078125
2023-02-28,3020.170662055617,3077.788458973307,2994.2198806605948,3005.970458984375
2023-03-01,3015.1799224204337,3075.066132134472,3007.9209879096416,3072.07177734375
2023-03-02,3049.660333125586,3057.735810408069,3010.643554094226,3013.77392578125
2023-03-03,3043.309028575736,3046.93849670761,3022.5304121308236,3032.556640625
2023-03-06,3050.4766492061635,3089.5388380017994,3047.845373843557,3059.505126953125
2023-03-08,3052.3825144497637,3081.4182577501183,3022.3033877346093,3076.3369140625
2023-03-09,3071.4364465429467,3071.4364465429467,3022.302625675787,3027.746826171875
2023-03-10,3006.0157791306688,3028.110252231494,2985.2371652832767,3022.439208984375
2023-03-13,3024.253987560838,3057.6451349988492,2968.9046046501835,2977.932861328125
2023-03-14,2976.1639192508446,2998.303586625452,2912.103717013004,2917.1396484375
2023-03-15,2948.9422175317536,2958.3335528960897,2896.314941034264,2902.57568359375
2023-03-16,2910.833062083006,2921.540035980481,2878.1678531568878,2889.963623046875
2023-03-17,2858.6595359477537,2922.991763191914,2852.761650855337,2884.791748046875
2023-03-20,2876.035450110584,2876.035450110584,2808.346011246895,2852.12646484375
2023-03-21,2852.1263176035486,2864.3303576607777,2810.523458137798,2818.372314453125
2023-03-22,2840.103898631804,2852.3079395141376,2818.3725050009734,2840.784423828125
2023-03-23,2826.357273644435,2854.894141943843,2813.7449614277098,2835.2041015625
2023-03-24,2857.207608505045,2876.3531391453694,2818.2816562099424,2831.4384765625
2023-03-27,2844.595047783863,2860.700809218684,2818.2814093833103,2833.071533203125
2023-03-28,2837.336265387191,2857.7974330642905,2822.0470446787185,2827.264404296875
2023-03-29,2839.150702259186,2858.205404958912,2816.5573576681204,2848.133544921875
2023-03-31,2894.4547893885947,2915.369639228699,2860.0202623245746,2908.92724609375
2023-04-03,2926.2127336376348,2926.2127336376348,2879.7555943489074,2903.573974609375
2023-04-05,2890.4171900754327,2961.9631570208894,2890.4171900754327,2939.687255859375
2023-04-06,2926.258167173755,2955.611574142893,2917.1844984383324,2922.3564453125
2023-04-10,2921.7211981908126,2968.904273441099,2917.1843640321313,2961.100830078125
2023-04-11,2961.6454758816367,2969.766365096571,2896.4510773934976,2916.095703125
2023-04-12,2928.934840854399,2958.8779475351903,2902.666614298546,2941.36572265625
2023-04-13,2912.647998358538,2930.795337912174,2885.426989028085,2893.457275390625
2023-04-17,2843.778530281314,2870.3642017389866,2785.843068358131,2848.67822265625
2023-04-18,2862.6974950818735,2864.421625310655,2822.4559012273435,2840.7392578125
2023-04-19,2840.7386910527553,2849.13183419489,2786.9772066017845,2803.400634765625
2023-04-20,2803.7635533311773,2824.632990783157,2792.875151182318,2817.192626953125
2023-04-21,2821.91108534421,2871.3171692054207,2813.563354091303,2868.05078125
2023-04-24,2859.203944736877,2886.288713952927,2836.564963222924,2880.70849609375
2023-04-25,2888.1484424197106,2895.588805663496,2855.9369219340365,2881.796875
2023-04-26,2886.3340104775543,2911.1957740797325,2886.3340104775543,2901.895263671875
2023-04-27,2889.963204872351,2902.847768890468,2876.9424029216802,2892.639892578125
2023-04-28,2903.9365748087516,2928.2994616355104,2900.1710912549383,2921.04052734375
2023-05-02,2935.3320146523815,2935.3320146523815,2912.647841432502,2921.177001953125
2023-05-03,2918.0917245239298,2918.0917245239298,2879.210967258462,2885.335693359375
2023-05-04,2885.5626742853387,2925.7590710882832,2883.611924117269,2922.3564453125
2023-05-05,2921.721151002872,2943.497954612831,2912.69289547793,2931.429931640625
2023-05-08,2944.40547335836,2953.3431255778287,2931.9745916279403,2949.48681640625
2023-05-09,2951.3018403250803,2992.496211386631,2945.3131298244402,2979.112548828125
2023-05-10,2985.237270173894,3000.2088248723344,2963.505875992397,2982.333740234375
2023-05-11,3002.4769021680513,3003.112014657081,2968.9043287681666,2978.114013671875
2023-05-12,2975.392051583769,2985.237070959748,2958.0160642336714,2970.991455078125
2023-05-15,2979.792639217082,2987.051573782775,2947.4451006687523,2953.5244140625
2023-05-16,2954.5678371838712,2980.7000462781807,2949.3504778943434,2956.337158203125
2023-05-17,2954.3413497168876,2976.1635689712307,2901.9863214823895,2911.46826171875
2023-05-18,2927.1201308420364,2929.8422314714453,2899.037170320326,2903.43798828125
2023-05-19,2912.647863454274,2934.8783533778346,2906.341707556494,2924.3076171875
2023-05-22,2930.795281788258,3001.9781755192334,2919.044923957323,2993.13134765625
2023-05-23,2999.7549225207754,3019.671581346221,2985.3278776559046,2991.634033203125
2023-05-24,2972.533770094014,3009.91723962534,2972.533770094014,2997.350341796875
2023-05-25,2988.8665252402934,2999.7549278823344,2964.458444594432,2988.412841796875
2023-05-26,2988.4129906226353,3029.3805189934887,2986.144573292574,3020.53369140625
2023-05-29,3049.478332742047,3059.6407964203936,3005.1987893666496,3012.775390625
2023-05-30,3007.9214578645388,3018.7644486791137,2995.535987530445,3009.01025390625
2023-05-31,3002.4768564038986,3019.444571909924,2962.6887320872042,2984.783203125
2023-06-01,3007.013977271125,3030.6055172255756,2992.042423069262,3016.087646484375
2023-06-02,3018.1291275724834,3026.885129479105,2991.9969167513864,2999.39208984375
2023-06-05,3007.9213792041683,3018.8097823868075,2980.7457838991895,2984.239013671875
2023-06-06,2976.163436975457,2984.1937226639307,2922.2659316354016,2932.882080078125
2023-06-07,2951.6643988850446,2975.119920852353,2940.7759965528526,2971.53564453125
2023-06-08,2958.9233618921558,2967.089663718905,2933.517089542269,2936.6474609375
2023-06-09,2944.405649991978,2948.942484583645,2908.4286402901084,2912.0126953125
2023-06-12,2917.1849635416957,2952.935135449067,2913.55549546886,2946.1298828125
2023-06-13,2958.016199521383,2962.5530341832255,2938.961493941644,2943.22607421875
2023-06-14,2943.2260282131615,2954.250669184191,2927.0296616386267,2949.895263671875
2023-06-15,2966.577450199209,2968.5427081775592,2934.3091461074932,2940.068115234375
2023-06-16,2922.425909481337,2924.619696403326,2884.947191217735,2902.223876953125
2023-06-19,2916.026947334096,2938.788322324805,2902.315221876412,2934.6748046875
2023-06-20,2937.965925601742,2954.877054918367,2926.1281797146307,2950.4892578125
2023-06-21,2970.8741736125958,2981.294996829443,2947.06142983265,2978.369873046875
2023-06-22,2980.0152914881505,2987.008182887772,2952.683338666562,2960.36181640625
2023-06-23,2959.265170688013,2970.3258306636544,2933.5326939992574,2940.114501953125
2023-06-26,2929.7387867833627,2937.874321602417,2900.487104668833,2915.70703125
2023-06-27,2926.997128817458,2933.990021445781,2908.9891024221047,2922.74658203125
2023-06-28,2932.4813906976683,2953.460288680506,2919.1352202864086,2939.29150390625
2023-06-30,2943.45074854266,3025.721111079567,2938.057558489853,3018.63671875
2023-07-03,3029.6513747394556,3033.764892219911,2988.013392052773,2991.258544921875
2023-07-04,3007.4385197427887,3030.2913960326273,2995.8293032220745,3024.669677734375
2023-07-05,3034.8621566398974,3043.0891926066924,3021.150430028573,3034.81640625
2023-07-06,3022.567291654091,3042.586322830739,3018.4080233653217,3037.512939453125
2023-07-07,3018.4082331911277,3068.59306578827,3018.4082331911277,3043.31787109375
2023-07-10,3039.2037923408957,3039.2037923408957,2984.7682004219478,2990.9384765625
2023-07-11,3012.0089419005876,3012.0089419005876,2980.746253359692,2991.349853515625
2023-07-12,2999.1659962790054,3006.661695723324,2970.9656783737587,2979.923828125
2023-07-13,3001.9539636829727,3078.23682351536,2991.6701688926455,3053.647216796875
2023-07-14,3075.996735483439,3222.1180961245486,3064.113241408763,3212.7939453125
2023-07-17,3208.544024917349,3245.0171284101766,3178.4239767823524,3191.815673828125
2023-07-18,3177.4642913146304,3221.341818927721,3167.409024569964,3196.523681640625
2023-07-19,3199.402356591438,3214.8052829200674,3149.7201192993293,3172.024658203125
2023-07-20,3164.7389834644387,3188.384300817306,3149.1127482930447,3174.087158203125
2023-07-21,3119.7851016890736,3148.058749845472,3078.5429555507294,3087.0205078125
2023-07-24,3098.659951717726,3128.4000771632996,3090.5032611034767,3111.26171875
2023-07-25,3113.7818228908627,3122.305243933692,3097.926465252558,3115.2939453125
2023-07-26,3116.393871751204,3135.181959017552,3102.3256291018097,3105.35009765625
2023-07-27,3111.444574743922,3126.7499469053832,3102.3713931415473,3113.231689453125
2023-07-28,3102.326258076599,3110.299695879994,3052.835676706987,3075.197998046875
2023-07-31,3083.4462532273114,3140.4978924006705,3080.2385305428656,3135.732177734375
2023-08-01,3129.8205341354496,3171.062678801949,3129.8205341354496,3163.776611328125
2023-08-02,3148.104409062401,3158.5981985732005,3128.5374375079987,3153.328369140625
2023-08-03,3134.4033011170673,3146.546822678413,3086.7457070649953,3116.027587890625
2023-08-04,3117.2189097618743,3181.1442369080387,3117.2189097618743,3155.986572265625
2023-08-07,3165.5179892112346,3196.7245913979227,3153.8785837580563,3193.1044921875
2023-08-08,3193.1041168607753,3198.511330361983,3167.946455269771,3180.77734375
2023-08-09,3175.5537398295282,3177.4784629540836,3139.0316598474765,3173.354248046875
2023-08-10,3161.89766861704,3175.5533110759743,3143.6136964143225,3154.657470703125
2023-08-11,3150.991431301233,3177.1571005314463,3128.903883221951,3160.7978515625
2023-08-14,3153.3742172226935,3166.4800985606685,3126.1544475225587,3161.76025390625
2023-08-16,3161.897503714278,3176.561376195272,3148.333376918771,3169.595947265625
2023-08-17,3166.4803644355306,3171.796063632933,3128.1709479820706,3148.837890625
2023-08-18,3125.2380760753504,3125.2380760753504,3076.205748488831,3085.920654296875
2023-08-21,3093.1610227918177,3125.009125174637,3090.4115463271137,3117.58544921875
2023-08-22,3116.0733417327847,3126.1547554854496,3084.0419855146843,3099.7138671875
2023-08-23,3105.0751943785403,3117.9060836115095,3094.0772893217095,3114.46923828125
2023-08-24,3123.4051569072394,3128.033486881535,3096.0021319156044,3104.84619140625
2023-08-25,3093.1606257272215,3103.058784480136,3070.477447805222,3098.9345703125
2023-08-28,3110.5745195028617,3110.5745195028617,3079.505523496938,3093.665283203125
2023-08-29,3098.705789480217,3106.4959726571,3083.9960459073914,3094.21484375
2023-08-30,3114.240122580418,3123.496782192859,3100.5386105821626,3107.77880859375
2023-08-31,3116.9898661423113,3132.020248209701,3064.428950759541,3076.48095703125
2023-09-01,3084.9123589907613,3105.9916769517795,3076.4806765569438,3097.010009765625
2023-09-04,3095.9103893566257,3146.1800717696538,3088.6243217343977,3133.0283203125
2023-09-05,3134.4028776179434,3159.1481634938746,3120.7928808850024,3142.97216796875
2023-09-06,3147.2340256547322,3156.307208388253,3114.332047153296,3143.476318359375
2023-09-07,3144.301284541943,3171.06281032939,3136.5111013373767,3166.70947265625
2023-09-08,3166.709625417665,3175.6454242304344,3148.196528012573,3154.474365234375
2023-09-11,3172.8955494880947,3194.6163668180566,3157.3151842826364,3189.988037109375
2023-09-12,3200.3903604544553,3290.114846064527,3192.1419316903975,3281.77490234375
2023-09-13,3272.885582251462,3289.1533197822837,3248.965044888043,3269.906982421875
2023-09-14,3271.922978515009,3297.2638979964904,3249.5147892827354,3262.758056640625
2023-09-15,3269.906821792652,3306.1082640969844,3264.9576296055875,3297.81396484375
2023-09-18,3281.0877459263597,3317.0600625898555,3276.6885388831606,3305.008056640625
2023-09-20,3281.0415966927326,3322.2837396679206,3281.0415966927326,3304.916259765625
2023-09-21,3288.8780136079395,3303.9542650181074,3233.3843680953905,3285.8994140625
2023-09-22,3284.7080587105493,3330.3035458536438,3267.340576197595,3302.717041015625
2023-09-25,3301.6630980426844,3317.7017112878607,3261.47482621001,3278.429931640625
2023-09-26,3269.6777383269227,3294.7436663285753,3240.716494631623,3286.26611328125
2023-09-27,3290.206196898837,3312.202004343286,3258.770477342227,3289.564697265625
2023-09-28,3299.371443592281,3301.937666132331,3232.788384377632,3241.4033203125
2023-09-29,3241.816024498274,3270.4564045061975,3212.8091371274368,3233.934326171875
2023-10-03,3239.0667420924833,3239.0667420924833,3189.4846475037402,3220.416259765625
2023-10-04,3195.166111325773,3251.7136230986325,3186.9176833077663,3242.319580078125
2023-10-05,3257.213239742299,3321.3676929730136,3254.6470168624746,3289.611328125
2023-10-06,3291.1235890654875,3331.4033777148984,3276.505582786958,3318.98486328125
2023-10-09,3340.659495143479,3371.7743564547645,3327.7827366912884,3334.51904296875
2023-10-10,3336.077665436022,3343.363734086187,3300.609460047054,3325.858642578125
2023-10-11,3345.196247840039,3345.196247840039,3303.954102318724,3308.44482421875
2023-10-12,3276.4591167575277,3288.9691438839695,3242.640649221404,3246.718994140625
2023-10-13,3235.2174542646135,3278.2925875083633,3230.634993281236,3272.65625
2023-10-16,3268.210960552936,3276.138528036827,3225.2275688286772,3229.76416015625
2023-10-17,3235.2175337108697,3239.02088691928,3210.793105570875,3214.18408203125
2023-10-18,3217.804042782525,3228.5269565339395,3193.0587539317335,3196.037353515625
2023-10-19,3187.9971019140276,3194.750838771474,3171.8250136242077,3175.270751953125
2023-10-20,3170.446688296385,3215.5629781222533,3164.612039380442,3211.0146484375
2023-10-23,3191.2133140425376,3196.6805076496757,3125.3308381439233,3133.462646484375
2023-10-25,3115.407006485019,3147.1078003867246,3103.1860758536272,3115.03955078125
2023-10-26,3094.7787879059947,3099.9702778404335,3059.815980855951,3066.018310546875
2023-10-27,3078.1927983487076,3089.219160611449,3066.2475725640707,3079.065673828125
2023-10-30,3078.1929142674794,3108.3776718312,3063.261381474391,3104.426513671875
2023-10-31,3123.2174999999997,3123.2174999999997,3078.2391698663882,3095.421875
2023-11-01,3082.787013402831,3098.0402370916254,3042.357019784433,3060.41259765625
2023-11-02,3071.944460658224,3102.037240795796,3071.944460658224,3087.473388671875
2023-11-03,3107.596767892487,3113.0179735265256,3072.955654228553,3079.02001953125
2023-11-06,3101.164491736812,3117.060876071951,3086.462674887097,3105.988525390625
2023-11-07,3103.9208626386717,3127.9490531184615,3092.894500782051,3096.9833984375
2023-11-08,3097.902980634826,3125.928323522244,3096.1572293352783,3107.18359375
2023-11-09,3115.0395198974807,3116.32583917985,3070.88807990428,3075.849853515625
2023-11-10,3067.166714113737,3075.8499303163658,3052.7865884253365,3062.98583984375
2023-11-13,3083.7061597919806,3083.7061597919806,3057.059116098903,3061.239990234375
2023-11-15,3108.6075388652434,3136.081470807579,3083.7522335870945,3128.08740234375
2023-11-16,3151.748122462739,3242.991322415879,3137.1840447327354,3214.047119140625
2023-11-17,3214.0467999770926,3238.534422647094,3209.1767785353018,3218.2734375
2023-11-20,3207.9828396461726,3247.172286071188,3207.9828396461726,3234.03271484375
2023-11-21,3234.0322273250904,3251.904078434434,3216.941275630958,3225.394775390625
2023-11-22,3216.022427894088,3246.023233095817,3198.6559965162287,3243.72607421875
2023-11-23,3243.588309420206,3256.4523990326375,3216.022403107853,3223.60302734375
2023-11-24,3210.738962666845,3220.2033021073066,3172.835841192993,3176.603271484375
2023-11-28,3176.6032484945686,3198.793713354985,3154.458547345828,3188.59423828125
2023-11-29,3198.563715717827,3232.561663859614,3193.7856705750914,3228.656494140625
2023-11-30,3215.5173057360876,3231.3217154069443,3198.5643165203733,3204.62890625
2023-12-01,3216.0221369745987,3231.5968278858527,3206.879490337294,3226.726806640625
2023-12-04,3257.049765355103,3259.944320290129,3214.1848682091013,3227.46240234375
2023-12-05,3250.938986137575,3250.938986137575,3218.595036568669,3245.058349609375
2023-12-06,3245.97728523371,3319.7160810042337,3239.1315727028823,3311.676025390625
2023-12-07,3312.502950367504,3335.979957891831,3300.282020829863,3321.599609375
2023-12-08,3338.2312680280656,3349.2576305979355,3309.792486099661,3332.4423828125
2023-12-11,3328.950852965452,3356.6087371102208,3321.6919202445793,3347.328125
2023-12-12,3343.698474230384,3398.324867473977,3336.3935538659134,3374.158935546875
2023-12-13,3347.925108013577,3353.851732647353,3273.9106091568547,3301.98193359375
2023-12-14,3335.4747249461025,3379.580175854481,3333.269542133453,3369.702392578125
2023-12-15,3369.196944540151,3579.8464140417323,3369.196944540151,3547.732177734375
2023-12-18,3545.0677537772526,3610.215093447748,3519.3853366273415,3546.078369140625
2023-12-19,3533.029962597134,3542.310573167924,3482.492472885081,3506.566650390625
2023-12-20,3516.7206581730966,3582.4653925926305,3460.9456833906206,3473.350341796875
2023-12-21,3451.481071849861,3497.837691229688,3439.6278222609985,3480.195556640625
2023-12-22,3491.6814061887094,3533.903140431371,3456.764592126822,3513.734130859375
2023-12-26,3509.920712322704,3522.9225406782575,3482.6302878237593,3487.59228515625
2023-12-27,3490.762809359621,3508.4049455776526,3462.2780378170705,3501.972900390625
2023-12-28,3513.7340557516227,3526.598144867868,3484.4223995695133,3491.58935546875
2023-12-29,3484.330624106451,3512.4479388122318,3459.888763645509,3485.616943359375
2024-01-01,3482.4929921117296,3521.0852627367144,3466.8723111444738,3501.881103515625
2024-01-02,3501.880565342347,3501.880565342347,3461.5883135420804,3476.244140625
2024-01-03,3461.358834441872,3465.8154121881867,3387.8957418477744,3392.21435546875
2024-01-04,3401.4035466272435,3417.2539447306594,3354.771215975165,3369.289306640625
2024-01-05,3376.822967115637,3443.6702789136402,3376.6852273395284,3434.619384765625
2024-01-08,3434.620091894895,3436.320079253609,3374.4345273007075,3379.85595703125
2024-01-09,3408.9381536279698,3447.898106989159,3383.9451072130623,3390.514892578125
2024-01-10,3390.606769711953,3426.6721669236586,3388.7690424654966,3411.78662109375
2024-01-11,3421.847531369738,3466.8718409930243,3406.2268525208433,3432.46044921875
2024-01-12,3535.7869314092995,3588.3918695130374,3511.5290234837503,3567.763427734375
2024-01-15,3638.699161630435,3643.293478753706,3569.7844047813737,3587.05908203125
2024-01-16,3582.649169426814,3582.649169426814,3542.724590950909,3548.008056640625
2024-01-17,3509.1397010883193,3592.7102914180577,3503.213076388841,3569.417236328125
2024-01-18,3581.730412979628,3591.6541850035787,3548.6513224544183,3585.957275390625
2024-01-19,3650.1704325122582,3667.334143476537,3622.4587908841813,3648.3662109375
2024-01-23,3608.5331301027018,3639.89952002954,3555.5617142826045,3569.9033203125
2024-01-24,3590.028183123641,3593.4053099998555,3521.1885578051592,3554.68310546875
2024-01-25,3552.925062591193,3572.448244885673,3496.298888503896,3525.537353515625
2024-01-29,3516.7471210923645,3534.51216322596,3498.288130235622,3516.93212890625
2024-01-30,3522.9003517362453,3560.2348866740044,3503.9787267378097,3516.51611328125
2024-01-31,3526.3698838766622,3547.4659708226372,3512.722225277384,3530.764892578125
2024-02-01,3534.512155183783,3613.067060107317,3520.6794891794907,3566.10986328125
2024-02-02,3585.4477527204835,3686.6253327794766,3582.625649630539,3669.878173828125
2024-02-05,3685.330004595494,3721.415334793642,3665.992059026692,3676.35498046875
2024-02-06,3698.2841625693227,3839.7570890882835,3691.807307643632,3826.89599609375
2024-02-07,3842.625585823318,3844.4761158429774,3769.4833416173137,3778.22705078125
2024-02-08,3784.3339061306156,3847.2519270638386,3780.679154505362,3825.13818359375
2024-02-09,3827.4047101937194,3872.0026633870466,3793.586455555742,3824.76806640625
2024-02-12,3821.3445300582025,3848.7324649898974,3798.721619618426,3812.73974609375
2024-02-13,3817.1345212525353,3858.3548946268,3776.468945424289,3839.386962890625
2024-02-14,3800.063437499442,3807.372940800221,3746.8606988444094,3793.67919921875
2024-02-15,3819.493999181755,3836.4261683169548,3777.857073318582,3796.547607421875
2024-02-16,3805.8461829865505,3837.9530585421244,3793.6790388446657,3819.771240234375
2024-02-19,3814.913891310595,3819.7715328328027,3751.9497852480945,3797.1025390625
2024-02-20,3777.024253238986,3791.7358760164275,3710.3125580346205,3729.419189453125
2024-02-21,3713.088510350119,3759.6756942779607,3683.1100141804095,3693.1953125
2024-02-22,3674.2272789613758,3788.9138294075187,3674.2272789613758,3781.650634765625
2024-02-23,3821.3441609716992,3821.3441609716992,3743.9919224643445,3749.26611328125
2024-02-26,3734.369460019071,3747.3231697416345,3685.0990998243196,3702.031494140625
2024-02-27,3700.1348706269982,3815.792999866402,3700.1348706269982,3797.65771484375
2024-02-28,3789.5158192500803,3844.3838587518662,3783.408979255798,3811.120849609375
2024-02-29,3792.661177462347,3828.8391287714094,3760.785843874876,3789.052734375
2024-03-01,3800.2486324635324,3830.597144097078,3781.3730907093754,3788.35888671875
2024-03-04,3798.2129895593343,3810.1488182185494,3771.287686534873,3775.72900390625
2024-03-05,3758.426493294637,3760.277023325801,3682.554762016902,3712.255859375
2024-03-06,3695.5545795520343,3767.678938412685,3662.6150564319732,3760.554443359375
2024-03-07,3761.20205859874,3815.792691183568,3735.942280037316,3801.543701171875
2024-03-11,3783.4081942199373,3842.625148103546,3783.4081942199373,3814.265869140625
2024-03-12,3814.2664465597413,3913.825055706045,3813.0633309281457,3878.9423828125
2024-03-13,3890.7391541307015,3924.048692667849,3823.102195243199,3838.92431640625
2024-03-14,3843.0415292335488,3909.2440495220876,3780.6322334549704,3893.14453125
2024-03-15,3879.2660947342424,3922.198299993149,3864.8318705051624,3903.92431640625
2024-03-18,3900.2232194784533,3936.771186305901,3810.102500494757,3842.162841796875
2024-03-19,3748.4794468990003,3754.7249850086127,3670.155863037833,3680.05615234375
2024-03-20,3688.106112670511,3717.7145912468923,3664.2342316393506,3674.134521484375
2024-03-21,3691.853615815909,3708.8320928330704,3652.946177836041,3676.031494140625
2024-03-22,3605.7580462656765,3643.693914856103,3566.896912587679,3618.619140625
2024-03-26,3585.401925358136,3651.7433816109683,3582.1171893830456,3587.715087890625
2024-03-27,3597.8930473154446,3603.907269973938,3543.2097940164645,3553.850341796875
2024-03-28,3562.3628386987034,3622.412446366123,3553.4802044110074,3586.604736328125
2024-04-01,3606.405151658199,3639.344674247267,3597.4764352455786,3624.031494140625
2024-04-02,3599.280542643675,3617.647141683191,3583.5510389868773,3593.5439453125
2024-04-03,3563.1952810159187,3683.4797231172092,3563.1952810159187,3652.29833984375
2024-04-04,3678.760643190965,3727.5683668999877,3641.1487151835245,3704.113037109375
2024-04-05,3680.7042585659196,3702.9106191002543,3664.512120676301,3681.86083984375
2024-04-08,3685.3305954282823,3731.269913572256,3664.049499848355,3675.66162109375
2024-04-09,3686.255866399333,3715.725647857853,3631.711538253932,3651.604736328125
2024-04-10,3660.7181984660388,3691.992199302218,3625.1881143494634,3686.85693359375
2024-04-12,3674.2270171071723,3713.412077038102,3650.632761520108,3702.35498046875
2024-04-15,3702.3552035360053,3760.4618895048175,3626.1597679097335,3646.654296875
2024-04-16,3610.383902806716,3635.088432257424,3574.159869690793,3583.3662109375
2024-04-18,3587.067257661961,3641.8428983525378,3562.270111447477,3573.373291015625
2024-04-19,3551.1669511103,3564.6296015885387,3516.8395304016394,3540.248779296875
2024-04-22,3550.2423766861184,3588.1782477948313,3527.110747961294,3575.77978515625
2024-04-23,3587.2984864078,3603.906946927783,3572.077923299984,3585.1240234375
2024-04-24,3599.28089958814,3606.683019690121,3538.6297328235796,3544.736572265625
2024-04-25,3526.369558837525,3584.152306944371,3526.184551035576,3564.305419921875
2024-04-26,3567.0354969857567,3587.0676210226866,3518.366690485543,3535.76171875
2024-04-29,3551.166720191891,3587.992308743337,3533.771694726435,3580.960205078125
2024-04-30,3582.6264669109614,3591.647801635234,3525.26003071559,3535.114013671875
2024-05-02,3495.6973338865346,3581.793283755537,3495.6973338865346,3574.576171875
2024-05-03,3599.419467848168,3602.6118127416667,3513.786374753984,3556.163330078125
2024-05-06,3565.046167455169,3645.497916789637,3565.046167455169,3628.010498046875
2024-05-07,3637.0320722300075,3689.9571903631777,3621.0249409444073,3681.58349609375
2024-05-08,3664.974734166066,3686.533454251881,3644.248888132834,3679.732666015625
2024-05-09,3665.8998971640367,3674.2272820894473,3617.8324260235386,3664.234375
2024-05-10,3666.4547955777916,3676.632709512435,3594.7004571596035,3602.888916015625
2024-05-13,3594.191910496532,3659.423093323152,3580.7755679293546,3652.76123046875
2024-05-14,3641.8430662390724,3650.9107084833586,3601.9640540938385,3609.643798828125
2024-05-15,3612.697170078893,3633.469324021022,3585.864485245422,3590.398193359375
2024-05-16,3626.466275520861,3643.6148000120916,3582.1034617844925,3635.646240234375
2024-05-17,3652.468629512838,3653.400619466784,3569.521523611679,3573.3427734375
2024-05-21,3570.0810162003927,3583.2685838009415,3550.928576025766,3560.38818359375
2024-05-22,3574.1817122361854,3580.006649837613,3557.9185319603234,3571.3857421875
2024-05-23,3579.7265364436253,3639.420534638159,3565.327338094309,3628.656005859375
2024-05-24,3614.490269526303,3619.6628596080805,3582.849254078192,3587.695556640625
2024-05-27,3592.821139586903,3642.542892805684,3580.099568200672,3585.411865234375
2024-05-28,3595.617400940856,3606.8012808815743,3569.5216810791803,3578.748291015625
2024-05-29,3587.1361699587314,3587.1361699587314,3541.5619506089633,3544.963623046875
2024-05-30,3520.126358012179,3536.3428935872575,3462.7623259187662,3482.008056640625
2024-05-31,3485.642279161951,3494.7758258285726,3405.258149060957,3421.288330078125
2024-06-03,3478.9320961856615,3496.406907573954,3444.634820860251,3451.01904296875
2024-06-04,3448.3629237466353,3490.3024728192295,3347.2420109827135,3462.3427734375
2024-06-05,3463.274759262659,3526.4637252968946,3448.3629196102897,3491.65380859375
2024-06-06,3523.8540736442465,3578.748191817024,3487.0404698598118,3569.894287109375
2024-06-07,3576.3254140192635,3648.7409943773578,3576.3254140192635,3629.12255859375
2024-06-10,3630.1008115349123,3640.2594108529347,3580.6120547712317,3596.26953125
2024-06-11,3583.5016762366204,3616.074682376751,3579.773716105295,3590.118896484375
2024-06-12,3610.9016510674905,3628.70274953458,3567.1447698788693,3571.05908203125
2024-06-13,3594.498879632959,3625.4409004223003,3590.0252823719024,3614.396728515625
2024-06-14,3624.508910984573,3624.508910984573,3567.657524106183,3571.43212890625
2024-06-18,3565.840744067161,3580.7059405566774,3536.949051157932,3555.635498046875
2024-06-19,3567.3313345631773,3573.109854433855,3534.9913279582247,3543.146240234375
2024-06-20,3537.8336224750806,3550.834835933391,3522.968429236752,3529.6787109375
2024-06-21,3566.725402515704,3614.070535675963,3539.7443400003353,3551.58056640625
2024-06-24,3549.7169174041856,3594.6854349663126,3533.4537373890407,3557.219482421875
2024-06-25,3557.4055898723664,3585.9709904295314,3534.9445413738563,3577.396728515625
2024-06-26,3583.035348485668,3603.9584772724033,3579.7733836736766,3593.613525390625
2024-06-27,3570.453463381977,3673.9043468159107,3558.4308841597035,3666.588134765625
2024-06-28,3651.3502171183336,3690.6801469139846,3632.757063400671,3638.62841796875
2024-07-01,3619.849165498956,3729.544343158271,3619.849165498956,3707.642578125
2024-07-02,3721.9953338274368,3749.7684536400434,3711.6967988787364,3744.176513671875
2024-07-03,3746.5994457218176,3752.2846751988714,3686.0201014501963,3695.572998046875
2024-07-04,3727.820255141,3772.0897796971713,3711.2774328068517,3747.485107421875
2024-07-05,3737.2801360585863,3752.8909695446164,3716.776354763502,3738.957763671875
2024-07-08,3748.4639170826727,3757.0848248979423,3707.503000592041,3721.62255859375
2024-07-09,3713.979805824434,3734.4369389213416,3704.753196694115,3714.44580078125
2024-07-10,3712.7687221974984,3731.03581821931,3636.6251805066217,3643.288818359375
2024-07-11,3663.652449012925,3709.319956009016,3630.6600961977388,3656.848876953125
2024-07-12,3709.3198875445955,3914.311252806398,3701.2116207349213,3899.3994140625
2024-07-15,3947.630166106164,3951.637541017052,3874.3287896416814,3885.65283203125
2024-07-16,3888.2621642902236,3909.2783561355113,3863.005145027192,3894.273681640625
2024-07-18,3877.0786873323054,4030.8570487288994,3877.0786873323054,4022.049560546875
2024-07-19,4033.1187635646565,4071.7461454391314,4003.085786003565,4019.1064453125
2024-07-22,4016.8185357125435,4035.5016290194912,3984.16964770657,4005.048095703125
2024-07-23,4000.9845622844437,4074.5027192991724,3985.38399641182,4019.060546875
2024-07-24,4005.1874837003356,4053.3899479080387,3987.0649773324767,4022.702880859375
2024-07-25,4012.1942915996424,4057.033715580267,3992.764056993455,4037.883544921875
2024-07-26,4063.5723344725097,4131.252014771132,4051.474850472995,4098.93017578125
2024-07-29,4124.292751189664,4139.239225486161,4083.1899468742968,4092.625
2024-07-30,4101.965609388457,4108.411183730364,4042.366283067837,4077.9111328125
2024-07-31,4063.5727565045063,4123.358654531239,4058.901983221168,4096.59521484375
2024-08-01,4109.720150730294,4128.309738282021,4077.6318451315615,4107.57177734375
2024-08-02,4077.584417636473,4108.411516326508,3988.8397395894017,4001.0302734375
2024-08-05,3959.8816965119863,3959.8816965119863,3839.8428198897195,3881.459228515625
2024-08-06,3896.312115658603,3977.863625691211,3886.830082040627,3896.545654296875
2024-08-07,3949.6056498315265,3965.439752757732,3905.0462929478185,3923.869873046875
2024-08-08,3905.700674177,3953.3425623336675,3886.08342611249,3897.806884765625
2024-08-09,3939.329836106082,3973.56650999584,3928.6335837883744,3950.30615234375
2024-08-12,3951.4740446269975,3959.8814362113103,3910.698286669118,3919.3857421875
2024-08-13,3935.5933407163916,3955.210587370805,3907.568702638658,3920.600341796875
2024-08-14,3931.856657097139,4022.65666541517,3912.379442730103,4012.427490234375
2024-08-16,4063.5722246731834,4135.502123822571,4040.3118679924623,4125.27294921875
2024-08-19,4129.896858035217,4198.323672070747,4101.265115128965,4194.353515625
2024-08-20,4208.366092318441,4264.415363248319,4203.69531974095,4225.4609375
2024-08-21,4220.510508211579,4259.745001647808,4196.736091046363,4251.8046875
2024-08-22,4259.744931072301,4260.63256038501,4201.080205263111,4205.56396484375
2024-08-23,4203.69523653677,4209.300163518819,4161.658284171403,4169.97216796875
2024-08-26,4193.419813734232,4252.411582886306,4189.683195499672,4205.984375
2024-08-27,4208.366896981085,4213.037670451652,4191.365099096131,4201.03369140625
2024-08-28,4202.528021816373,4262.080377779873,4163.807131055486,4209.34716796875
2024-08-29,4166.330204457366,4256.009060876179,4166.330204457366,4214.71923828125
2024-08-30,4203.695443315948,4289.871199903925,4192.298575439788,4253.90625
2024-09-02,4274.691351544587,4285.901206487449,4214.905458515991,4223.359375
2024-09-03,4223.35929287244,4255.914670528628,4199.865396904255,4215.232421875
2024-09-04,4182.164126611271,4191.552199028855,4144.564399396893,4184.3125
2024-09-05,4185.947279329001,4202.76206420468,4160.865133996732,4181.22998046875
2024-09-06,4179.361098385194,4221.398054814522,4147.646367693666,4163.29345703125
2024-09-09,4161.658218912157,4194.587164415334,4138.771434094347,4156.56689453125
2024-09-10,4149.935190376069,4241.01526179445,4148.066881218769,4211.02880859375
2024-09-11,4223.733764076483,4249.796587828451,4176.839017757158,4184.40576171875
2024-09-12,4213.270834445676,4234.149281228469,4139.519145451951,4220.23046875
2024-09-13,4231.720269890206,4247.600897834605,4208.366405266087,4224.8076171875
2024-09-16,4228.918357687261,4246.713822399725,4198.511804432986,4216.07373046875
2024-09-17,4216.07378818868,4237.138794663336,4171.934977688061,4208.97412109375
2024-09-18,4200.939917363504,4200.939917363504,4036.4821763829896,4059.97607421875
2024-09-19,4100.9848398642125,4131.018272379729,3999.8626137698093,4013.267822265625
2024-09-20,4032.651980992276,4045.5435884044587,3949.1386493323726,4002.759033203125
2024-09-23,4016.8643432631484,4025.645304322396,3972.9590818367838,3987.4384765625
2024-09-24,3971.6979102794116,4008.4569812801697,3960.8151015213048,3990.053955078125
2024-09-25,3972.352614968177,4007.1498756615333,3960.8157138209835,3993.277587890625
2024-09-26,3979.499102495268,4032.5589080764444,3979.499102495268,4009.859130859375
2024-09-27,4049.560517147242,4089.7291681823817,4016.9116287956654,4024.992431640625
2024-09-30,4004.6268281076473,4015.696650140107,3979.544688598688,3987.4384765625
2024-10-01,3975.3412878081467,4012.89448387877,3963.571305160189,4005.561279296875
2024-10-03,3981.9275753897014,3997.247619935326,3932.7909511399207,3954.04296875
2024-10-04,3946.803319485732,4014.996607609391,3945.9156901334163,3972.259033203125
2024-10-07,3992.4828770510344,4014.295476129203,3950.9130012728624,3991.502197265625
2024-10-08,3991.2688530047076,3997.6209215426975,3927.139233867937,3973.19287109375
2024-10-09,3979.498449031589,4012.193858824102,3967.0743757624978,3972.912841796875
2024-10-10,3973.1929086369787,4011.1196752502233,3922.141452820864,3949.044921875
2024-10-11,3870.2022001133973,3962.636972886771,3841.663961804298,3875.994140625
2024-10-14,3867.4000169266274,3891.1274523744905,3850.772247615099,3864.2705078125
2024-10-15,3859.039242334843,3895.378221785948,3825.3631508944272,3845.7275390625
2024-10-16,3816.0213698692205,3844.046006612446,3799.3933731218913,3825.316162109375
2024-10-17,3841.990767054733,3858.0118829761873,3823.447935515133,3838.441162109375
2024-10-18,3830.013454514362,3882.594110124687,3820.649118439755,3860.96240234375
2024-10-21,3869.905415130514,3876.788293233767,3811.2845829224775,3820.508544921875
2024-10-22,3807.538671802041,3829.8258351822333,3751.6805040836334,3760.248779296875
2024-10-23,3745.359744124965,3852.0660735451916,3741.192431901251,3807.77294921875
2024-10-24,3749.480496191903,3819.7130229687245,3749.480496191903,3790.58984375
2024-10-25,3799.15775978996,3831.886066466202,3776.3555115186805,3799.6259765625
2024-10-28,3810.301294003955,3871.2163428984345,3793.4923573008123,3830.809326171875
2024-10-29,3835.4913054593726,3842.654930403522,3802.013807284174,3816.20068359375
2024-10-30,3815.9669251651126,3845.932800405673,3801.96728855046,3825.00341796875
2024-10-31,3811.284570542396,3819.0570147766425,3708.276879446656,3716.189697265625
2024-11-01,3736.22946325371,3744.7508713227357,3723.306634635094,3730.9384765625
2024-11-04,3714.176555308054,3738.149117791104,3664.49870814831,3712.1630859375
2024-11-05,3690.578160049064,3732.623932770423,3690.578160049064,3718.9052734375
2024-11-06,3749.105477634464,3886.011789226445,3722.557494863472,3876.507080078125
2024-11-07,3904.6469723028927,3938.451856070285,3825.377738858535,3887.041748046875
2024-11-08,3890.8811162907673,3904.693510145229,3855.905234302243,3883.3896484375
2024-11-11,3865.785145970524,3965.140379367605,3855.9054977183528,3931.8037109375
2024-11-12,3948.0039375194488,3949.8768046624846,3899.6372349991407,3930.586181640625
2024-11-13,3912.513130781797,3929.977525148187,3868.4536576373816,3886.527099609375
2024-11-14,3872.152585273737,3895.5634231532636,3854.781926464299,3882.359619140625
2024-11-18,3945.1945196123975,3945.1945196123975,3736.557080351516,3763.99462890625
2024-11-19,3764.3689639428794,3869.483625120444,3758.93783249858,3782.77001953125
2024-11-21,3787.779869251299,3832.3073290355883,3768.208500051012,3813.953369140625
2024-11-22,3812.220934951704,3984.478067243221,3796.3015647983802,3974.785888671875
2024-11-25,4007.935534791354,4052.978079329536,3981.9028653831083,4040.804443359375
2024-11-26,4046.3759173117037,4089.0307389004984,4036.0285097141345,4076.014404296875
2024-11-27,4081.8672312002336,4099.144155960028,4049.185334306465,4057.14501953125
2024-11-28,4044.4564672909987,4064.0749328901306,3963.9231826910855,3975.066650390625
2024-11-29,3951.749210359426,4025.446706729403,3928.9469641069945,3999.366943359375
2024-12-02,3998.5713921173747,4015.614666194075,3961.1606876475703,4004.798583984375
2024-12-03,4040.1022227021986,4050.075148671725,3994.310713047887,4029.239501953125
2024-12-04,4039.352798807075,4108.087387887844,4016.4101765929463,4077.606201171875
2024-12-05,4121.056708977947,4203.65033349106,4082.850401875924,4180.2861328125
2024-12-06,4169.938779273809,4181.175982361904,4132.247327249158,4162.91552734375
2024-12-09,4148.822244241094,4185.296057017253,4134.869018418065,4169.142578125
2024-12-10,4144.795003046134,4208.144637237795,4131.63829540013,4150.7880859375
2024-12-11,4150.13340004317,4165.86530184749,4126.862933306924,4146.01318359375
2024-12-12,4148.447088243233,4199.904292516949,4144.654715424752,4171.7646484375
2024-12-13,4153.036438989519,4209.175359798749,4115.063781598932,4189.51025390625
2024-12-16,4175.557109616659,4190.540046094315,4117.498230765743,4134.54150390625
2024-12-17,4129.6716231039545,4151.162954243801,4043.519743438294,4053.352294921875
2024-12-18,4037.6201910234763,4084.7226095152764,4016.9249208334304,4071.47216796875
2024-12-19,4009.8081672667645,4086.5957127398788,3991.0794976391758,4000.35009765625
2024-12-20,4053.8206774936325,4103.451653679163,3888.5401624606857,3905.20849609375
2024-12-23,3933.0672895418265,3948.940020065292,3853.330069463599,3893.97119140625
2024-12-24,3893.971643595964,3949.876912235315,3893.971643595964,3913.82421875
2024-12-26,3913.8242672999845,3932.9745174938084,3879.7848141774207,3904.08544921875
2024-12-27,3898.372975186565,3915.1821407656116,3883.624146371002,3900.10546875
2024-12-30,3887.1359420947347,3932.3655028745316,3850.6150310512044,3894.43994140625
2024-12-31,3872.1526387464664,3876.7881676077986,3775.746852751546,3834.508056640625
2025-01-01,3834.133233779281,3871.2160918552154,3825.7521996723917,3851.0361328125
2025-01-02,3858.106087323385,3917.1013988528443,3836.521477668905,3910.312255859375
2025-01-03,3914.245966729808,3914.245966729808,3832.1674212140065,3839.2841796875
2025-01-06,3844.5276198167066,3885.871066162525,3807.9129796079665,3834.695068359375
2025-01-07,3853.3774566252837,3877.162777576041,3756.5500894487573,3772.2353515625
2025-01-08,3778.4155440164827,3863.7247297154518,3762.355800488186,3847.243408203125
2025-01-09,3840.313752052967,3874.727682896163,3769.4257824077367,3782.114501953125
2025-01-10,3933.020789370392,4023.8548409344226,3904.927783732032,3994.49755859375
2025-01-13,3975.1599171978064,4048.1550860892057,3958.6785973528376,4018.32958984375
2025-01-14,4028.537000624965,4039.680468057699,3950.8596572903593,3963.9697265625
2025-01-15,3949.8771112539193,3985.8831677707726,3939.99791920476,3979.468505859375
2025-01-16,3989.207076624975,4021.0458185510897,3925.3892191834284,3938.92041015625
2025-01-17,3967.148790924069,3967.8165423249693,3910.071878467617,3933.1982421875
2025-01-20,3953.7022267709062,3953.7022267709062,3879.602772098358,3888.853271484375
2025-01-21,3905.5424789112035,3920.514965783352,3843.2681372189027,3848.84716796875
2025-01-22,3862.3414621912134,3970.2485138616216,3856.81016118588,3964.002197265625
2025-01-23,3974.87360036335,3997.1417593700044,3948.218491564728,3953.36865234375
2025-01-24,3913.838960500178,3984.4101308405807,3913.838960500178,3959.94873046875
2025-01-27,3911.9316916717908,3963.7634492210204,3853.8058882600144,3876.7890625
2025-01-28,3882.1773422914675,3911.9316269694687,3841.6466026166254,3853.090576171875
2025-01-29,3866.155848644477,3917.5107746444246,3866.155848644477,3909.83349609375
2025-01-30,3909.929064937949,3938.539000483225,3870.447447016769,3910.072021484375
2025-01-31,3919.5611518137493,3937.1564483563893,3895.9579550966228,3921.849853515625
2025-02-01,3922.4220804091583,3944.260904282812,3868.0632040212854,3884.41845703125
2025-02-03,3844.1261184510477,3888.0901447868278,3813.4181682881867,3880.126953125
2025-02-04,3894.4796324423637,3928.0010789730964,3877.6475473199966,3916.74755859375
2025-02-05,3957.707610233867,3957.707610233867,3887.136438388733,3901.536865234375
2025-02-06,3915.1738927290917,3947.6939432135873,3863.8192024122486,3893.573486328125
2025-02-07,3900.487717170586,3900.487717170586,3822.2872299314695,3842.695556640625
2025-02-10,3852.8044751646275,3864.2484488532355,3828.3430745365245,3849.895751953125
2025-02-11,3832.2053307443857,3852.8045770599656,3771.743094621823,3779.89697265625
2025-02-12,3787.097133023103,3835.400146101803,3757.5810309224153,3767.11767578125
2025-02-13,3784.1405286996596,3799.828262299615,3721.4370912596387,3728.970947265625
2025-02-14,3743.133167001155,3765.0674505275315,3719.2915544724856,3752.52685546875
2025-02-17,3677.8073533505512,3751.716356302624,3677.521207418633,3723.583251953125
2025-02-18,3717.765943674978,3742.561223009311,3685.436807212675,3693.733642578125
2025-02-19,3692.779666465734,3695.402243866394,3593.5508277041968,3608.761962890625
2025-02-20,3587.2087965043847,3612.480904202741,3577.4814657672678,3604.279296875
2025-02-21,3601.1325452240194,3640.137329423988,3600.0834211620527,3610.57373046875
2025-02-24,3569.7091569360205,3588.8301766028944,3499.9486923438976,3505.289306640625
2025-02-25,3457.0340706509483,3488.505001501012,3453.4578285088955,3461.373291015625
2025-02-27,3444.3496925133104,3469.431112985364,3433.859384035345,3445.160400390625
2025-02-28,3418.839186617266,3433.191882580923,3296.817871689514,3321.8515625
2025-03-03,3323.5209518650067,3359.9986208488913,3315.0809274786084,3331.197998046875
2025-03-04,3313.030356161702,3386.462520072022,3303.7798574035824,3368.390625
2025-03-05,3357.709352111279,3433.5256709231876,3357.709352111279,3382.6953125
2025-03-06,3392.184730582395,3442.204388576499,3372.253235052136,3434.71826171875
2025-03-07,3433.192051502639,3457.0336629714075,3408.778148227326,3443.873046875
2025-03-10,3439.391117760303,3454.2683775177134,3416.5986286887846,3423.32177734375
2025-03-11,3393.138033446029,3422.46321459512,3373.7308692128186,3409.636474609375
2025-03-12,3399.8140462677893,3403.8671205164956,3325.2852564493496,3343.738525390625
2025-03-13,3340.019205205493,3360.999824081682,3322.662557973568,3348.36376953125
2025-03-17,3327.3352459788202,3366.864590627224,3316.2251483346326,3335.632080078125
2025-03-18,3335.632080078125,3335.632080078125,3335.632080078125,3335.632080078125
2025-03-19,3382.6480693895237,3382.6480693895237,3302.301833176931,3335.060302734375
2025-03-20,3349.269714639503,3413.117506170413,3349.269714639503,3398.049560546875
2025-03-21,3313.9842232799383,3448.6893373916764,3304.4475780330895,3412.30712890625
2025-03-24,3433.1922402172363,3480.6370496480163,3401.33993867541,3460.80078125
2025-03-25,3476.1071349334247,3538.0953280117983,3469.4314833711383,3488.266357421875
2025-03-26,3478.7294955586594,3509.9620062788417,3457.8443372465335,3467.333251953125
2025-03-27,3447.35396880693,3493.272818125195,3443.205435392033,3482.01953125
2025-03-28,3481.8288275034715,3491.3177419988115,3425.467166663208,3439.056884765625
2025-04-01,3407.156886548775,3417.9333412495,3361.6671394822783,3386.271728515625
2025-04-02,3379.7869876031436,3398.955737182192,3366.4834143953553,3379.7392578125
2025-04-03,3329.242651246095,3339.732960373482,3238.7874835027424,3245.463134765625
2025-04-04,3206.792040693369,3242.125120848791,3142.8010656012702,3146.520263671875
2025-04-07,2956.3600978903933,3138.891399190129,2914.446587584341,3122.345458984375
2025-04-08,3149.0478246149446,3193.822325127449,3104.464010431693,3140.369384765625
2025-04-09,3109.4708094407843,3118.4828923346345,3063.2180815269526,3096.167236328125
2025-04-11,3137.127365270746,3146.0917191901995,3057.4486430571133,3081.76708984375
2025-04-15,3160.825412160961,3160.825412160961,3088.537831919463,3097.69287109375
2025-04-16,3097.693028895488,3126.2077375710383,3079.3827167859167,3122.10693359375
2025-04-17,3095.1183505924305,3150.5263550376844,3068.8925750135395,3146.0439453125
2025-04-21,3137.6517065203434,3198.5907757535792,3131.929719443861,3167.692138671875
2025-04-22,3168.6459191470717,3179.422142272889,3142.3246845006793,3160.82568359375
2025-04-23,3209.0807969556886,3262.39054529537,3182.664338892606,3254.856689453125
2025-04-24,3243.5082751937634,3254.379956863419,3230.7290317834236,3243.985107421875
2025-04-25,3261.532502141187,3316.65435532197,3247.2275350265327,3288.235107421875
2025-04-28,3275.837455517982,3297.581052006719,3247.227521408655,3283.943603515625
2025-04-29,3294.9109682944113,3333.0575496928996,3271.450727603039,3311.60009765625
2025-04-30,3311.122759184256,3347.2665464023585,3210.0343339326632,3293.670654296875
2025-05-02,3311.122947254809,3329.7194038998173,3261.5323962014536,3272.022705078125
2025-05-05,3290.142360352066,3342.117073001106,3286.7090751925784,3294.2431640625
2025-05-06,3299.679443359375,3312.077082886448,3277.745158042246,3299.679443359375
2025-05-07,3262.1049458539387,3299.202402500721,3262.1049458539387,3285.4697265625
2025-05-08,3288.2350568363695,3315.89132616591,3269.8292861996833,3289.09326171875
2025-05-09,3241.505698660658,3286.518617372084,3240.6474937252347,3280.89208984375
2025-05-12,3342.5939426230407,3462.278832722667,3339.923635561146,3452.646728515625
2025-05-13,3452.646505875201,3455.1261264502577,3347.838881287229,3352.13037109375
2025-05-14,3357.8525838336896,3395.999162462871,3346.027237589939,3384.26904296875
2025-05-15,3398.8602651386764,3433.192187008764,3351.272499900048,3414.0234375
2025-05-16,3427.3744767433614,3427.3744767433614,3381.7895035858132,3396.28515625
2025-05-19,3385.5089240585153,3385.5089240585153,3341.3542118072583,3355.754638671875
2025-05-20,3368.1525972918466,3393.138562626365,3332.1040297404493,3336.204833984375
2025-05-21,3345.454901948022,3373.111171091834,3336.2044033172906,3362.43017578125
2025-05-22,3333.057317857191,3335.7276249349993,3291.382227143766,3315.891357421875
2025-05-23,3315.8916316020463,3371.204175356121,3305.0199488920316,3351.74951171875
2025-05-26,3357.8524401052096,3380.74038630303,3347.457591004991,3373.397216796875
2025-05-27,3368.3430118958113,3375.972327891045,3321.708911006242,3336.5859375
2025-05-28,3356.8988437504863,3365.481823748712,3331.149903755809,3335.632080078125
2025-05-29,3342.3079620855306,3368.8198820327834,3324.951314566822,3336.013916015625
2025-05-30,3328.288954402222,3344.2151042659493,3293.098829075797,3302.92138671875
2025-06-02,3290.142102325479,3299.678746100335,3260.197134003716,3289.951416015625
2025-06-03,3286.3277699067066,3312.553542881876,3242.936036438699,3247.418212890625
2025-06-04,3260.6957796433117,3266.2762443041534,3242.415101032151,3252.90234375
2025-06-05,3279.9384360226436,3279.9384360226436,3236.353404838992,3243.473388671875
2025-06-06,3243.473730125776,3262.5239346599506,3231.5430403786086,3256.07763671875
2025-06-09,3271.27954690969,3303.992342378787,3262.5239694574043,3292.350341796875
2025-06-10,3309.7649174374747,3353.831020585222,3293.6009022564963,3331.7978515625
2025-06-11,3338.629301432497,3356.909980604606,3318.5206483022603,3340.457275390625
2025-06-12,3340.4572389790806,3343.1512807546196,3293.6010193282204,3304.1845703125
2025-06-13,3264.7366235777054,3319.867346975648,3264.7366235777054,3315.2490234375
2025-06-16,3309.7650089781714,3376.152737355931,3296.487416323079,3363.93359375
2025-06-17,3377.1147173394984,3386.736126790608,3356.043924600645,3382.214111328125
2025-06-18,3385.8705329382847,3404.0549041256045,3312.747815947458,3320.7333984375
2025-06-19,3319.3862701130806,3320.3484110609393,3283.7870550423027,3294.37060546875
2025-06-20,3295.333067521792,3315.826718687675,3281.7667848759743,3305.6279296875
2025-06-23,3285.71154983106,3295.332959933054,3242.4152043720856,3265.121826171875
2025-06-24,3304.569544364703,3311.785601803136,3253.9608342374113,3262.042724609375
2025-06-25,3278.3030139670477,3319.3863869066126,3271.2793378210094,3314.38330078125
2025-06-26,3314.3834934254055,3320.7334833351697,3286.000332815166,3311.4970703125
2025-06-27,3324.1971522580116,3335.1654656898822,3301.105768277059,3310.823486328125
2025-06-30,3309.66847634863,3333.721999491074,3300.143375143297,3330.931884765625
2025-07-01,3324.1971950415045,3353.0614253891877,3284.268343060543,3299.85498046875
2025-07-02,3355.1779803217332,3357.7757139896216,3290.5221534097136,3293.697265625
2025-07-03,3300.1437879715377,3305.243182495177,3268.9705120384147,3272.04931640625
2025-07-04,3278.9765232213795,3297.257202194738,3261.7542933055606,3290.329833984375
2025-07-07,3288.8868460752856,3296.3915933540857,3279.361508602982,3282.53662109375
2025-07-08,3276.090106685197,3295.3329266950955,3264.929177120374,3277.24462890625
2025-07-09,3280.9006731219124,3284.749236961352,3239.528611847941,3255.692626953125
2025-07-10,3252.036655455352,3270.3173348795094,3228.9452709195743,3253.9609375
2025-07-11,3174.968778671878,3208.740019462478,3137.6378982976325,3142.352294921875
2025-07-14,3142.3526487027184,3148.125494964879,3078.8513398189525,3100.69189453125
2025-07-15,3084.623968418985,3136.002202567695,3084.623968418985,3129.171142578125
2025-07-16,3115.365810708297,3132.6464874286985,3109.187305299685,3121.2548828125
2025-07-17,3112.5663349360093,3129.8470122556437,3093.2582102459683,3098.181640625
2025-07-18,3113.434923384125,3117.103513998714,3076.749488627971,3079.549072265625
2025-07-21,3079.645764950135,3086.982946316993,3042.960329505588,3048.94580078125
2025-07-22,3050.29736328125,3070.088189339792,3045.4703325352643,3050.29736328125
2025-07-23,3050.2976253482652,3071.9226306702544,3048.366812883985,3069.123046875
2025-07-24,3055.6071726498794,3063.909524321329,3031.37538342797,3039.0986328125
2025-07-25,3031.375459671135,3047.6907301283586,3017.47370470728,3027.32080078125
2025-07-28,3002.413560717978,3010.136811034937,2963.7006742262606,2972.775634765625
2025-07-29,2954.1428746727747,2967.658561027487,2935.99319157176,2950.28125
2025-07-30,2954.1431052901985,2962.8317614822286,2941.785858233668,2947.964599609375
2025-07-31,2936.47600158721,2953.9499481457733,2910.6997030967705,2931.74560546875
2025-08-01,2925.084324273871,2931.745768865168,2896.218771462912,2899.114990234375
2025-08-04,2905.0038424767117,2972.8717086542492,2888.1092342571515,2968.044677734375
2025-08-05,2968.044724074376,2971.0375775693733,2936.7656575031788,2957.907958984375
2025-08-06,2957.0392913988153,2960.707882222844,2921.3192607812002,2927.4013671875
2025-08-07,2911.665180402855,2946.0337363593026,2906.741514367591,2941.5927734375
2025-08-08,2942.6545713366527,2953.94977611907,2920.353595060068,2931.359130859375
2025-08-11,2931.3592490987544,2944.3922326106717,2916.78175710605,2935.607177734375
2025-08-12,2935.8001676667204,2989.2835752923374,2922.187846369997,2930.393798828125
2025-08-13,2931.0698605624675,2939.0825434733065,2923.8293140563796,2931.166259765625
2025-08-14,2929.0422751905776,2950.1845757137776,2914.6578177545016,2917.7470703125
2025-08-18,2941.109890727772,2943.523406147703,2899.500790610218,2907.031005859375
2025-08-19,2907.0308795261603,2920.3535312041786,2906.9344803304716,2911.85791015625
2025-08-20,2906.741403418293,2996.0414760002127,2906.741403418293,2991.40771484375
2025-08-21,3021.721568272579,3021.721568272579,2976.444109339037,2995.26953125
2025-08-22,2979.2435848733217,2988.6079780367672,2944.4889610705222,2948.3505859375
2025-08-25,2980.4988759076773,3042.960615514831,2970.6517789228456,3031.955078125
2025-08-26,3020.756060501902,3052.6144657420946,3012.067404527304,3047.98046875
2025-08-28,3036.2026334864163,3037.6507428505593,2979.7263682848406,2986.67724609375
2025-08-29,2986.001444170926,3007.2403810515466,2970.747978726777,2977.988525390625
2025-09-01,2983.105066117822,3022.7833539936464,2983.105066117822,3004.92333984375
2025-09-02,3013.1295666219185,3045.856744495596,2995.752253975034,3003.861572265625
2025-09-03,3021.6247697126682,3033.2096441073413,2981.1743442292172,2990.345703125
2025-09-04,3008.205703050011,3010.136515439645,2983.877514079595,2988.60791015625
2025-09-05,2989.959772231462,2996.041643012066,2923.8294445249576,2942.847900390625
2025-09-08,2944.4888711015133,2958.8733290135365,2911.6650607351357,2914.561279296875
2025-09-09,2927.2083287202117,2954.1430683002914,2925.953253480324,2943.90966796875
2025-09-10,2950.667462651561,3014.6739418754814,2947.7712440051832,3002.413330078125
2025-09-11,3030.4101295308183,3030.4101295308183,3002.5099840051885,3016.1220703125
2025-09-12,3035.237062003493,3039.774423958481,3013.0327196287853,3025.003662109375
2025-09-15,3025.583130595429,3025.583130595429,2988.8976937854013,3004.24755859375
2025-09-16,3019.790531578054,3041.0294675418386,3001.5444490507502,3036.878173828125
2025-09-17,3042.960518364833,3072.3087742640014,3033.692524030945,3063.041015625
2025-09-18,3074.8188270106057,3092.1961390627853,3052.035145819797,3066.805908203125
2025-09-19,3060.337557621526,3070.474322402291,3035.2369972120114,3059.565185546875
2025-09-22,2987.932385962669,2999.4206262220173,2958.970198053499,2967.4658203125
2025-09-23,2963.79714260431,2974.126942183857,2946.419830367542,2956.4599609375
2025-09-24,2944.4888232106205,2951.2466664114318,2928.0769182943645,2930.393798828125
2025-09-25,2917.457621779319,2924.7948033919906,2848.9137795733855,2855.09228515625
2025-09-26,2839.2595057026215,2852.5821577986485,2791.278866873073,2798.80908203125
2025-09-29,2815.1245756980907,2827.964525737199,2793.8856385700533,2795.9130859375
2025-09-30,2810.2972769748603,2814.448570520906,2785.293352196243,2788.47900390625
2025-10-01,2790.9895841039,2823.620363841534,2767.4337649082727,2813.386962890625
2025-10-03,2822.8477787064007,2822.8477787064007,2791.086008442819,2801.51220703125
2025-10-06,2801.6085374387912,2890.0398315890247,2795.430032599017,2885.01953125
2025-10-07,2891.391568334869,2900.5629272327596,2853.2580234436414,2870.828369140625
2025-10-08,2872.083383638142,2937.7310038355854,2865.325540382523,2922.4775390625
2025-10-09,2929.042474504859,2959.9354735767624,2915.5267874109013,2955.7841796875
2025-10-10,2944.4888175243354,2963.7969409179377,2902.8797173331764,2923.53955078125
2025-10-13,2922.2845232036298,2930.4904757795234,2894.4807779251564,2903.16943359375
2025-10-14,2916.492200456414,2922.477671901626,2853.2580928331454,2857.89208984375
2025-10-15,2878.9193527026337,2887.349664986807,2859.539215693528,2877.756591796875
2025-10-16,2877.8534092983937,2882.7954389661986,2851.8842144350965,2878.628662109375
2025-10-17,2877.950145926403,2896.1675207642234,2863.8025522629873,2870.391845703125
2025-10-20,2892.9698128193104,2929.307567962745,2886.186765192536,2921.749267578125
2025-10-21,2937.1568492749448,2937.8351067763124,2903.1446131495227,2913.512939453125
2025-10-23,2960.3160263483123,3001.9833223001874,2942.001890896718,2977.951904296875
2025-10-24,2984.541081052346,2994.231149497321,2963.513679841537,2968.26171875
2025-10-27,2971.4594315335457,2998.300873295387,2965.3546412157716,2989.2890625
2025-10-28,2980.6650953225503,2994.424945391891,2945.974602490029,2963.1259765625
2025-10-29,2963.125962015583,2980.665080689528,2951.691870406029,2962.83544921875
2025-10-30,2954.598659200471,2968.8430115115416,2938.8038014162025,2941.226318359375
2025-10-31,2940.9357431934422,2972.3314700068563,2931.342670159881,2963.222900390625
2025-11-03,2952.4667678534975,2963.2228381217715,2916.710511035491,2923.2998046875
2025-11-04,2926.0133591519766,2935.412678861251,2883.764563259587,2897.5244140625
2025-11-06,2897.4276095278424,2930.276848617888,2897.330614208824,2917.582763671875
2025-11-07,2907.989767522932,2910.896788283535,2868.7449872547954,2899.074951171875
2025-11-10,2900.237480105872,2953.4358611387806,2899.2684732632038,2931.439453125
2025-11-11,2950.6259510827763,2960.9942773891976,2924.462765309628,2952.56396484375
2025-11-12,2965.1608589527805,3039.192885115363,2962.3508338140637,3034.735595703125
2025-11-13,3034.7357539410323,3034.8325126833847,3005.859301984357,3009.444580078125
2025-11-14,2994.2312415737683,3016.6153949995773,2981.924901585002,3009.7353515625
2025-11-17,3009.7352518307202,3026.6928715689805,2990.93661372188,3006.052978515625
2025-11-18,3005.8592500198897,3008.7662705711664,2982.6030856096777,2991.421142578125
2025-11-19,3001.0142221592077,3057.216619603584,2987.932629650603,3050.142822265625
2025-11-20,3050.433782640164,3066.422396812198,3040.8407087665255,3047.3330078125
2025-11-21,3047.3325941742696,3071.7515179167412,3038.0300343800313,3052.952880859375
2025-11-24,3060.1236005069036,3080.375748831919,3033.960415828725,3043.84423828125
2025-11-25,3047.817296493595,3052.1778273241375,3018.4563415864895,3022.526123046875
2025-11-26,3022.1385231343734,3079.503679669953,3020.394263540353,3064.87158203125
2025-11-27,3081.4417653096157,3081.4417653096157,3028.1463888655812,3039.386962890625
2025-11-28,3042.6813060258964,3049.7551028737985,3028.146204245518,3040.2587890625
2025-12-01,3040.646419381282,3056.2475238822894,3025.433059554359,3036.285888671875
2025-12-02,3033.96036368288,3046.557452385492,3023.688796726563,3038.5146484375
2025-12-03,3042.6813780586676,3112.3528729457903,3041.7123712503685,3081.441650390625
2025-12-04,3095.00770730463,3149.27208789607,3088.6121678196405,3129.11669921875
2025-12-05,3129.892081880524,3170.2028609083113,3122.527535293584,3137.837890625
2025-12-08,3142.489218360763,3158.8653395160463,3109.1554773099156,3136.190673828125
2025-12-09,3129.8921475722495,3133.4774256277456,3082.604565643986,3108.86474609375
2025-12-10,3125.0471830165943,3125.0471830165943,3079.6008550466445,3090.356689453125
2025-12-11,3105.6669848803986,3108.9615135733166,3055.3756234989633,3092.972900390625
2025-12-12,3098.5931202045713,3123.1090405337873,3086.9650381423917,3120.6865234375
2025-12-15,3111.578048266741,3137.8379924435076,3098.2057061744017,3130.0859375
2025-12-16,3120.202023295087,3120.202023295087,3092.197820262168,3105.763916015625
2025-12-17,3101.306446555184,3136.5782015286727,3101.306446555184,3118.0703125
2025-12-18,3127.9543077224057,3185.9009682967376,3121.171259347543,3179.117919921875
2025-12-19,3196.753634213965,3215.067769256,3177.179742937931,3180.280517578125
2025-12-22,3207.4127224224762,3225.436344736965,3189.0015919916527,3221.850830078125
2025-12-23,3217.005670614833,3217.005670614833,3191.423985009323,3207.41259765625
2025-12-24,3201.695681385047,3223.98283930865,3193.943626455098,3216.1337890625
2025-12-26,3210.4167512800273,3217.102804044398,3170.3967202884214,3178.342529296875
2025-12-29,3178.342279524835,3186.094333865139,3142.392032892103,3150.7255859375
2025-12-30,3149.2721612242462,3166.229780553915,3139.097589626445,3146.17138671875
2025-12-31,3139.582067367493,3145.3961082329884,3099.3682847144837,3106.82958984375
2026-01-01,3115.35696849259,3133.865093634826,3099.0776063813255,3127.37255859375
2026-01-02,3133.7680727866077,3153.4389586535176,3119.717473820805,3149.950439453125
2026-01-05,3140.066522757738,3146.3650669323792,3092.1006863508537,3116.4228515625
2026-01-06,3110.512016678168,3162.063134250383,3105.666982384277,3154.892578125
2026-01-07,3142.3921354819236,3198.3040184958663,3123.3027483604965,3193.458984375
2026-01-08,3185.028395467413,3185.028395467413,3083.3796755266676,3104.600830078125
2026-01-09,3092.1007650495476,3129.6012816982266,3092.1007650495476,3108.380126953125
2026-01-12,3103.7290773163704,3151.2104150586442,3075.9186268106855,3139.19482421875
2026-01-13,3144.42719813222,3178.3424375573745,3110.9964621274244,3166.71435546875
2026-01-14,3158.9624073145064,3158.9624073145064,3084.348878061986,3093.554443359375
2026-01-15,3093.554443359375,3093.554443359375,3093.554443359375,3093.554443359375
2026-01-16,3176.3318131508636,3178.7983689605644,3128.579389024886,3163.8017578125
2026-01-19,3145.3520534559602,3176.9239686725823,3109.9324074221513,3121.278564453125
2026-01-20,3109.4391143226594,3117.7266457653604,3049.7484617692403,3060.798583984375
2026-01-21,3058.5291438659533,3096.5141025881594,3040.769942385441,3080.826904296875
2026-01-22,3107.8603302315137,3117.7265535020897,3080.5309399469356,3108.2548828125
2026-01-23,3147.621264153488,3151.7650297600667,3109.8335807806325,3120.193115234375
2026-01-27,3132.5259981161435,3132.5259981161435,3088.127991843631,3115.75341796875
2026-01-28,3133.5125881835056,3162.3219126707263,3128.184923835551,3157.290283203125
2026-01-29,3157.2902623909354,3157.2902623909354,3083.786897692938,3102.335205078125
2026-01-30,3098.980713054142,3098.980713054142,3050.636219281569,3082.109375
2026-02-02,3155.218220087344,3155.218220087344,3092.074390792288,3127.1982421875
2026-02-03,3305.1848335937134,3305.1848335937134,3143.674804974814,3182.153076171875
2026-02-04,3078.2617963038065,3078.2617963038065,2946.0543986420407,2958.979248046875
2026-02-05,2950.000779389259,2989.1696378838233,2932.5376122480607,2951.480712890625
2026-02-06,2936.7800719556926,2945.0676030314735,2876.990663463912,2902.248291015625
2026-02-09,2919.5143380742375,2937.174782066686,2898.2031986297916,2908.760009765625
2026-02-10,2910.3385905230825,2971.3118985519286,2904.1228216834434,2944.673095703125
2026-02-11,2940.134620504305,2957.893822910036,2865.348597754142,2870.873779296875
2026-02-12,2831.4086986412967,2841.472197833708,2703.3450771056805,2713.31005859375
2026-02-13,2550.4187054416375,2676.706362809734,2550.4187054416375,2656.1845703125
2026-02-16,2663.880286127823,2683.4154564010123,2635.2682386101537,2670.39208984375
2026-02-17,2679.666188399951,2723.0775699498763,2659.144396219614,2681.04736328125
2026-02-18,2693.478928386682,2693.478928386682,2621.751534036431,2658.848388671875
2026-02-19,2671.7733571903564,2711.9288391622777,2630.9272877397234,2642.075927734375
2026-02-20,2631.3217917460984,2666.4456435463158,2612.0826560359187,2650.264892578125
2026-02-23,2650.0675026055624,2667.8267040377664,2624.612599044486,2640.497314453125
2026-02-24,2605.669504618486,2612.0825495938816,2527.035755172012,2539.269775390625
2026-02-25,2561.2716479227247,2618.6930211303556,2560.2850255621997,2594.126220703125
2026-02-26,2614.549064594777,2635.26813265383,2599.749730266882,2612.27978515625
2026-02-27,2645.726576120342,2652.6329325338243,2590.969035984877,2602.11767578125
2026-03-02,2557.324974292137,2588.6996112720262,2545.7815416803182,2578.537353515625
2026-03-04,2589.8837001747893,2599.7499237945026,2545.880246481027,2553.181396484375
2026-03-05,2565.2181034037962,2574.5910157046947,2512.335049229941,2544.3017578125
2026-03-06,2537.5927639837228,2584.161292192951,2519.4390085227947,2523.385498046875
2026-03-09,2496.1544256648085,2525.7530947438377,2471.4888680989507,2493.589111328125
2026-03-10,2507.007379980955,2511.1511456572443,2456.7883989435327,2479.480712890625
2026-03-11,2474.547570466413,2487.2749022159755,2427.1896984686477,2431.92529296875
2026-03-12,2426.8936916820116,2439.818299872899,2403.412031703097,2409.726318359375
2026-03-13,2404.398666093815,2413.179508655849,2364.9337721078678,2378.253173828125
2026-03-16,2377.759805019881,2392.5591399058967,2334.4471812699776,2376.970458984375
2026-03-17,2387.6260500920594,2387.6260500920594,2328.428710007132,2359.70458984375
2026-03-18,2377.759931791064,2449.684606821956,2377.759931791064,2408.14794921875
2026-03-19,2384.6661390424383,2391.5724952581177,2318.7597201236085,2324.482177734375
2026-03-20,2354.0808258010857,2375.5892402804725,2332.5724113216993,2358.619384765625
2026-03-23,2333.3618520807718,2374.602714385491,2316.589272171523,2351.910400390625
2026-03-24,2371.9388633725343,2402.819949907421,2347.2733048784753,2366.709716796875
2026-03-25,2368.781573169959,2389.204849113034,2338.097761710688,2345.595947265625
2026-03-27,2371.7413083689694,2389.69802736586,2353.0942427947716,2357.830078125
2026-03-30,2343.3267357786763,2365.9202902405636,2314.8132066050703,2327.34326171875
2026-04-01,2396.5056797013217,2438.9304406017563,2365.8216283746565,2375.98388671875
2026-04-02,2354.080866963729,2436.858383664294,2343.91860884341,2417.915283203125
2026-04-06,2440.903690225315,2448.7966690134326,2415.4487854587173,2440.804931640625
2026-04-07,2428.0775971710527,2509.868493428073,2415.251506653692,2505.823486328125
2026-04-08,2537.592681428627,2545.781695099603,2506.119524847839,2524.9638671875
2026-04-09,2519.8334525275204,2570.1511917909907,2497.2398973257214,2554.365234375
2026-04-10,2531.4755878535475,2531.4755878535475,2467.641172150841,2490.53076171875
2026-04-13,2456.5908344868626,2471.390169384871,2436.9571465386753,2439.5224609375
2026-04-15,2468.430210056267,2524.7664391435346,2460.0439205944767,2520.72119140625
2026-04-16,2537.5926488552986,2559.298340252972,2523.779936147688,2542.427001953125
2026-04-17,2535.6194192375438,2554.365243737743,2521.707947863873,2546.965576171875
2026-04-20,2552.490731944509,2559.2983296867455,2526.937069016173,2545.091064453125
2026-04-21,2525.7532081976633,2579.0308149330826,2525.7532081976633,2575.57763671875
2026-04-22,2545.485597963241,2545.485597963241,2470.107748698972,2504.540771484375
2026-04-23,2495.167841496993,2525.2598221872495,2482.637786236952,2488.064208984375
2026-04-24,2454.7163513416886,2471.4889309127534,2356.8434646078067,2364.8349609375
2026-04-27,2364.8349883004043,2426.1043319099444,2364.8349883004043,2414.85693359375
2026-04-28,2411.3050180002156,2453.7297789552113,2394.9269906770533,2411.99560546875
2026-04-29,2418.211337173827,2454.6176048964962,2414.8569175928637,2441.59423828125
2026-04-30,2445.8368019678887,2457.6762701500647,2405.3852856787867,2440.804931640625
2026-05-01,2440.804931640625,2440.804931640625,2440.804931640625,2440.804931640625
2026-05-04,2460.6360738276094,2464.8785979918853,2392.559133533261,2398.77490234375
2026-05-05,2397.4922011892513,2427.485422911908,2379.9302759850466,2394.828369140625
2026-05-06,2409.2328690917466,2437.9436740268407,2374.306536440952,2402.81982421875
2026-05-07,2405.582406456141,2407.0623398832377,2365.9202387848723,2369.274658203125
2026-05-08,2365.920344937355,2374.7999458983372,2343.326789953136,2362.368408203125
2026-05-11,2339.2814955090735,2382.6928771212197,2339.2814955090735,2360.888427734375
2026-05-12,2343.2279819983573,2343.2279819983573,2252.4587296430527,2269.52734375
2026-05-13,2275.1510766173806,2278.308219875756,2238.6460506699204,2242.395263671875
2026-05-14,2234.6996825737074,2234.6996825737074,2176.883514966109,2215.953857421875
2026-05-15,2221.873423006846,2274.06564640704,2221.873423006846,2233.712890625
2026-05-18,2233.7129057172556,2262.226194073794,2222.070714305826,2252.656005859375
2026-05-19,2269.2314317901273,2345.793423403843,2266.3703232911885,2295.968994140625
2026-05-20,2292.8114703818346,2310.669430390967,2286.793218866712,2296.2646484375
2026-05-21,2299.816595750975,2304.650948701518,2283.0440165455843,2296.0673828125
2026-05-22,2299.9154856057353,2308.696328282268,2277.223171267918,2286.300048828125
2026-05-25,2325.0,2326.10009765625,2293.0,2308.199951171875
2026-05-26,2308.199951171875,2327.89990234375,2272.39990234375,2276.199951171875
2026-05-27,2275.0,2295.60009765625,2260.89990234375,2284.199951171875
2026-05-28,2284.199951171875,2284.199951171875,2284.199951171875,2284.199951171875
2026-05-29,2291.0,2334.0,2235.0,2258.89990234375
2026-06-01,2284.0,2335.0,2280.0,2297.39990234375
2026-06-02,2320.0,2457.39990234375,2316.199951171875,2446.89990234375
2026-06-03,2393.0,2393.0,2224.800048828125,2241.699951171875
2026-06-04,2241.699951171875,2253.10009765625,2216.60009765625,2241.0
2026-06-05,2262.89990234375,2271.800048828125,2192.0,2198.89990234375
2026-06-08,2170.0,2177.0,2143.300048828125,2151.39990234375
2026-06-09,2174.0,2174.0,2132.800048828125,2151.0
2026-06-10,2151.300048828125,2180.800048828125,2144.800048828125,2153.89990234375
2026-06-11,2127.0,2154.60009765625,2110.0,2135.60009765625
2026-06-12,2150.0,2168.0,2138.0,2161.39990234375
2026-06-15,2192.0,2192.0,2159.300048828125,2162.0
2026-06-16,2167.0,2209.0,2160.60009765625,2199.0
2026-06-17,2209.0,2231.0,2200.699951171875,2223.0
2026-06-18,2209.0,2214.0,2182.0,2203.300048828125
2026-06-19,2105.0,2138.0,2059.89990234375,2125.0
2026-06-22,2132.199951171875,2157.0,2121.0,2127.800048828125
2026-06-23,2111.0,2114.0,2055.0,2059.60009765625
2026-06-24,2061.0,2120.699951171875,2061.0,2109.0
2026-06-25,2133.60009765625,2148.5,2088.0,2094.699951171875
2026-06-26,2094.699951171875,2094.699951171875,2094.699951171875,2094.699951171875
2026-06-29,2090.0,2105.0,2071.0,2097.89990234375
2026-06-30,2090.0,2104.300048828125,2018.800048828125,2031.5
2026-07-01,2039.9000244140625,2052.0,1976.800048828125,1982.5999755859375
2026-07-02,2008.0,2076.89990234375,2002.5,2068.10009765625
