date,open,high,low,close
2021-07-02,249.4989852397784,250.5152800703307,246.49631262847308,248.80606079101562
2021-07-05,250.79243966089996,250.79243966089996,247.39709331183593,247.7666473388672
2021-07-06,247.85905410695003,248.66746591303607,245.68788533157138,246.0343475341797
2021-07-07,246.7042102639755,247.78980888198936,242.5697551682766,245.82652282714844
2021-07-08,246.63490745335776,248.04384812137565,243.90939348296257,245.2952423095703
2021-07-09,243.63221790447807,245.27213326188763,241.71511588409217,242.89308166503906
2021-07-12,245.1797323663117,245.826473037336,241.69201877903143,242.91616821289062
2021-07-13,243.90939142533057,244.6023158327889,241.41485228041407,242.45423889160156
2021-07-14,243.1009632650298,260.2161893390028,242.80068476392884,259.4770812988281
2021-07-15,259.15371368016224,267.76908460196256,258.2298145226572,266.0367736816406
2021-07-16,267.9308052013468,272.20383959464414,262.5259884918719,266.89141845703125
2021-07-19,264.48924389498586,269.778572575089,263.31127802705606,265.0666809082031
2021-07-20,265.94436627398744,267.0761483305217,259.40776874790294,262.43353271484375
2021-07-22,266.59108233776385,270.2404951745974,263.77320127298316,269.8709411621094
2021-07-23,270.93345607088656,278.0012797206588,269.64000275510597,276.7771301269531
2021-07-26,277.2159449364329,277.4007360553355,271.7418534297271,272.7581481933594
2021-07-27,272.042126948792,274.6983371119889,269.8478663791945,273.2200927734375
2021-07-28,272.98913070712376,274.0977928663641,269.3166256277125,273.4510803222656
2021-07-29,274.2132725228447,276.24586205010934,271.5801823470619,272.7581481933594
2021-07-30,272.0190259387715,273.9361281643632,270.2405311570868,271.2337341308594
2021-08-02,271.71883095265594,275.04487457580836,268.9702244795239,273.5897216796875
2021-08-03,279.01756557918736,279.01756557918736,274.46737318017625,276.8926086425781
2021-08-04,278.78656556150554,279.0175403465607,274.5366238774589,275.6914978027344
2021-08-05,276.01490076937404,283.8680443895906,276.01490076937404,277.5855407714844
2021-08-06,278.90209051278924,280.1262683165026,275.4605601129767,276.2458801269531
2021-08-09,277.16974206611985,279.94143948678106,275.09096900062394,275.6914978027344
2021-08-10,276.4306395363993,281.3042019590733,273.9822842099313,278.9482421875
2021-08-11,278.04747089588716,280.1724277424961,276.4537391633477,277.7471923828125
2021-08-12,278.0936974562186,281.28116141277144,277.470076688496,279.8721923828125
2021-08-13,279.9414652523038,286.6166427938054,279.9414652523038,284.3299865722656
2021-08-16,284.60714732438163,286.8245280387554,282.0202407511683,283.66015625
2021-08-17,283.52159337273014,294.28501441489334,282.3436274221908,293.2918395996094
2021-08-18,293.6844365812362,295.27816822295125,288.53368764232783,290.7510681152344
2021-08-20,287.5636670863644,291.9290970691191,285.4848935893545,286.431884765625
2021-08-23,289.1804641292631,294.23881814244265,288.02559007123887,290.49700927734375
2021-08-24,293.79996460529264,293.79996460529264,288.30275273162334,292.6681823730469
2021-08-25,293.3380168179316,296.9412183146143,290.8203856802244,291.7904968261719
2021-08-26,292.0445184480696,294.95479504677326,289.18042552745504,290.5431823730469
2021-08-27,290.79731012751006,293.7999829088108,288.8571159220972,293.31494140625
2021-08-30,293.77688848840137,295.4168041232338,291.2823490754385,292.1600646972656
2021-08-31,293.15321193900354,296.8257169864449,290.52012171175005,296.08660888671875
2021-09-01,297.4031689401489,299.04308450297316,293.45350520569383,296.5947570800781
2021-09-02,297.9574619775203,303.50085661896253,295.9941763753428,300.9370422363281
2021-09-03,301.6530860721514,303.3623052157281,300.03626248677233,302.6231689453125
2021-09-06,303.3392233910798,318.14470278703027,303.3392233910798,317.1053161621094
2021-09-07,318.7452190259142,318.7452190259142,310.77658855026635,311.4695129394531
2021-09-08,312.0008174361484,312.0008174361484,304.8867812619677,305.903076171875
2021-09-09,305.30254661229674,306.9886459820307,302.11508262760714,305.97235107421875
2021-09-13,305.9722736288574,310.3607943605186,303.89350065070215,309.8526611328125
2021-09-14,309.9682237904331,312.1393928449887,309.50627412755614,311.1000061035156
2021-09-15,311.35404438846444,314.37980876537233,309.50624590544686,311.37713623046875
2021-09-16,314.0102736195599,314.4722232681359,307.1965163030634,308.5130615234375
2021-09-17,310.1530134095504,311.53886239137114,306.1571375672327,307.31201171875
2021-09-20,303.84736526201357,309.73722296948705,301.83789567517783,306.0416259765625
2021-09-21,305.1177214933537,309.0442932309669,303.54708152024165,308.3975524902344
2021-09-22,309.0442877344142,311.5850105782696,306.2725900865719,308.6516418457031
2021-09-23,310.8458717583759,312.73985368579304,310.1529474149066,311.4925842285156
2021-09-24,314.35667887460016,322.97204953695854,311.81595626797224,312.5088806152344
2021-09-27,313.22491331834203,313.3634925560691,300.72918256950254,302.06884765625
2021-09-28,302.0688534689728,302.0688534689728,293.4534821865321,295.46295166015625
2021-09-29,291.00518169890694,298.6504426108549,289.80409571639484,295.9942321777344
2021-09-30,295.0702874692442,298.765884024632,292.2061944997858,292.9222106933594
2021-10-01,293.2456032256217,295.53225940636895,291.12064632350956,293.9154357910156
2021-10-04,295.6015568657257,297.31074780963115,293.77685032800326,296.1327819824219
2021-10-05,294.007814067801,300.0362504116347,292.8991238043804,298.81207275390625
2021-10-06,300.45198970997353,300.47508154775784,293.06079712862277,293.6844177246094
2021-10-07,295.1857915057329,299.59740450344424,294.21570863331084,297.010498046875
2021-10-08,298.4887550418462,308.37445988679025,297.9575017064733,305.4179992675781
2021-10-11,299.7822047442624,307.79701919156093,293.33800205226976,301.5606994628906
2021-10-12,301.1911468183097,305.99543405789547,296.8257173488576,304.4709777832031
2021-10-13,307.1964698701746,311.6773864231033,303.0389236614053,310.707275390625
2021-10-14,321.9789086802032,341.77344006633444,321.05500937265595,327.17584228515625
2021-10-18,332.14177789583977,332.9732815755998,324.47342545614464,327.8687438964844
2021-10-19,331.26404042104093,337.20010958236486,327.06031042109583,328.7002258300781
2021-10-20,329.6472294712098,333.87407966863725,321.40144023445777,324.2655334472656
2021-10-21,327.4991916002636,327.52228344243196,314.9110643452477,321.655517578125
2021-10-22,324.1731186365441,325.9054295662014,313.31730347735805,315.2344055175781
2021-10-25,315.39609200183514,316.0659245663941,305.2562925591545,308.4437561035156
2021-10-26,309.991278791727,313.57138825352325,307.1964893025193,308.6516418457031
2021-10-27,308.65167536151,311.60813625647745,306.48050632923776,310.014404296875
2021-10-28,309.96819017621124,310.24534866581325,302.5769963717114,303.4547119140625
2021-10-29,304.07838210499233,304.6096355242242,297.6110864734392,298.7659606933594
2021-11-01,300.77535352908905,303.4777754287123,299.11234635637027,302.78485107421875
2021-11-02,303.50085774093924,305.34865596158426,300.7753440874226,302.0226135253906
2021-11-03,304.6096135533461,305.74136765109967,300.35967109154524,301.4221496582031
2021-11-04,302.5769998116752,303.80117757752976,299.06619399269056,301.9764709472656
2021-11-08,301.63003103164374,305.3487200926796,299.11239978821493,304.1245422363281
2021-11-09,306.318794756761,307.77394739964467,303.36233398026695,304.1707458496094
2021-11-10,302.9927791168223,304.4248117178526,300.98328127260044,301.46832275390625
2021-11-11,300.1517530109362,300.1517530109362,294.16950004371273,296.479248046875
2021-11-12,299.34336360910163,306.0416333194905,298.32706877262973,304.90985107421875
2021-11-15,305.6027199501942,307.65840109201883,303.57015884205947,304.3785705566406
2021-11-16,304.14760852115353,308.9287752981698,302.4152976316311,305.5565490722656
2021-11-17,305.55659062514115,308.5823550846169,303.96285875101483,305.71826171875
2021-11-18,306.45734503913036,307.6353107614042,298.0729493658837,300.9370422363281
2021-11-22,303.9628490591696,305.0946312638489,294.7238566865505,297.5186462402344
2021-11-23,296.8950394585688,299.7822247104314,289.20356666953944,296.94122314453125
2021-11-24,297.63408458138065,299.15851243253496,292.4602440665626,294.0308837890625
2021-11-25,294.2618702448395,296.47922249776155,292.4140720015438,294.123291015625
2021-11-26,291.9521453741599,293.06083568529266,286.24707912790524,287.0785827636719
2021-11-29,284.8150632190974,292.34483719629486,278.9945086588516,291.3054504394531
2021-11-30,291.3054646745108,298.1885263675706,291.25928098335135,294.37744140625
2021-12-01,296.84880677149476,298.39635487512754,292.5295892155069,293.24560546875
2021-12-02,294.21574730327677,299.3895608964305,290.5663337413353,298.7890319824219
2021-12-03,297.84203073990517,302.0919730719317,295.60158626134046,295.9942321777344
2021-12-06,294.3773755698895,297.5879308522505,287.86389764350616,288.4875183105469
2021-12-07,290.1043428963439,293.130107075736,287.79459494334753,292.1369323730469
2021-12-08,295.18580534588824,301.6530999857043,294.8393431330409,296.4330749511719
2021-12-09,296.45614403006056,299.15853780470337,294.6545293835221,297.1259765625
2021-12-10,296.64090892088865,298.3732196989944,293.38414210192,294.83929443359375
2021-12-13,297.26458788882485,303.29302494124295,295.7401597438132,298.1423034667969
2021-12-14,298.41943916345326,301.1449530592663,295.3012793889125,298.835205078125
2021-12-15,298.74281652462037,298.74281652462037,293.49967156739154,293.9847412109375
2021-12-16,297.49557601681136,300.22109024285913,295.37061889475893,297.6341552734375
2021-12-17,304.88677332290484,312.6475219139085,300.3134604449935,309.8758239746094
2021-12-20,308.37442295890924,312.97082671725815,306.27255810116924,307.63531494140625
2021-12-21,312.2779282009905,322.02505343925685,309.9681802113382,319.1147766113281
2021-12-22,321.47070062413036,321.47070062413036,314.6800366528846,316.7357177734375
2021-12-23,318.7914254599217,324.2886372845502,318.32947583416023,320.84710693359375
2021-12-24,322.3253722777443,324.47344945490414,318.81456617234966,322.64874267578125
2021-12-27,323.2954190416108,323.826672364212,319.27648004343763,323.179931640625
2021-12-28,324.7505725641764,326.82934578827144,324.0807399973792,325.8823547363281
2021-12-29,325.7899603436287,327.98422097692503,323.3878167481447,325.0739440917969
2021-12-30,325.72071813267235,332.5575961636062,325.2125847470737,329.8782653808594
2021-12-31,330.6635409324091,332.0493898283497,327.568472759108,330.4556579589844
2022-01-03,331.6798034781801,335.7449542048963,330.75590430414616,332.003173828125
2022-01-04,333.8740678497758,334.0357389290219,328.70022677675104,333.296630859375
2022-01-05,332.6037161385336,332.9963620253529,324.7505728408183,329.6010437011719
2022-01-06,326.04405741964433,329.02363830198857,323.341663244477,326.0209655761719
2022-01-07,327.0603612389099,333.296681686262,326.8755700957352,328.67718505859375
2022-01-10,327.5222484365847,327.5222484365847,318.7452065179738,320.3620300292969
2022-01-11,321.0550299860529,322.64876203293153,318.2833318854539,320.6623840332031
2022-01-12,323.364741551175,324.1731534050529,315.6039933929803,319.3688659667969
2022-01-13,306.3649607599928,307.65841391821374,299.3433216501539,300.1517333984375
2022-01-14,299.9207884000384,299.9207884000384,294.0309307918744,295.55535888671875
2022-01-17,295.4168359334665,301.0295361194191,292.4372547013579,298.71978759765625
2022-01-18,299.7591352197224,300.26726854997025,291.5595290400886,292.5527038574219
2022-01-19,291.4901946777228,291.79047319277885,285.946799533297,286.94000244140625
2022-01-20,286.70900648037684,287.51741821259964,282.0202071554195,284.1913757324219
2022-01-21,282.2480512983829,282.7107530218229,277.9911897945208,279.9576721191406
2022-01-24,280.165902586079,280.165902586079,263.0228088274988,265.0124206542969
2022-01-25,260.2696976671815,264.6653636722272,254.8098234354439,260.36224365234375
2022-01-27,256.79948643075596,257.6786311041562,248.5634004420927,252.05679321289062
2022-01-28,254.5321823732049,261.403319252393,252.93588417318588,255.48074340820312
2022-01-31,263.2772782710784,265.77587885162626,260.29284653349947,264.9429931640625
2022-02-01,268.32073614193285,269.4774904307995,262.0973924196161,266.81695556640625
2022-02-02,269.2923932756696,272.99400692894346,266.05348132905505,272.068603515625
2022-02-03,270.5416825111557,272.4387481347519,266.5855887285879,267.5572509765625
2022-02-04,266.97889720815,267.3490529425465,262.8377110919755,264.5497131347656
2022-02-07,264.61912031902443,265.4982366269485,257.07705982256834,257.724853515625
2022-02-08,259.76072538760104,261.7965957639454,256.5449431755583,259.2286071777344
2022-02-09,261.1488632036553,264.0870078420439,260.63987436479186,263.254150390625
2022-02-10,264.8504254502409,265.93776298900207,261.98166968365996,265.4288024902344
2022-02-11,261.88919235852256,261.88919235852256,257.7711354578689,259.7839050292969
2022-02-14,254.48594163317546,257.79427017083526,249.85892451257226,250.64552307128906
2022-02-15,252.45003911567682,261.54213892126546,251.36270140464833,260.6629943847656
2022-02-16,261.49588813584467,263.8787850472097,257.9793381221411,260.9175109863281
2022-02-17,264.66538949158115,264.8504814799623,259.64508701880794,261.3802185058594
2022-02-18,258.650255486029,261.7503625864013,256.96138295073825,260.24658203125
2022-02-21,257.14645294096323,264.9892518907502,256.98451865299245,264.110107421875
2022-02-22,257.3778179194191,263.27726453240354,257.3084013687206,261.0331726074219
2022-02-23,263.36982287422825,264.1564214410726,260.33913227713265,262.39813232421875
2022-02-24,253.56055530342817,257.6786121148219,245.76404222602028,248.54025268554688
2022-02-25,253.5605130184883,258.5345559289787,253.32916218544221,256.91510009765625
2022-02-28,254.94862378238537,259.15919774261783,251.75597091772096,257.1695861816406
2022-03-02,256.7994522996303,258.3263623137381,254.67103570312503,256.8919982910156
2022-03-03,260.5010780680977,266.49307121361574,259.27490716797325,263.5317687988281
2022-03-04,259.57569213582207,268.36702573757003,256.3599091964414,266.19232177734375
2022-03-07,260.5010486498833,268.2050430014098,260.15402238614007,264.595947265625
2022-03-08,264.6654299978358,273.34108876087674,264.6654299978358,271.8141784667969
2022-03-09,272.0685889213946,275.95529434527094,269.36179537906366,270.9118347167969
2022-03-10,275.30753236601214,276.00158496861553,270.4954230248662,272.1842956542969
2022-03-11,271.60590401113,272.99400914236236,269.4774874396689,271.2357482910156
2022-03-14,271.32829995500225,277.9911877796011,271.14320797053904,276.7650451660156
2022-03-15,279.33303717411303,279.33303717411303,270.35661240807605,271.9298095703125
2022-03-16,275.42320462524566,277.3665575383506,274.1507748684722,276.8113098144531
2022-03-17,279.9345303546851,282.7107405730787,277.15832013629154,278.17626953125
2022-03-21,279.98080019649115,285.0242602539062,276.6956292724609,277.62103271484375
2022-03-22,279.1942296997418,282.7107514823074,275.8396422230696,282.27117919921875
2022-03-23,284.07577467169574,284.5616059116222,281.18388843275653,282.8033447265625
2022-03-24,280.8599474810739,284.00631356740854,280.30469976205666,282.5025329589844
2022-03-25,282.7107611251713,284.0988663352785,276.34861224551315,279.17108154296875
2022-03-28,281.3226604860013,281.7853622302217,276.2792001775697,277.7135925292969
2022-03-29,279.0091218433934,280.0964595292738,277.2277316156141,278.77777099609375
2022-03-30,279.98079211540437,281.92414493653166,277.3896738479487,277.9911804199219
2022-03-31,277.6210417119953,279.14795179319674,273.08657034558064,273.8731689453125
2022-04-01,273.7806418945994,279.1942582308027,272.67014635447964,278.45391845703125
2022-04-04,279.93454845975924,280.6286010592462,277.1583380618112,280.212158203125
2022-04-05,282.47495781399056,284.36449470043925,279.02244886686043,279.5356750488281
2022-04-06,278.9990820304085,278.9990820304085,275.7332064882465,276.92291259765625
2022-04-07,276.1997964408889,276.1997964408889,269.43476764292797,270.9977111816406
2022-04-08,273.4004975883977,273.86705133854855,270.83445196256804,272.3041076660156
2022-04-11,272.4673764885001,272.5840149202161,265.04916084089274,266.4488220214844
2022-04-12,265.0025182053982,265.0025182053982,259.49718989566287,260.66357421875
2022-04-13,261.2700878733778,263.83613337927704,258.7506863498412,260.8968505859375
2022-04-18,256.5345571002462,256.5345571002462,250.0727993289532,251.28582763671875
2022-04-19,253.80522622934143,254.5283788073693,245.43058117598665,247.48342895507812
2022-04-20,250.07278394032502,252.19559758637388,247.9032978384312,250.30606079101562
2022-04-21,252.40555636113206,253.10538692405572,250.70262393421308,251.56576538085938
2022-04-22,249.60622038129208,252.33554803611204,247.57672325090562,250.8659210205078
2022-04-25,247.25013362578213,247.8100037488252,244.1475401978772,246.97018432617188
2022-04-26,250.53932927293377,250.88924453728146,245.92043639307366,246.9235382080078
2022-04-27,245.87379348394592,245.87379348394592,240.04187238612934,242.1180419921875
2022-04-28,244.4741312199241,245.7105098770606,240.74170173565045,243.79762268066406
2022-04-29,246.57365223923333,246.57365223923333,236.54274680282177,237.38253784179688
2022-05-02,240.50844307331124,242.1413810961174,229.82436571456867,230.944091796875
2022-05-04,233.27686366055542,235.07309835835966,228.2614110918535,229.42779541015625
2022-05-05,233.74340480205348,235.0031054932283,231.55059670647924,233.81338500976562
2022-05-06,228.61132093300117,229.0312164299541,224.41233748729297,226.32521057128906
2022-05-09,224.87890183963867,228.30807466344206,221.42640702415852,225.41543579101562
2022-05-10,225.34543030169053,225.69534556613414,222.14953470548775,222.849365234375
2022-05-11,223.96909679888287,224.8555602146406,215.80440709229592,220.16668701171875
2022-05-12,218.39378363169405,222.07955490967814,215.61778350008765,221.05313110351562
2022-05-13,223.71250116317134,223.71250116317134,217.88057986069032,218.650390625
2022-05-16,221.1464597261869,221.30975637318065,216.94747631366437,218.34713745117188
2022-05-17,219.7467925501364,228.14475914440914,218.4870918657599,227.04835510253906
2022-05-18,229.03120139979504,231.060712779652,224.22570413363638,224.52896118164062
2022-05-19,217.4839923684653,221.05312512827666,209.94915337817721,210.48568725585938
2022-05-20,215.54781136976314,215.6411278058515,212.28193543991824,214.42808532714844
2022-05-23,216.38760811044503,218.25382297724693,213.44832539046783,217.41403198242188
2022-05-24,218.5570914278321,219.0936253474092,213.68159945678116,214.5913848876953
2022-05-25,214.6846831835501,215.0112764702707,206.7766064754456,207.54641723632812
2022-05-26,208.0829580650718,212.14198110372942,207.14985062980244,211.5121307373047
2022-05-27,214.61471517777443,218.32382301575672,212.86513869534693,217.85726928710938
2022-05-30,220.74987820591633,224.6456044114481,220.74987820591633,222.19619750976562
2022-05-31,222.03290785400748,224.29569619627313,219.46686244770586,223.03599548339844
2022-06-01,223.4559190861873,223.4559190861873,218.58042681628697,219.6301727294922
2022-06-02,220.12002663801505,222.28951270069805,218.39378651695768,221.2164306640625
2022-06-03,223.7824779542263,227.6782041724172,221.37972926190974,221.84628295898438
2022-06-06,220.2133537230993,221.84629172740193,216.57424043731777,220.77322387695312
2022-06-07,219.28022661251617,219.6301418677489,217.01743844772682,218.18382263183594
2022-06-08,219.77011496792227,220.21334667871886,216.62087748893634,219.46685791015625
2022-06-09,217.90392255090467,222.1495645100523,216.59757775028558,221.6363525390625
2022-06-10,217.9738983001107,217.9738983001107,212.88845148713685,215.0579376220703
2022-06-13,209.97250211800954,211.3488413274086,207.61641145849188,208.12962341308594
2022-06-14,205.2836365619891,211.67542821381414,204.35052912307097,208.0363006591797
2022-06-15,209.22603364388704,210.25244334495525,204.9570554661917,205.33030700683594
2022-06-16,208.08294776254766,208.4328630334488,195.83591328100758,197.02561950683594
2022-06-17,194.08636715356712,195.36939001335634,187.57793640594548,189.04759216308594
2022-06-20,190.82045647055463,194.97278140432553,188.5576682589218,193.45648193359375
2022-06-21,195.95256729174525,199.1018049803626,194.38960944310978,198.35531616210938
2022-06-22,197.21225428975734,197.21225428975734,191.4269770308876,191.87020874023438
2022-06-23,192.4534020673739,196.32579209858483,191.89353192976046,195.5093231201172
2022-06-24,196.4191153728428,198.75188396396922,193.9697083521601,195.36936950683594
2022-06-27,199.21842832962116,200.9680046908298,197.81876724065427,198.23866271972656
2022-06-28,196.88566083110098,200.19819493914724,193.9463782248296,199.33506774902344
2022-06-29,195.95257492201426,198.1920272258868,194.73953232487892,196.302490234375
2022-06-30,196.8390069620179,197.35221888949022,193.61978921782136,194.1096649169922
2022-07-01,193.61978991901705,197.4455360415683,191.94019371306555,196.8856658935547
2022-07-04,196.39580061536245,196.76903790845307,194.0863539298553,196.092529296875
2022-07-05,196.46576653044602,197.37553770543045,192.7100006908774,192.96661376953125
2022-07-06,195.2993854176902,195.2993854176902,192.73334001841786,194.1096649169922
2022-07-07,195.9525379123626,197.79543057129735,194.64619335484866,196.32577514648438
2022-07-08,197.81876403591943,198.14535731328965,194.34293335939248,195.53265380859375
2022-07-11,193.5031379131024,193.61977633257985,189.2108383810966,191.8468780517578
2022-07-12,190.82047694093552,193.54981912866225,190.3539232075836,190.8904571533203
2022-07-13,192.22015051536212,192.22015051536212,189.11757083645807,189.74742126464844
2022-07-14,191.5669524065364,191.5669524065364,186.8547571805818,187.29798889160156
2022-07-15,187.06473173789172,188.5343732026177,182.42251623064797,183.752197265625
2022-07-18,186.15493210809623,189.28084769086146,185.05852803127027,188.83761596679688
2022-07-19,188.02114285529433,190.2605949409654,187.18135188268994,189.25750732421875
2022-07-20,191.6602563086473,194.78617182721794,189.9340161430919,192.26678466796875
2022-07-21,190.75049515917857,194.78618207185164,187.83453434971972,193.1532440185547
2022-07-22,193.96968863045862,194.73949933964258,190.84377334093818,191.68357849121094
2022-07-25,191.52031383371863,193.9230627918098,190.6105283285537,193.5264892578125
2022-07-26,193.5264969376954,193.80643204563128,188.62768238213664,189.04759216308594
2022-07-27,188.9309425030981,190.07399062200287,187.53128128461782,189.7240753173828
2022-07-28,192.12680304347305,194.55288791656494,191.7069075718464,194.08633422851562
2022-07-29,196.23249836289537,197.95873859181174,194.92613939816147,197.67881774902344
2022-08-01,198.84520554340213,201.03799953289538,197.16560926675223,200.15155029296875
2022-08-02,200.12821572031672,201.38790217004453,198.12202626335247,200.4314727783203
2022-08-03,200.15153507262704,202.01774985185898,199.45170453041504,201.71449279785156
2022-08-04,203.907295630075,205.42359520519744,199.26509470447692,203.18414306640625
2022-08-05,203.48739575772885,206.21673778187144,203.48739575772885,205.28363037109375
2022-08-08,206.58998245272704,206.58998245272704,203.044185555203,203.34744262695312
2022-08-10,202.95085279303422,203.41740647761588,198.8918300419381,200.6880645751953
2022-08-11,204.35051572582694,206.21673048131396,203.5573687595095,204.5604705810547
2022-08-12,203.9306498258636,204.5838222373842,202.95088408953734,203.46409606933594
2022-08-16,204.58379059663434,205.19030469108108,203.69734144394735,203.9306182861328
2022-08-17,204.00059833190315,207.56973116693624,203.72066327388146,206.70660400390625
2022-08-18,206.100097623985,206.100097623985,202.50762842743714,202.97418212890625
2022-08-19,204.79376872668965,206.45002879922137,201.08466081912863,201.76116943359375
2022-08-22,201.03797741913502,201.03797741913502,195.5093134757619,195.95254516601562
2022-08-23,193.61979187839083,195.2527298821845,191.28702330154275,194.3896026611328
2022-08-24,194.92613707863205,195.71928409199992,193.31653529939422,194.1563262939453
2022-08-25,195.62597845987904,195.99922999658983,193.59648107125574,193.71311950683594
2022-08-26,195.25273255747618,197.11894744452493,194.22630867436348,194.66954040527344
2022-08-29,188.95425804927055,189.5841084237194,186.1549357077999,188.6510009765625
2022-08-30,190.8904344868897,194.0630080398237,189.53743166844336,192.94326782226562
2022-09-01,191.2403656726666,192.05683467708354,188.88427509801357,191.49697875976562
2022-09-02,192.4767329084289,192.57004934835203,189.93402365855462,190.21395874023438
2022-09-05,189.8873610866937,190.3539147994374,188.48769994846253,189.18753051757812
2022-09-06,189.88736867330897,190.05066532691137,187.20468471785068,188.69766235351562
2022-09-07,187.60125528539152,190.75049292268318,187.08804334132606,190.09732055664062
2022-09-08,191.28702381894087,193.31653533390607,191.10040517990615,192.59336853027344
2022-09-09,194.55289881880913,195.69596111381966,191.91687318123212,194.6228790283203
2022-09-12,195.88257826327884,198.00539195149258,195.04277304125844,196.8856658935547
2022-09-13,198.23866489563017,198.75187681483558,196.65238515834085,197.1889190673828
2022-09-14,190.82049670713636,197.2122892113895,190.82049670713636,194.22633361816406
2022-09-15,195.81259833066488,196.37245424137936,192.80332119750082,193.6431121826172
2022-09-16,192.57002977942778,192.57002977942778,186.71478684054603,187.3912811279297
2022-09-19,188.95424834740427,189.51411848218774,185.22181875041852,187.53126525878906
2022-09-20,189.42078939757968,191.00706902274968,188.69763690669112,188.90757751464844
2022-09-21,189.37416931690854,189.37416931690854,186.38822808506632,186.97142028808594
2022-09-22,185.68837631151962,186.78478037605223,184.28871518354333,185.66505432128906
2022-09-23,185.73503478640845,186.34154891413286,183.6588650818092,183.98545837402344
2022-09-26,182.88907447479696,186.24826725222346,179.4365794879419,184.19541931152344
2022-09-27,185.12851119717075,187.27466116602122,182.88905902677266,185.875
2022-09-28,184.75527101956237,186.85476273569378,184.45201395262796,185.71170043945312
2022-09-29,187.08802926983896,187.50792474227822,182.67909121400504,183.2622833251953
2022-09-30,183.09900602878093,185.08185926210385,180.78955950885162,183.9387969970703
2022-10-03,183.77550011223917,185.6883731353721,182.23587859303575,184.05543518066406
2022-10-04,186.59816310708624,189.42080737394997,186.15493138474395,189.18753051757812
2022-10-06,190.9837573691711,192.686675503607,190.09730819873351,191.35699462890625
2022-10-07,191.19370650224593,192.10349194073473,189.5374465110467,190.40057373046875
2022-10-10,186.76144850635885,192.9199633084172,186.50484965547707,191.89353942871094
2022-10-11,193.57313033346466,194.972791455526,187.69455077318923,188.67431640625
2022-10-12,188.6043424541204,191.10040771888006,187.36797793623825,190.33059692382812
2022-10-13,180.5562697924523,183.05233476769166,176.40394498851222,176.87049865722656
2022-10-14,180.55629280084403,180.7895696649278,175.5408402230428,176.0307159423828
2022-10-17,176.03069726996512,176.80052223025444,173.7445870920607,175.00428771972656
2022-10-18,179.01665374668838,179.2732525769372,176.54391068553272,176.96380615234375
2022-10-19,177.85028612115332,177.85028612115332,175.91407676696807,176.38063049316406
2022-10-20,175.89075782945864,178.50346158913229,175.424204095163,177.99024963378906
2022-10-21,178.45679580736086,178.83003308374833,177.38372795917982,178.48011779785156
2022-10-24,180.2763480846874,180.2763480846874,179.15662204452696,179.48321533203125
2022-10-25,180.29968987816483,180.29968987816483,178.9933309259122,179.4598846435547
2022-10-27,180.08973699374135,180.53296872561987,177.8036265997289,178.5267791748047
2022-10-28,178.59676204533093,180.01975946386077,178.22352475678306,178.8067169189453
2022-10-31,180.34632873535156,181.20945593608434,179.50653776269158,180.34632873535156
2022-11-01,181.02283491039893,183.35560340151233,180.36966258050498,183.07566833496094
2022-11-02,183.28563144502402,184.21873888347332,182.25920756749395,183.79884338378906
2022-11-03,181.83931091976288,183.70552578487911,179.87977961615505,181.25611877441406
2022-11-04,181.25611029446125,183.07566685520487,179.92642941765632,182.21253967285156
2022-11-07,183.35562285792327,184.218750138842,180.8362354677989,182.65579223632812
2022-11-09,183.84549034321645,184.0087869952081,181.55937992960256,182.39918518066406
2022-11-10,181.3960755463409,182.46915761505767,180.55628456916187,181.44273376464844
2022-11-11,185.9216362521636,189.3508085513581,185.3384441685621,186.48150634765625
2022-11-14,187.85785186777326,187.85785186777326,184.54531761948658,185.01187133789062
2022-11-15,185.71168929364984,186.41151982369212,183.82215255777112,185.2917938232422
2022-11-16,186.1549232037503,187.41462386803371,184.84857856071386,185.8050079345703
2022-11-17,185.64171273563065,185.68837095283456,184.28870986525035,185.1051788330078
2022-11-18,185.61841226542703,186.10828800763886,183.26230728532266,183.752197265625
2022-11-21,183.75218055540807,184.03211562753953,180.8362198833916,181.3260955810547
2022-11-22,181.48940408932418,181.6760227369137,179.38991226823947,181.39608764648438
2022-11-23,182.30586438930303,182.86573454331594,181.0228416712721,181.3727569580078
2022-11-24,181.90928175674875,186.5048384729303,181.55936648756878,185.8050079345703
2022-11-25,186.15492755105518,188.67431470036894,184.7086082237174,187.92782592773438
2022-11-28,187.92782641918757,191.0304199436234,187.55458915093874,189.25750732421875
2022-11-29,188.02115851552676,190.77382275287547,187.97450029358723,189.0242462158203
2022-11-30,189.84071350097656,190.35392546135805,187.85786011075407,189.84071350097656
2022-12-01,192.61671687357625,194.24965498449026,192.05684668316957,193.01329040527344
2022-12-02,193.0599259080921,193.106584128258,190.84379571206549,192.40675354003906
2022-12-05,192.8033183378929,193.5964653305863,191.5902758588691,192.3834228515625
2022-12-06,191.52031184609496,192.50007755577587,190.26061104249231,191.91688537597656
2022-12-07,190.8204765294054,191.05375339557827,189.0942220244902,189.56077575683594
2022-12-08,190.0039924675181,190.3539077390973,188.16109967529866,188.3477325439453
2022-12-09,189.42081220672185,189.42081220672185,182.53914476817715,183.84548950195312
2022-12-12,183.30894786512758,185.45509775595903,181.02283755801787,184.91856384277344
2022-12-13,185.85166663106702,186.3182203245111,184.75526260385567,185.5717315673828
2022-12-14,186.99472119054928,188.72097561202602,186.27156863560296,186.64480590820312
2022-12-15,186.50486344928623,186.50486344928623,183.84550135214644,184.38204956054688
2022-12-16,182.60910514804263,184.19538479195603,181.04614749259295,181.83929443359375
2022-12-19,181.2328049781259,182.18923444450633,179.94978220034767,181.51272583007812
2022-12-20,181.39607000875586,181.90928191829332,178.69006428659642,181.466064453125
2022-12-21,182.37582854679826,183.4722325296855,180.95284553455602,181.72265625
2022-12-22,182.00260732174996,182.86573454331594,180.08973423997688,181.3727569580078
2022-12-23,179.15661905795108,180.01974624217615,175.89074318970717,176.19400024414062
2022-12-26,176.35729739857095,178.03689355474657,175.56415041873865,177.523681640625
2022-12-27,178.45680154393997,180.71958997976216,177.40705565250505,180.3696746826172
2022-12-28,179.62317498502844,181.745988630525,178.80670600782378,180.9295196533203
2022-12-29,180.2063858120089,182.93572809522638,179.5298771797438,182.30587768554688
2022-12-30,183.3555910534194,184.89521245863278,182.67908254132047,183.23895263671875
2023-01-02,183.35559951960727,183.7754949915001,182.18921529874464,183.37892150878906
2023-01-03,183.3789328364186,185.57174100232933,182.74909670871764,185.24514770507812
2023-01-04,185.45507653278975,185.45507653278975,181.30275188067938,181.8159637451172
2023-01-05,181.95594765048168,182.9823715119509,179.03998695095473,180.50962829589844
2023-01-06,180.55629466591083,181.39608569005114,177.94359091356645,178.22352600097656
2023-01-09,180.0897248760019,183.35560071572212,179.6698294013699,182.7957305908203
2023-01-10,182.88904583126222,183.7754949915001,180.71957402807544,183.37892150878906
2023-01-11,183.35562373054898,184.7552849804005,182.65579310562322,183.752197265625
2023-01-12,184.6386273073455,185.6417149176198,182.18922037528344,184.05543518066406
2023-01-13,184.7552783828395,185.0352134704315,180.3230179165845,183.7755126953125
2023-01-16,181.95595776079378,187.08804887712387,181.4894040229456,185.96832275390625
2023-01-17,186.6448040085918,187.57791141868466,183.7055213620349,184.91856384277344
2023-01-18,185.92166318827847,188.41772851533761,185.68838632104098,188.11447143554688
2023-01-19,187.60124954441525,188.48769874535228,186.03829176908224,188.207763671875
2023-01-20,188.27774412481162,189.14087133661505,187.22799827647782,188.09112548828125
2023-01-23,189.0475534466221,190.23725961408684,187.7878528379398,189.88734436035156
2023-01-24,191.00984343990316,191.85171714417572,189.48980915866605,190.16798400878906
2023-01-25,189.41965661168612,189.84058632730262,187.0811423325295,187.8060760498047
2023-01-27,187.80607312913207,188.76487253257056,184.36846861075864,186.1691131591797
2023-01-30,186.1691109777409,189.32610516851412,184.76600244850837,188.1334686279297
2023-01-31,188.15685549302887,188.27378120841684,186.00543374841746,186.5432891845703
2023-02-01,187.7826988194839,188.9051828320172,186.30943766096152,188.20362854003906
2023-02-02,188.2036322438391,191.75817691444598,188.2036322438391,191.50094604492188
2023-02-03,192.95081650343363,193.1612885076814,189.95752094051298,190.7760009765625
2023-02-06,189.60672805694918,189.98089889200642,187.82946297819063,189.25595092773438
2023-02-07,189.6535322782252,189.6535322782252,186.63684276330252,187.3150177001953
2023-02-08,187.54885239650957,190.63569421826597,187.54885239650957,190.23814392089844
2023-02-09,190.23814000027207,191.2670920107048,188.74148512567146,190.96307373046875
2023-02-10,190.3550724081829,190.3550724081829,188.39071460035814,189.7938232421875
2023-02-13,189.72364893843616,189.72364893843616,186.70697426785446,187.36175537109375
2023-02-14,188.48425180745647,190.0978323771063,187.78269752033194,189.4664306640625
2023-02-15,188.34394986883643,190.75261677437803,187.24484527897997,190.54214477539062
2023-02-16,191.19691927429972,193.27820266501325,191.0799935618587,191.71139526367188
2023-02-17,190.2849245980352,190.82278006957978,188.95196850027017,190.02767944335938
2023-02-20,189.55996845969187,190.72922564060082,188.11010097389197,190.37844848632812
2023-02-21,190.54214024996415,190.82276481756284,188.063320828019,188.36732482910156
2023-02-22,186.84728486999234,187.24483513924093,184.48539123358978,184.81277465820312
2023-02-23,185.11679531117528,186.47314508988276,183.99431124703742,184.25155639648438
2023-02-24,185.1869643558879,185.4441952352228,183.5967631169322,183.94754028320312
2023-02-27,183.69029404215735,183.94752489998044,180.27606895191013,182.56781005859375
2023-02-28,183.26936580322354,183.90076750940707,180.3929961118967,181.02438354492188
2023-03-01,181.51549362207928,183.22260630803277,181.14132274791834,182.84844970703125
2023-03-02,181.79611423623936,182.5678211296639,181.14131878905818,181.49209594726562
2023-03-03,182.6847460825747,183.08229638150695,181.98319176910334,182.61459350585938
2023-03-06,183.549996740002,185.51434022688795,183.38629788113846,184.1580047607422
2023-03-08,183.17582427394015,183.8072259964988,181.86626196083674,183.62014770507812
2023-03-09,183.71368643495168,184.20478302520016,182.21704577567644,182.45089721679688
2023-03-10,181.42193567586105,182.35734139140885,180.81392767001842,181.98318481445312
2023-03-13,181.9364167526891,183.62014994230722,179.48097668083406,180.2760772705078
2023-03-14,180.79054292792884,181.07116751113995,176.48768498694227,177.46986389160156
2023-03-15,179.4575928055786,179.4575928055786,175.34179908023552,175.73934936523438
2023-03-16,175.55226799185354,176.1836696953869,173.05005488416703,174.3830108642578
2023-03-17,176.4175161038826,176.95537151264924,174.85070874283008,176.09011840820312
2023-03-20,175.38857235334294,175.83289577923483,170.7816963315634,171.71710205078125
2023-03-21,172.58234798785128,173.1669765379456,170.9220086148465,171.36631774902344
2023-03-22,172.04449257639607,173.05005082792675,171.10908689624512,171.36631774902344
2023-03-23,170.6647718403782,170.6647718403782,168.53672952316236,169.0745849609375
2023-03-24,169.93984050744322,171.57680055088574,168.8407359093572,169.19151306152344
2023-03-27,169.19150828853196,170.24383971534385,167.99887171407522,168.95765686035156
2023-03-28,169.7761534436113,170.2672357814983,166.2216085334106,166.5957794189453
2023-03-29,167.43761341566548,168.72379620028303,166.03450492335546,167.92869567871094
2023-03-31,169.93982816040057,171.06231211114633,168.98102878357943,170.82846069335938
2023-04-03,172.09127807617188,172.30173580542802,170.78170146600024,172.09127807617188
2023-04-05,172.90974129539202,173.93867895354097,171.74048422488804,172.93312072753906
2023-04-06,172.58235039374043,173.26052523056717,171.10908928159623,171.48324584960938
2023-04-10,172.11467088675272,175.10796665623815,171.9275925773774,174.59349060058594
2023-04-11,174.6870111623863,175.3184128525446,172.39527009547658,173.16697692871094
2023-04-12,173.33068455493364,174.66364057428706,172.74605597391533,174.0556182861328
2023-04-13,173.00330186857448,173.00330186857448,171.17926339198044,172.25497436523438
2023-04-17,168.34965912341085,169.2850648931797,164.631415479316,169.0044403076172
2023-04-18,169.9866171046055,172.53558923160176,168.02225930327845,172.06788635253906
2023-04-19,172.06788566553118,172.06788566553118,168.5601140865662,168.7471923828125
2023-04-20,168.6068890245973,170.10354395682555,167.9053347013327,169.70599365234375
2023-04-21,170.2906283775269,172.44206456752087,170.0801563637167,172.13804626464844
2023-04-24,175.38858133113965,177.07231456655046,173.30729779007976,176.768310546875
2023-04-25,176.88521670300042,177.2126001213787,174.96763223791322,175.69256591796875
2023-04-26,176.62798230724957,176.62798230724957,174.64024515131683,175.1781005859375
2023-04-27,176.0433463550699,176.13689263245726,174.00883614373745,175.10794067382812
2023-04-28,177.727098341112,181.4687214640828,177.727098341112,180.06561279296875
2023-05-02,181.93641978796356,183.40968100102344,181.21148603534715,181.63241577148438
2023-05-03,181.63239994576995,181.63239994576995,178.68586350322406,180.11236572265625
2023-05-04,179.94867812641323,180.60345928575674,179.15357754303693,179.4575958251953
2023-05-05,179.0132796913558,179.78498659894663,177.2593938681224,177.44647216796875
2023-05-08,178.19478157847163,179.13018725604894,177.54000045879914,177.89077758789062
2023-05-09,178.89634169023805,179.34066511088892,177.75046398844898,178.80279541015625
2023-05-10,179.597898004886,179.85512886828582,178.66249228611053,179.48097229003906
2023-05-11,180.39299780928457,180.93085324066539,179.1769675254072,179.9019012451172
2023-05-12,179.87851778686468,180.18252178274255,178.45201553980985,179.2471160888672
2023-05-15,179.24712466266507,181.00101042257373,178.89634751068334,180.4163818359375
2023-05-16,181.23484620308344,181.84285417140492,180.76714337417224,180.9776153564453
2023-05-17,180.62684795964225,181.16470338721652,178.35848626266377,178.80279541015625
2023-05-18,180.15916087487437,180.22931345449695,178.7794316252716,178.94313049316406
2023-05-19,179.97205090518844,181.56225201313586,179.36404290967317,180.62684631347656
2023-05-22,180.76716267723717,185.49096460829873,180.25268665586546,185.09341430664062
2023-05-23,185.67803639930176,188.06332385251395,185.23371297069488,185.98204040527344
2023-05-24,184.50876599653213,187.29160353768205,183.97091059794184,186.94082641601562
2023-05-25,186.61345767097376,186.61345767097376,183.64354139225486,184.32171630859375
2023-05-26,184.8127888153839,188.27378724724613,184.74263623853273,187.87625122070312
2023-05-29,188.9519522930396,189.88735799746058,186.77713688489249,186.9875946044922
2023-05-30,187.08113960597825,188.88179842931743,186.82390874828332,188.25039672851562
2023-05-31,187.89963640495742,189.32612451283143,187.31500779137633,188.78826904296875
2023-06-01,189.41967355822524,190.82278225124915,188.97535009617047,190.42523193359375
2023-06-02,191.15017180190293,191.6646335487828,188.95196256771783,189.3962860107422
2023-06-05,191.24369658694647,191.64124687255236,188.81165027899956,189.04550170898438
2023-06-06,188.64795668904193,188.64795668904193,184.99986571555587,187.05776977539062
2023-06-07,188.20362300954693,188.76487213590022,187.54884187757358,188.3907012939453
2023-06-08,188.9987384507241,189.30274247096838,186.49652516441913,186.8706817626953
2023-06-09,186.82391670293526,187.24484643033955,185.23371553004972,185.81834411621094
2023-06-12,186.9875978439515,186.9875978439515,184.55555153421807,185.02325439453125
2023-06-13,186.1223456148379,186.37957646028795,184.5087651532838,184.99984741210938
2023-06-14,185.35064003635762,185.74819032698173,183.66692113774045,185.42080688476562
2023-06-15,185.72481576332765,185.88851462530786,181.5856424371724,181.9130401611328
2023-06-16,180.3228354601432,181.7727172088877,177.32953995273581,178.33509826660156
2023-06-19,178.66249436550692,178.66249436550692,176.3707531824659,177.7972412109375
2023-06-20,178.56893409810522,180.04220942546633,178.00769926815786,178.89633178710938
2023-06-21,179.71482515644317,181.11793374582334,179.17696971847917,180.29945373535156
2023-06-22,180.53330167956048,180.53330167956048,178.4754119761868,178.80279541015625
2023-06-23,178.80279512079548,179.1301928273935,176.83845170068253,177.70370483398438
2023-06-26,177.72709577207752,178.61572839630605,177.2827723233836,178.1480255126953
2023-06-27,179.71483741533189,179.71483741533189,178.42865445399897,178.94313049316406
2023-06-28,179.48097142716887,179.48097142716887,178.1012422893448,178.52218627929688
2023-06-30,180.06559730582677,182.28718584401554,179.13019160553674,182.00656127929688
2023-07-03,184.22816147566593,184.22816147566593,182.1702716594338,183.15245056152344
2023-07-04,184.15799869590248,185.84173182432528,183.80722155552934,185.18695068359375
2023-07-05,184.32169569314996,184.92970368774374,183.2693642826281,184.2281494140625
2023-07-06,184.50879340647793,185.65467121674533,183.87739163904817,185.30389404296875
2023-07-07,184.74264743012085,185.88852525635644,183.90078791058934,185.14019775390625
2023-07-10,185.1401813443063,185.1401813443063,182.2404178817626,182.3807373046875
2023-07-11,182.40411463058123,183.7136769237938,181.3985563404546,183.36289978027344
2023-07-12,184.22814853015456,184.2515422363933,182.56780913300506,183.2693634033203
2023-07-13,183.26937394986382,186.426368347957,182.9887493709571,184.4152374267578
2023-07-14,184.6257051610082,189.65351093803375,183.50322114449003,189.4430389404297
2023-07-17,190.3550742446192,198.7503467418213,189.79382507320918,194.213623046875
2023-07-18,195.49979745165064,196.57550833123594,192.81050597952864,195.12564086914062
2023-07-19,196.4352103693901,196.90291325122197,193.69914565604174,195.47642517089844
2023-07-20,195.73365565006316,196.43520997138955,193.93299670402692,195.3361053466797
2023-07-21,189.4196630624204,193.7926877679994,187.54885157538416,189.27935791015625
2023-07-24,190.02767327042733,190.82277387081936,188.71811092371473,188.975341796875
2023-07-25,189.65350639280013,189.65350639280013,187.08114070806423,187.26821899414062
2023-07-26,188.7181019703103,188.7648751104365,187.7359231202941,188.36732482910156
2023-07-27,188.95196070187603,190.1679910263714,186.6134463367538,187.05776977539062
2023-07-28,187.57223189696435,188.41410563400828,185.4675689640931,186.49652099609375
2023-07-31,186.9642194759038,189.88736236952332,186.59006289478396,189.4430389404297
2023-08-01,189.65350545686826,190.82276258052343,188.97533061588499,190.33168029785156
2023-08-02,189.84058297605944,189.84058297605944,186.61343618242358,188.3907012939453
2023-08-03,188.01655455506835,188.01655455506835,185.7014196292685,186.91744995117188
2023-08-04,187.47871364764342,191.75819240397823,187.22146848418106,191.2203369140625
2023-08-07,191.73480087592944,193.16128894702516,190.84615398767002,192.29603576660156
2023-08-08,192.88065637488867,195.26594381262066,191.7347929331768,194.72808837890625
2023-08-09,194.330523952063,195.73363242825118,192.95079490788163,195.40623474121094
2023-08-10,195.07885355307332,196.80934546288822,194.35390560154366,195.8037872314453
2023-08-11,195.8038007528335,197.44076077343814,192.85727842500864,193.18466186523438
2023-08-14,193.27820701966792,194.6579361668213,191.52432129353662,194.16683959960938
2023-08-16,193.69912449314995,196.52873518297497,193.62897192317166,195.8037872314453
2023-08-17,195.803797895872,196.62227789423193,193.86283389725017,195.28932189941406
2023-08-18,194.1200769394811,194.72809925459552,190.82277730559667,192.55328369140625
2023-08-21,192.60004552876276,195.1958051474692,192.52989294948088,193.9096221923828
2023-08-22,194.09669378519152,195.5465755572549,193.04436231286218,195.07887268066406
2023-08-23,195.14902881711882,195.47642654596788,193.9096190261776,194.213623046875
2023-08-24,195.85057749911746,196.43520608866706,192.6935831155496,193.02098083496094
2023-08-25,191.758179299146,192.3661873291236,190.40184381239362,191.6178741455078
2023-08-28,192.43634676671155,192.90404962503564,190.65906734118488,190.8461456298828
2023-08-29,191.59447106712233,192.64680248741757,190.40183450005108,190.86953735351562
2023-08-30,191.7581860478014,191.85173233562512,190.1913785022911,190.44862365722656
2023-08-31,190.82277887660487,191.75818465541178,190.09784510729332,191.00985717773438
2023-09-01,190.79938721431395,195.38286952747853,190.5889152183064,194.72808837890625
2023-09-04,195.49979672523403,204.15229969034607,194.564390999276,203.02981567382812
2023-09-05,203.82489571546273,204.6199962673649,201.25253004810156,201.97747802734375
2023-09-06,202.86610387336535,203.70796326374963,199.19463377860487,200.78482055664062
2023-09-07,201.0888549593391,202.84274072439968,199.59220006389054,202.4451904296875
2023-09-08,202.72579357731914,202.72579357731914,200.78481545063212,201.11221313476562
2023-09-11,202.51533160013236,204.61999439967184,201.15899620617188,203.38058471679688
2023-09-12,204.4329234920913,206.49081322680945,199.66234859842595,203.45074462890625
2023-09-13,203.42736006995682,204.8304686182545,201.81377953015118,203.77813720703125
2023-09-14,205.04093353329816,207.30929528729456,203.59105179453644,204.12892150878906
2023-09-15,205.6957059152877,207.54313786583558,204.97077221341397,206.28033447265625
2023-09-18,206.280361302921,206.280361302921,203.54431071709283,203.96524047851562
2023-09-20,203.09997594106568,204.3160062855001,200.66791525219682,201.1590118408203
2023-09-21,201.06546395438144,201.69686569292153,197.86169639251133,200.62115478515625
2023-09-22,198.4930865364227,199.59219108772962,194.84501001842347,195.733642578125
2023-09-25,195.7336558141955,196.31828441579106,192.69358708589854,193.67576599121094
2023-09-26,194.93855559792044,194.93855559792044,192.55328231715168,193.11451721191406
2023-09-27,192.81050889136057,194.8216255307516,191.89848258212575,194.40069580078125
2023-09-28,194.79824284327609,194.79824284327609,188.95195704365796,189.58335876464844
2023-09-29,189.4196690212414,191.40740628874823,187.78270891858867,189.91075134277344
2023-10-03,190.0978298048795,190.86953665564275,188.7648738227475,189.630126953125
2023-10-04,188.34394133352785,189.630124156887,187.38514193767435,189.3728790283203
2023-10-05,190.79939010075213,191.94525355979877,189.41966093529328,190.2615203857422
2023-10-06,190.82276182543976,191.66462124187694,190.33167954471108,190.7526092529297
2023-10-09,189.04549049595718,192.2258640458468,188.67131966627989,189.7002716064453
2023-10-10,190.0744393491543,191.17354392420654,189.98090734109877,190.70584106445312
2023-10-11,191.2904661896171,198.2826295261048,191.2904661896171,196.97305297851562
2023-10-12,197.25368820217957,197.32384077903637,193.9563886314779,195.07887268066406
2023-10-13,192.64680259964408,193.8160597339866,191.31384661186192,192.24925231933594
2023-10-16,192.22587165922923,192.64680137027472,190.8929156799533,191.85171508789062
2023-10-17,192.5532832964612,193.55884164370562,192.24926500294788,192.4129638671875
2023-10-18,191.2904702245965,193.46528567447425,190.35506450222684,190.56553649902344
2023-10-19,183.31615653967708,185.56112474031494,182.45090332393718,184.88294982910156
2023-10-20,184.7660039494313,185.23370679630813,182.87181312884337,183.2693634033203
2023-10-23,182.8016656305693,183.80722392463468,178.7560387474196,179.20034790039062
2023-10-25,179.784982816852,181.32841087272428,178.2415690341388,178.59234619140625
2023-10-26,177.16583070715905,177.9843106800438,175.41194505097747,176.90859985351562
2023-10-27,177.282774295597,179.76160817020565,177.282774295597,178.82620239257812
2023-10-30,179.59789655595551,179.76159541005225,177.91416342111174,178.66249084472656
2023-10-31,179.2237499204754,179.6446796592415,177.32954468628913,178.56895446777344
2023-11-01,179.52776810400783,180.322854501487,177.7972615964561,178.1714324951172
2023-11-02,179.50434141302034,180.13574309155777,178.70925516162606,179.43418884277344
2023-11-03,180.53331369111453,180.86071142002535,178.96650617102867,179.38743591308594
2023-11-06,180.53330295724183,180.74377495233622,179.13019438503528,179.9019012451172
2023-11-07,180.01883527353627,181.00101417407393,179.06005008084423,179.2705078125
2023-11-08,179.8785265129403,180.46315509997328,178.42864476246675,178.75604248046875
2023-11-09,179.13019206482082,179.59789491616502,177.58677836464835,178.1246337890625
2023-11-10,177.8673915797328,178.56894586827738,176.3239778541982,177.39968872070312
2023-11-13,178.9431179841461,179.08342313358327,177.7270876874424,178.49879455566406
2023-11-15,180.32283665156666,183.45645160429427,179.71482862702376,183.1758270263672
2023-11-16,183.17583650363667,186.84730709467206,182.0767318425655,185.72482299804688
2023-11-17,186.14574837415168,186.61345125951388,184.50878827538403,184.92971801757812
2023-11-20,183.9007627312418,187.59561231932034,183.9007627312418,187.1746826171875
2023-11-21,188.29717337656265,188.29717337656265,187.10452252545713,187.38514709472656
2023-11-22,188.2504058018243,188.2971789436118,186.66021889316116,187.1980743408203
2023-11-23,187.31499103048571,189.41965385105297,187.31499103048571,188.25039672851562
2023-11-24,188.25041115886032,188.71811404372707,184.9998703997728,185.21034240722656
2023-11-28,185.67803221182805,186.49651220268626,183.85399394397578,185.60787963867188
2023-11-29,186.14575405649038,191.08001393842238,186.14575405649038,190.00430297851562
2023-11-30,190.33168581927893,193.86283672589119,188.9753360979653,193.18466186523438
2023-12-01,193.51206324920693,193.51206324920693,190.12121742792172,190.65907287597656
2023-12-04,193.0209765202438,193.16128166933584,190.23813878693062,190.56553649902344
2023-12-05,190.54214969008584,191.2904771497043,188.06333014533132,189.11566162109375
2023-12-06,190.23813641448518,196.6222775354103,189.86397983946685,195.85057067871094
2023-12-07,196.43517913179915,197.13673334298414,194.86837187218794,195.61669921875
2023-12-08,195.8739504411803,198.53986243042826,194.09668529712067,197.65122985839844
2023-12-11,196.43521098667622,197.4641630392035,195.1490280575968,196.71583557128906
2023-12-12,196.76260280062473,200.13005489529326,196.5053576586447,197.4641571044922
2023-12-13,198.0955533085625,198.4463304759887,194.09669930916755,196.27151489257812
2023-12-14,198.07217677799144,203.9184629874953,197.95525105380136,203.17013549804688
2023-12-15,203.94181196776526,210.23242069905794,202.7491754683907,208.85269165039062
2023-12-18,208.59546707213292,212.10323837939973,206.7246557082573,208.24468994140625
2023-12-19,208.40840617248446,209.2268862124446,203.45075279009401,205.18125915527344
2023-12-20,206.72466963371417,210.23244117727268,200.80823115154396,202.02426147460938
2023-12-21,200.59775997132968,204.15230467132707,199.80267364876173,202.98304748535156
2023-12-22,203.59105948714145,218.08984887627207,202.98305144782873,216.3827362060547
2023-12-26,212.33709251552025,222.53300886977758,209.69457428488164,219.8671112060547
2023-12-27,219.11878600047044,222.3459328222598,217.06089630781915,220.26466369628906
2023-12-28,221.0129777793264,223.28133947412243,218.72123665111164,219.5631103515625
2023-12-29,220.26466014964544,222.32254980916113,217.99629850101053,220.4283447265625
2024-01-01,221.2234645929253,226.13434488515725,219.02525532428155,223.1644287109375
2024-01-02,223.56196160899177,223.56196160899177,217.15442687453353,219.44618225097656
2024-01-03,216.9673615371041,216.9673615371041,212.80480879120466,213.22573852539062
2024-01-04,213.74021169242843,215.07316772719898,211.1210727645415,211.58877563476562
2024-01-05,212.82816789157516,216.54641111347786,212.10323421158145,213.55311584472656
2024-01-08,213.9740622782207,215.14331944913994,210.02196733125015,210.62998962402344
2024-01-09,214.2079080845076,216.31257093686628,210.4429058023293,210.8170623779297
2024-01-10,211.1444660994862,213.27250844598856,209.99858836019487,212.1500244140625
2024-01-11,212.7814298482315,213.69344189554823,208.92288110848762,209.6244354248047
2024-01-12,212.8048058185143,219.3526459975455,212.8048058185143,217.6923065185547
2024-01-15,239.44048361416074,247.41481162553117,228.7768498989195,231.32583618164062
2024-01-16,231.51292041896545,231.51292041896545,224.7312288107331,226.8358917236328
2024-01-17,222.22901203837677,229.8759566871802,220.7557508776176,225.61985778808594
2024-01-18,225.61987542281466,228.7067174081082,219.07203484262342,225.73680114746094
2024-01-19,228.23901269639498,230.74122603857958,226.18112281360038,226.85928344726562
2024-01-23,223.5853503488525,227.30359385889423,218.44061880060593,219.77357482910156
2024-01-24,220.757833036765,224.5074352964128,219.37516148208087,224.06216430664062
2024-01-25,224.06218596985764,224.67150497812025,219.60953285602577,220.28915405273438
2024-01-29,220.2891353421685,223.57003735790292,220.2891353421685,221.6952362060547
2024-01-30,222.35143475295413,226.33538757697656,220.99220665018396,221.46090698242188
2024-01-31,221.46090062502475,224.92928012330015,219.82044950928383,224.1090545654297
2024-02-01,223.82782354969277,223.89814003788726,220.5703650322089,220.92189025878906
2024-02-02,222.63265561549025,228.02270938302317,222.63265561549025,226.4525604248047
2024-02-05,226.38224327447566,229.42879520260007,224.57774427171316,226.0775909423828
2024-02-06,227.17905026562138,235.19381427499238,226.42912689474963,234.1861114501953
2024-02-07,234.79542965631617,235.1469548942664,230.858335548395,232.10040283203125
2024-02-08,232.4284923945257,234.39703951558627,227.36653451694,229.12416076660156
2024-02-09,230.0849757679538,231.88947479432915,226.2650711611165,229.8740692138672
2024-02-12,230.1318610080605,239.41212177941034,230.1318610080605,235.02978515625
2024-02-13,235.80314127087928,240.44327172413398,230.45996031550723,239.78709411621094
2024-02-14,236.20153383503916,242.31806733749582,232.96749015883574,241.1463165283203
2024-02-15,242.2946231696187,245.05993774520698,240.46668057663325,243.02110290527344
2024-02-16,244.8959306327019,255.44168841114362,244.16945081829346,254.50428771972656
2024-02-19,255.86354078547805,255.86354078547805,249.04392758659327,251.19996643066406
2024-02-20,251.12963438742884,252.23109734169898,246.65355189864138,249.3251495361328
2024-02-21,251.17652608979455,251.3639890632972,243.4898289962164,244.38037109375
2024-02-22,245.03651230125843,249.81726110577247,244.40377833608287,248.90328979492188
2024-02-23,250.75465388064728,253.68403067831838,249.95785767024168,251.29367065429688
2024-02-26,251.34053556113741,251.4577106359911,246.5597867856682,249.77040100097656
2024-02-27,250.28596988472975,251.8795624092717,247.26284711131186,249.09078979492188
2024-02-28,248.41115659437276,248.85642759649994,241.38065216245653,242.64614868164062
2024-02-29,242.4586579816602,245.71613076812264,240.53699820632337,243.06796264648438
2024-03-01,244.8490563149495,246.1614114772042,242.57584261994688,243.3023223876953
2024-03-04,245.1068328334668,246.72385462438982,243.04454002660896,243.95851135253906
2024-03-05,242.66959978719146,243.9585257155638,239.34182452958305,240.58387756347656
2024-03-06,240.771359776474,241.3103479794192,234.3501596798078,240.51358032226562
2024-03-07,240.7947951722908,243.91166381788676,239.27151909577512,241.61502075195312
2024-03-11,242.50555181724107,243.23203157624292,240.11516307211664,241.16973876953125
2024-03-12,240.32608988404874,244.8959180193378,237.9825882762082,239.43556213378906
2024-03-13,240.8182253371664,243.11486841139475,232.85031967738382,236.41244506835938
2024-03-14,234.88916223268663,243.20860720655952,232.0769603159742,242.76333618164062
2024-03-15,241.26349372052132,242.90394486772254,237.34984312290723,242.3180694580078
2024-03-18,242.78676186731207,243.04454131773954,238.56845905494563,239.1309051513672
2024-03-19,238.56847793542434,238.56847793542434,231.13957453388622,231.93637084960938
2024-03-20,232.49878420093285,234.93603154639464,229.28819850447428,231.30360412597656
2024-03-21,234.1860968599542,236.83425063572383,233.62366509453992,234.56106567382812
2024-03-22,229.31162736941172,230.01467783656372,224.7652286270561,228.30392456054688
2024-03-26,227.78835740258748,230.1084297272015,224.53088443022622,224.90585327148438
2024-03-27,224.83553532000147,225.42141068376674,220.8750121395091,221.3671417236328
2024-03-28,223.4294624430841,226.40569822106127,222.77327051056673,225.02304077148438
2024-04-01,226.71034349019942,227.97582573288165,225.70262639050296,227.2962188720703
2024-04-02,225.89012998416928,226.24165523201043,224.7886813468805,225.53860473632812
2024-04-03,224.976151195396,228.58514934226153,223.07792064112422,226.4759979248047
2024-04-04,227.69461092511693,230.57712935106778,224.78867750808175,228.4445343017578
2024-04-05,228.02271508554298,228.32736744538963,226.17134302373762,227.3430938720703
2024-04-08,229.66315149608945,230.41307485149022,224.13249356925562,224.9292755126953
2024-04-09,226.82753331682247,227.43683803215106,222.72640537703612,223.0076141357422
2024-04-10,223.80439336449498,224.71836467140176,221.74211490415954,223.7106475830078
2024-04-12,222.63266248900524,224.97616419941582,220.28916077859466,220.64068603515625
2024-04-15,218.62526033742628,219.51578804540725,214.7584828680686,215.2974853515625
2024-04-16,212.34466751994407,214.89908990436874,208.47789000258084,210.14178466796875
2024-04-18,212.0868876507413,213.4695592695721,207.56393257592578,208.26698303222656
2024-04-19,206.22814193211624,212.74307355516106,204.82204096439725,212.20407104492188
2024-04-22,212.20407276236133,218.48465427495057,210.9151468648539,216.53955078125
2024-04-23,218.78929334045404,218.78929334045404,215.69588281716167,216.58641052246094
2024-04-24,217.43008394483687,217.78160919834875,214.94597787479248,215.55528259277344
2024-04-25,215.08658821856173,216.7973416390346,213.63361426970545,216.07086181640625
2024-04-26,216.49266691366904,223.0075982591932,216.35206254432603,217.75816345214844
2024-04-29,219.18768499921092,219.35173295936585,216.35205400183762,216.98480224609375
2024-04-30,217.0082585886953,218.76588487316099,216.30520807490902,216.72703552246094
2024-05-02,216.72701590478897,217.00823894556763,213.46955740126376,214.38351440429688
2024-05-03,215.7896377645251,216.5395611834561,212.41500383473485,214.360107421875
2024-05-06,215.03969305379218,216.82076278535357,213.72733792830323,214.96939086914062
2024-05-07,216.44579546696352,218.10969013448153,212.78993880367014,217.43006896972656
2024-05-08,217.9456445843357,218.6018221589237,216.21144771244036,217.10198974609375
2024-05-09,216.42238079150374,217.664433824877,212.8133824721332,213.68048095703125
2024-05-10,213.7507899778814,214.43041121026087,211.0557629517415,211.78225708007812
2024-05-13,211.78222867283012,212.43840621741535,208.5716288290123,211.8291015625
2024-05-14,212.18063467978845,215.55526830770268,211.94628452631116,213.89138793945312
2024-05-15,213.89138661717723,215.48496479025175,213.0945903788409,214.8053436279297
2024-05-16,216.5395447220328,219.11739644491414,213.77421573457067,217.6878662109375
2024-05-17,217.66444014912622,217.66444014912622,215.6255907615053,216.07086181640625
2024-05-21,217.00824507635056,217.85189991892292,215.46153976376843,216.0239715576172
2024-05-22,216.96136437511018,217.21915812032728,215.06313389584702,216.21144104003906
2024-05-23,216.77389708893222,219.35174883809788,216.4223718504096,218.3206024169922
2024-05-24,218.88304563393268,220.52349672540754,216.53954407468288,217.31289672851562
2024-05-27,216.53954354958444,216.6098457354718,211.6650631788849,212.06346130371094
2024-05-28,212.78994825026973,214.31322431153265,212.36812081710127,213.7507781982422
2024-05-29,212.7899314870875,213.4929819215162,210.68078018380137,211.2900848388672
2024-05-30,210.44644774562443,210.68079791015185,203.93151603248188,204.79861450195312
2024-05-31,205.0798243084693,207.23584869390075,204.11899435041784,205.38449096679688
2024-06-03,211.00888554629688,211.17291921212257,206.95461641686776,208.14981079101562
2024-06-04,208.99346561479234,208.99346561479234,195.4480295005349,205.3610382080078
2024-06-05,206.08752166290262,213.25863032377967,205.7828550338477,211.61817932128906
2024-06-06,213.23523041422513,216.53956216741798,212.13378172862767,216.07086181640625
2024-06-07,220.28915020241553,227.97583258280136,219.49235393769075,227.10873413085938
2024-06-10,228.9132386409775,228.9132386409775,221.8593043857575,222.7498321533203
2024-06-11,224.6012038593448,224.6012038593448,222.32800439810572,223.12478637695312
2024-06-12,224.03875130950746,227.0384304746891,222.89042981252769,223.52317810058594
2024-06-13,224.97615474346927,227.48370432893392,224.1090562863424,226.1947784423828
2024-06-14,227.3196499010655,227.6008729472298,223.19509290265046,223.8043975830078
2024-06-18,225.44485678144505,231.06926069283247,224.99958575035404,230.53025817871094
2024-06-19,230.7177185350996,233.01434710317028,228.1398669313555,232.35816955566406
2024-06-20,233.17839133280856,233.17839133280856,228.84291370501262,229.85061645507812
2024-06-21,233.3893381448135,234.7954391534893,229.24133730850002,229.9209442138672
2024-06-24,229.71003764472528,231.95979353716695,229.40538528689868,229.9209442138672
2024-06-25,229.92092828350803,233.41275126789063,229.33505290381956,232.87374877929688
2024-06-26,232.873755494802,234.30328574102677,231.4442109449787,232.10040283203125
2024-06-27,230.67086627460867,239.951141460201,229.28820887292332,239.41212463378906
2024-06-28,239.97456404050502,241.98996969674948,237.09205993081633,241.3103485107422
2024-07-01,242.73990284115155,251.12962125518663,240.95881877116275,247.16909790039062
2024-07-02,248.08305732644698,255.44165758756452,247.6143570372955,252.25450134277344
2024-07-03,253.9886978462836,255.652578149447,250.98900455623476,252.62945556640625
2024-07-04,253.75437236846525,257.22273767708566,247.9893353722806,248.73927307128906
2024-07-05,249.04388758482523,251.45770552058508,248.1533741983706,250.801513671875
2024-07-08,251.19995249189395,254.50428416150137,250.75468144825643,253.66062927246094
2024-07-09,254.9729649231747,255.41823593262316,251.97327154002355,253.56686401367188
2024-07-10,253.56688905664868,254.6683234349948,249.23141082416439,251.01246643066406
2024-07-11,251.55147801323736,252.88726253836919,248.41118001612216,250.3328399658203
2024-07-12,255.44168928176285,264.7219504369816,253.8246673621174,262.5425109863281
2024-07-15,265.7062214945412,265.7062214945412,260.66769308026113,262.3315734863281
2024-07-16,263.3392620048659,263.69078724307144,260.784868159663,262.3315734863281
2024-07-18,260.8551553881567,269.2214732007658,260.7614096034311,268.6590270996094
2024-07-19,271.79932340076317,271.79932340076317,259.98806977220414,261.1598205566406
2024-07-22,244.19286943918488,246.88789630919507,235.0766423922326,237.06861877441406
2024-07-23,238.09976379741474,238.09976379741474,227.95240467739822,234.60794067382812
2024-07-24,235.52191160251942,237.32641070138783,234.27985861100697,234.39703369140625
2024-07-25,232.47535915579414,237.86541284589825,231.2098625679824,237.56076049804688
2024-07-26,239.03716370040993,247.73154893317167,238.33411321893814,245.9739227294922
2024-07-29,247.47376291497562,248.6689429803416,245.05994488305888,245.7864532470703
2024-07-30,245.7864425961582,246.9816226097322,243.60697481296208,244.4272003173828
2024-07-31,244.56781427582933,246.02080239068675,243.46637999813763,244.66156005859375
2024-08-01,245.13025897958767,246.91131441325822,242.5524073077182,244.4506378173828
2024-08-02,241.3806507430725,243.3726269870687,234.81884664520257,235.35784912109375
2024-08-05,229.66315798415351,232.4050577310106,225.09332984059128,227.3196563720703
2024-08-06,229.545977568115,234.04550341945009,228.069574447539,229.42880249023438
2024-08-07,233.74086504405375,234.39704265867312,230.90521940774983,233.1315460205078
2024-08-08,231.5379571546469,231.5379571546469,227.9524025816965,228.3976593017578
2024-08-09,232.17070581106705,232.68627902253954,229.49910827209058,230.2724609375
2024-08-12,230.38963102077716,231.53795249853513,228.44452760038564,229.21788024902344
2024-08-13,229.21788552915535,230.92865313820266,228.3273577828285,229.8975067138672
2024-08-14,231.06926248414877,232.873761613761,229.87408236515307,232.07696533203125
2024-08-16,234.818857676065,242.52898357469255,233.3893274376002,241.96653747558594
2024-08-19,241.84936840503246,245.22401647630969,240.77136337582942,243.60699462890625
2024-08-20,243.67731416898033,247.28628384138884,243.56013908592297,245.9036407470703
2024-08-21,245.31775066510264,247.520619209121,244.21628778589715,246.7003936767578
2024-08-22,247.3800196828274,248.6689455446344,242.81019162732986,243.25546264648438
2024-08-23,243.677300636345,244.40378038951596,239.66990443617465,240.16204833984375
2024-08-26,241.84936558650088,245.97392268901726,241.82593629189515,243.7241668701172
2024-08-27,243.72416642727842,245.2474424674489,241.84936514706857,242.3883819580078
2024-08-28,243.72415624544035,252.20762024110513,242.71643915654712,250.56716918945312
2024-08-29,250.7546793807566,254.01215243246963,250.3094083407904,252.48887634277344
2024-08-30,253.8949566014042,254.0355609690623,251.08275481945884,252.34825134277344
2024-09-02,252.34825124724486,254.035560872895,249.27824141736002,249.55947875976562
2024-09-03,249.8172654290969,253.49655142265053,248.1768143427895,251.24679565429688
2024-09-04,247.47376140904146,247.5909364854662,242.20088296992836,243.32577514648438
2024-09-05,244.2866060124916,246.53636176725539,243.48980976823037,245.99734497070312
2024-09-06,245.99734742064334,248.36430688306228,242.99768258681615,244.00537109375
2024-09-09,242.36492423162332,244.54439216432323,240.6541852265123,241.3103485107422
2024-09-10,242.22433093118448,247.47378048100927,240.91197569552796,246.41920471191406
2024-09-11,246.0676584261983,246.65353380340355,240.56042988046912,241.07598876953125
2024-09-12,243.93510414833221,249.34858749756313,242.66960747530698,248.4346160888672
2024-09-13,250.19224593940146,258.95694837507466,248.8095741587643,258.06640625
2024-09-16,259.19127912827776,260.99576393249436,257.31647783259405,258.67572021484375
2024-09-17,257.31647783259405,260.08182118660653,256.4025064795087,258.67572021484375
2024-09-18,257.3399263675241,257.3399263675241,249.65325764484083,252.23110961914062
2024-09-19,255.06672369609075,258.46480106712386,248.01278949559256,249.98130798339844
2024-09-20,252.11391306928303,253.4496975357465,248.87986942483846,252.67633056640625
2024-09-23,252.67634326025052,253.28567659140745,249.3485822705716,250.70782470703125
2024-09-24,249.4423018356755,253.98870040248872,248.1064888353461,252.88723754882812
2024-09-25,252.53574816459962,252.81698554482819,248.7627159892641,251.317138671875
2024-09-26,252.48886178818037,254.55112598026426,251.08276086336096,253.98870849609375
2024-09-27,257.2696230089627,261.9566263167798,253.426274575113,253.94183349609375
2024-09-30,252.16077964026402,255.20733181063895,250.28597830464867,253.77780151367188
2024-10-01,253.19192045820077,257.5976863344701,253.19192045820077,256.26190185546875
2024-10-03,253.14502093574376,254.22305451298524,246.65353321468234,248.48147583007812
2024-10-04,247.49719103975647,254.01213674071784,247.49719103975647,250.07504272460938
2024-10-07,252.16077115727455,253.8949680558179,246.5129380451728,249.09078979492188
2024-10-08,249.13763835169922,250.1922140250405,243.8647599849928,246.98162841796875
2024-10-09,248.31741747355073,252.48886165790805,247.70811279454935,248.95018005371094
2024-10-10,250.75467601957777,251.9732854321209,245.3411929409685,246.0676727294922
2024-10-11,243.8881914896627,250.47345363976524,243.8881914896627,247.61436462402344
2024-10-14,252.48886235429111,258.65225425758405,251.36397016903481,257.5742492675781
2024-10-15,259.1209576014352,259.1209576014352,248.8095506755513,249.79383850097656
2024-10-16,249.81728338570707,252.53573965983412,247.94248200945412,249.4188995361328
2024-10-17,250.73124992237834,252.16078022264702,246.09110516313436,247.82530212402344
2024-10-18,249.34856373542928,261.7222633035247,245.97391579802175,257.1524353027344
2024-10-21,258.535104564011,263.36274110979775,256.3790943723156,256.8946533203125
2024-10-22,257.69140740045356,260.36300470936936,254.90263502191155,255.65257263183594
2024-10-23,256.6134437401879,259.8943462172314,254.129337586152,256.47283935546875
2024-10-24,256.47281872887993,258.01952405079675,255.51198880217376,256.33221435546875
2024-10-25,257.66800099759826,258.72257671791584,253.3325230362926,254.71519470214844
2024-10-28,254.7151865454729,262.378425091504,254.36366131662385,261.81597900390625
2024-10-29,262.37843420176176,264.0657725231426,259.3084528179905,263.5033264160156
2024-10-30,263.6439354216193,271.26031577824386,262.9877435172464,264.932861328125
2024-10-31,264.7219184766117,265.4249689126901,256.98836367974934,258.6288146972656
2024-11-01,258.58196998971823,260.08181672195786,257.7851737312912,258.41790771484375
2024-11-04,258.25387829445106,258.9334994850865,250.3797185796895,253.47312927246094
2024-11-05,254.5042710014761,255.60570529865896,253.28566162556328,254.83236694335938
2024-11-06,256.59001385603284,265.2140831830394,253.5668908591009,264.3001403808594
2024-11-07,265.2843747406764,267.01857160441347,259.8708918962945,264.0657653808594
2024-11-08,264.81568938189946,271.2837482860708,264.81568938189946,266.69049072265625
2024-11-11,266.6904702357032,273.34602020555536,265.3077986316712,268.79962158203125
2024-11-12,269.5026715246649,271.70556864813176,266.7138990283183,267.4638366699219
2024-11-13,267.1591910578455,268.84650082164734,265.0734688448139,266.69049072265625
2024-11-14,266.66706355556084,269.29177401068847,264.4407369456442,265.61248779296875
2024-11-18,265.6124572747471,265.6124572747471,253.23875830582824,259.1209411621094
2024-11-19,260.5973745325706,267.06543314305475,259.9880698459302,263.4095764160156
2024-11-21,263.40956806413783,266.0342782959199,260.26927033908703,261.1363830566406
2024-11-22,263.3861572118334,268.8464989137181,261.487926589228,267.93255615234375
2024-11-25,269.7370338937139,275.3848670226988,268.98712482533307,272.9945068359375
2024-11-26,274.1896823954299,276.6972176206119,271.5180848968043,276.0644836425781
2024-11-27,277.2362249186774,279.34537624941964,272.73671352263887,273.2054138183594
2024-11-28,274.54122196977573,274.6583970538431,267.41697113704186,268.1903381347656
2024-11-29,269.5026859800492,272.1977128398497,267.9090934374621,270.8384704589844
2024-12-02,272.99453096804734,274.4474906441725,271.00255443392757,273.9787902832031
2024-12-03,276.86127701481433,277.65807325800534,271.1899861368519,273.39288330078125
2024-12-04,276.2050688016564,278.40796583525986,273.533471488869,275.59576416015625
2024-12-05,276.53318412041773,282.0638420813867,275.50203771242764,280.5639953613281
2024-12-06,280.42336297882645,280.42336297882645,277.65804857815607,278.7360534667969
2024-12-09,276.5331875522441,286.56338579786535,275.3614367575312,284.7354431152344
2024-12-10,286.8445938175806,291.5315969845345,284.4542336453129,288.8131408691406
2024-12-11,288.8600334803149,290.5004847819637,286.4227858249966,289.6568298339844
2024-12-12,288.7193724614554,294.1562842662282,288.20381359636644,289.7505187988281
2024-12-13,289.75053651755866,291.5784505569044,285.1572792144073,290.5473327636719
2024-12-16,290.59420841136273,291.90656363113567,287.8757521831477,289.84429931640625
2024-12-17,291.5315798382218,292.7033305610442,288.0631862557892,289.51617431640625
2024-12-18,289.65681539218355,293.6407683546974,289.23497363562603,293.0314636230469
2024-12-19,287.17269956831524,293.7813628165425,282.2982046653291,293.17205810546875
2024-12-20,295.74991150702635,299.96821452376685,285.34475834429355,286.0946960449219
2024-12-23,287.4070315242057,291.203492535669,285.9071848331499,288.6256408691406
2024-12-24,288.2506777241663,289.84427014958453,283.8448835648537,286.1883850097656
2024-12-26,286.282136457567,287.73512454649966,284.96978134386995,285.95404052734375
2024-12-27,286.0946623365019,291.4378283638418,285.625962056532,289.7505187988281
2024-12-30,289.7505255351542,290.031734266796,283.7042803400973,284.6885681152344
2024-12-31,282.11075183055044,284.0324118207817,276.7675564029234,282.95440673828125
2025-01-01,281.2201645693241,284.3604621284538,280.23590543620924,281.5013732910156
2025-01-02,279.3453756223808,285.3916208664818,278.54857940000534,284.78228759765625
2025-01-03,284.3136122169954,284.7823125527354,275.59579741511095,276.01763916015625
2025-01-06,276.5332060920679,279.15791660531636,272.36176154034183,275.87701416015625
2025-01-07,275.87698931370414,278.8766827219958,273.06478747112936,275.64263916015625
2025-01-08,274.6583919292054,279.7672369420987,271.1899980626469,278.9235534667969
2025-01-09,278.40799174281796,279.34539238841666,273.1116838166247,274.002197265625
2025-01-10,275.8769943454597,284.2667414383746,275.8769943454597,281.7357482910156
2025-01-13,280.23590232557234,280.51711104414244,272.0805062007096,273.5803527832031
2025-01-14,273.5334734727269,276.11132502693494,268.6121205056024,274.51776123046875
2025-01-15,274.658357139617,276.2519494942262,271.5649468126628,274.33026123046875
2025-01-16,277.3768190878434,277.9392651434681,268.7527511279784,270.0182189941406
2025-01-17,269.7839116227367,269.7839116227367,262.94089791489023,264.3001403808594
2025-01-20,283.0949798507754,286.28213615414626,278.3611182862153,281.45452880859375
2025-01-21,283.4699536590357,286.7039973765929,279.1579049046921,279.6734924316406
2025-01-22,280.6108633394152,290.594173581335,280.6108633394152,289.7505187988281
2025-01-23,291.6253448776712,304.28025351993773,291.20350314671674,297.81219482421875
2025-01-24,299.03077384511084,302.3116757525023,296.7810182586241,300.0619201660156
2025-01-27,297.9058885625328,299.17138504862663,287.54762374656946,288.6725158691406
2025-01-28,290.6323746665909,294.0740796754033,288.2900955031316,290.2499694824219
2025-01-29,291.63618831954506,300.86187738666854,291.63618831954506,298.7108154296875
2025-01-30,297.3245918743047,299.9058781363986,292.49666403020615,295.41253662109375
2025-01-31,297.99380954721744,301.81791988250086,295.9383269014854,298.18499755859375
2025-02-01,298.80639980983835,299.4756307667261,290.01096383380866,291.3971862792969
2025-02-03,289.6763439630714,300.19264687922254,287.0950579406672,299.81024169921875
2025-02-04,304.0167677325222,304.8293970034145,299.57124536024196,302.3437194824219
2025-02-05,303.825543331492,307.3150672250492,301.0530692751639,303.1563415527344
2025-02-06,305.92880838148284,309.3705133109035,300.71844669347786,303.9689636230469
2025-02-07,304.97278167916545,304.97278167916545,300.1926440352914,304.0167541503906
2025-02-10,304.781561967451,306.88483418351484,301.961298286416,305.02056884765625
2025-02-11,305.45081258658024,306.3112315756385,297.89820052050766,299.23663330078125
2025-02-12,299.6668737481264,301.86572563753896,295.7471546109734,296.5597839355469
2025-02-13,296.6553480791362,299.8580463253531,293.4526790085659,294.9822998046875
2025-02-14,296.41636043063266,298.6630312373382,291.1582083694977,294.5521240234375
2025-02-17,294.5521105785314,296.65535380159326,288.72033635997207,291.92303466796875
2025-02-18,291.92303729501725,298.99763579197605,291.92303729501725,298.4718322753906
2025-02-19,297.5635846018467,302.58272940235975,294.7432915674903,300.28826904296875
2025-02-20,297.51577255348104,300.47943449168673,296.60753474942175,299.5234069824219
2025-02-21,299.0454193049779,299.0454193049779,291.6362054620812,292.8790588378906
2025-02-24,289.62856900845134,289.96315532321836,280.450698342668,282.075927734375
2025-02-25,281.40674658488786,283.2709830100644,277.3436290439112,278.4908447265625
2025-02-27,281.0721265601788,282.7929646443696,278.5386591457014,281.5501403808594
2025-02-28,281.07212843212847,281.07212843212847,264.8196584207469,265.4410705566406
2025-03-03,267.1619143334405,273.7584986875257,267.0184868583757,271.08160400390625
2025-03-04,266.7316860743931,270.6514048590025,264.1504000227699,267.6877136230469
2025-03-05,269.0261627467088,274.3321334703956,266.39708682773204,272.5634765625
2025-03-06,275.7661654071248,279.16005162477023,271.033817245282,273.3282775878906
2025-03-07,274.7623193772562,275.0491451553082,270.4601952872919,272.2766418457031
2025-03-10,271.94207234668045,273.0892880028726,265.7278927214502,268.54815673828125
2025-03-11,264.81963094991136,267.01848264133116,261.18673793565813,265.5366516113281
2025-03-12,265.48888718012614,265.48888718012614,250.67045876671983,256.7412109375
2025-03-13,256.7411949468078,259.17908278127226,251.76986903603944,252.3912811279297
2025-03-17,252.3912756253402,253.53852036662278,247.5155292383579,248.42376708984375
2025-03-18,248.42376708984375,248.42376708984375,248.42376708984375,248.42376708984375
2025-03-19,250.4792267992334,254.78135092364772,244.98206819581512,254.01654052734375
2025-03-20,257.3626378399473,261.9037688737735,255.7373792733719,256.21539306640625
2025-03-21,252.39128871477692,257.69723027318094,248.75839547171705,252.67808532714844
2025-03-24,255.30716228299886,259.7048951362335,253.72972255728627,257.5538330078125
2025-03-25,260.0394931244234,262.62077917496083,257.5060259566859,259.0834655761719
2025-03-26,260.0395021183696,260.278509013699,255.02035731645256,255.6417694091797
2025-03-27,258.1274405933101,261.521326753075,257.74503540533806,260.230712890625
2025-03-28,259.08347247099175,259.8961017437606,250.09681911340022,250.71823120117188
2025-04-01,248.9017791928424,251.4352463724932,247.13312238513114,251.05284118652344
2025-04-02,251.24404103160617,253.87311692555642,249.61881162073414,252.00888061523438
2025-04-03,248.4715688242457,249.04519122265188,244.07385059181817,245.0776824951172
2025-04-04,241.87497092125852,242.78319417909,234.08335219904274,235.46958923339844
2025-04-07,220.89016799643343,233.12732353468408,217.97428105597103,232.21908569335938
2025-04-08,233.98775388835296,238.52888496483783,233.1273348879378,236.37782287597656
2025-04-09,230.11584172171595,231.64549172561502,223.71045968255785,226.24392700195312
2025-04-11,234.2267558522468,234.2267558522468,227.86917831424364,229.20761108398438
2025-04-15,234.27456860177384,234.27456860177384,230.7372693645474,233.27073669433594
2025-04-16,233.27072857099728,237.52504836712504,230.59384844032286,236.76022338867188
2025-04-17,224.6664788678326,227.3433589804182,221.94179445919988,226.48292541503906
2025-04-21,226.9609356062515,230.2114380442893,226.9609356062515,227.9647674560547
2025-04-22,227.9647728170045,228.49059090191665,223.2324392284416,223.85385131835938
2025-04-23,226.76973574749184,234.56136916342427,225.71811417753992,232.88832092285156
2025-04-24,234.03554295360982,234.37014383740578,230.88064917771626,232.07568359375
2025-04-25,233.22292437952927,235.32618213035408,227.58236751306862,230.30703735351562
2025-04-28,229.9246368408203,231.31087393747262,228.25158854779977,229.9246368408203
2025-04-29,230.97626662263193,232.88832176160133,229.3032183760337,230.78504943847656
2025-04-30,230.92846530739808,232.69710758108045,228.68179465498002,230.8806610107422
2025-05-02,231.3969048811204,234.99157785344963,230.16363574375234,231.052734375
2025-05-05,233.27073452426686,236.01452906962498,232.02789572604007,232.85964965820312
2025-05-06,233.7487539088033,235.08718674636222,230.0298070374891,230.5843048095703
2025-05-07,225.63205980019728,233.70093476268548,225.63205980019728,233.3089599609375
2025-05-08,232.41986209217805,235.02025823803473,228.7869544247762,230.9475860595703
2025-05-09,226.19612707242462,232.26689334025846,226.10051848106667,231.36822509765625
2025-05-12,234.3128027502575,246.59776333804783,234.1120451219244,245.96678161621094
2025-05-13,245.65130675971545,245.65130675971545,239.59963563280942,240.50787353515625
2025-05-14,240.5078586142634,242.5346323593957,239.72390901830983,241.81761169433594
2025-05-15,242.06618669463595,245.79470310723363,239.59963372293012,245.2880096435547
2025-05-16,245.69908156861143,245.69908156861143,242.381664786632,243.1273651123047
2025-05-19,243.12737520712,243.5384746583959,240.23061276300297,240.67994689941406
2025-05-20,241.87498444087518,243.4046344463817,238.34724023889126,238.7296600341797
2025-05-21,238.7296588628064,241.02411927198438,237.19045384040393,239.88644409179688
2025-05-22,238.05086933031822,238.90173329983332,234.22675897963038,235.12542724609375
2025-05-23,235.27839693227736,239.47535749023734,234.8003831348431,236.4829864501953
2025-05-26,237.56331029525484,239.81953607858665,237.28605411423132,239.23635864257812
2025-05-27,239.95336787014628,239.95336787014628,237.08528512638918,237.33384704589844
2025-05-28,238.61491930645585,239.140737391071,236.10057670009755,236.54989624023438
2025-05-29,238.67227305837383,240.6703817332923,237.19044201969984,239.14073181152344
2025-05-30,239.00689710471704,240.0680883113749,237.59198035844764,238.69140625
2025-06-02,236.71244054108845,237.49637559055304,235.37399314304562,236.78890991210938
2025-06-03,237.09484010992873,238.52888148156134,234.9246534162675,235.3931121826172
2025-06-04,235.67034363231838,238.82523743186326,235.67034363231838,236.0049591064453
2025-06-05,236.04319875424977,238.5193212216614,236.0240887062802,237.0374755859375
2025-06-06,236.23441802954062,238.98776750731147,236.23441802954062,237.6588897705078
2025-06-09,238.62449892167552,242.25739219424057,238.26120375928954,240.24017333984375
2025-06-10,241.77937470124814,244.5518634996342,240.75643275281624,243.66275024414062
2025-06-11,244.7621797999991,250.09683023683849,242.92662311522986,247.53468322753906
2025-06-12,248.56717017950135,251.43525291234172,245.0489956960389,248.19430541992188
2025-06-13,243.78703354142425,250.71823351466082,242.83100595890886,248.76792907714844
2025-06-16,248.5671597955976,253.64366368660225,246.65510472024687,251.33009338378906
2025-06-17,251.33010259826244,253.77753085038947,250.1541781805768,251.34921264648438
2025-06-18,251.33964354462043,253.92092966647772,249.551876648098,250.08724975585938
2025-06-19,251.29185778614354,254.72399333206667,250.29758092368093,253.90179443359375
2025-06-20,254.30333228264814,255.45057703087332,251.3109613361813,254.81959533691406
2025-06-23,252.39129370236992,253.53853852582162,250.29759086374162,251.66470336914062
2025-06-24,253.82532749356554,256.83680859480046,253.0700575212962,253.31863403320312
2025-06-25,254.20771898265866,258.0891884905033,254.15992927555354,257.5633850097656
2025-06-26,257.2670061850603,259.370249180491,255.4409901582738,256.7124938964844
2025-06-27,257.17141639795153,258.12744396820415,252.86929233181482,253.3950958251953
2025-06-30,254.39894410501742,255.01078658303396,251.33964418799587,254.2842254638672
2025-07-01,253.825306294754,256.5499905590356,252.1044684308101,252.9170684814453
2025-07-02,253.34731369875792,256.88462748481066,252.8215101896419,255.25936889648438
2025-07-03,256.5978025215564,258.9400818165316,254.73356620319072,255.30715942382812
2025-07-04,256.50221401676157,259.4659056499897,255.73740354557657,258.1752624511719
2025-07-07,258.1752311140299,258.65324489441184,255.54615532192918,255.97637939453125
2025-07-08,256.02415940654697,258.41422821794356,255.59396452588237,257.7928161621094
2025-07-09,256.2153871048982,257.553819859123,253.203906113981,256.024169921875
2025-07-10,255.78516475082685,255.78516475082685,251.57864927684457,253.3950958251953
2025-07-11,249.52319590064903,250.5270131794162,246.41610629652217,246.94190979003906
2025-07-14,246.94190727505418,248.13694172600904,240.58432983110347,243.07000732421875
2025-07-15,242.83100920352794,248.42377647110078,241.68377900674525,246.0814971923828
2025-07-16,246.08150571405562,252.39129389660022,244.79086258059118,251.24404907226562
2025-07-17,252.24788247748376,252.72589626683822,246.65511530690716,249.1407928466797
2025-07-18,256.7890180670817,259.94389746296383,253.9209352796809,255.21157836914062
2025-07-21,255.21156685760755,255.40275486275578,247.80235332435427,248.9017791748047
2025-07-22,250.192420079337,250.62261496899794,247.37212715265252,248.28036499023438
2025-07-23,248.80616803289453,250.24020934720517,246.79850435773062,249.9055938720703
2025-07-24,250.47922899208316,251.8176617851558,248.80618070683067,250.33583068847656
2025-07-25,250.28801660936216,250.52702351184462,244.79085785226582,247.8023681640625
2025-07-28,247.60738980612828,247.60738980612828,242.7332285894722,243.75680541992188
2025-07-29,242.9281836016165,246.34009633443347,241.02726376828457,245.46275329589844
2025-07-30,245.12155539507043,246.14513218703763,242.92818293003742,243.90301513671875
2025-07-31,241.85587881684572,243.85427296047746,239.85746979845484,242.05084228515625
2025-08-01,240.29613896378774,240.68606589658398,236.10435749981247,236.64051818847656
2025-08-04,236.64051839138318,240.21815080825093,235.0320511987707,239.8574676513672
2025-08-05,239.85746895680657,240.7348119985049,238.37571982827956,239.7209930419922
2025-08-06,239.80872590831794,239.80872590831794,233.2870959823132,233.92074584960938
2025-08-07,233.0921411684065,237.05970071274936,232.60472504073846,236.2213592529297
2025-08-08,236.2993246485287,237.12793798708202,232.3999957607658,233.0336456298828
2025-08-11,233.0336446237802,238.5901852899006,232.61445903528065,235.53895568847656
2025-08-12,236.59177549712652,240.09141957743057,235.03205287869676,235.63644409179688
2025-08-13,236.77700412958293,236.77700412958293,234.07671463760067,235.56820678710938
2025-08-14,236.98172361315326,242.17756636517944,236.30908698725327,240.5983428955078
2025-08-18,242.3822874367516,242.7429706054472,238.59993358753013,239.0386199951172
2025-08-19,239.28233472982822,241.27098600900808,238.61944105359495,240.7445831298828
2025-08-20,239.12635241728586,246.52532557896734,239.12635241728586,244.52691650390625
2025-08-21,246.3791078589765,246.3791078589765,243.32787816102336,243.62033081054688
2025-08-22,245.65773070556986,246.6325629702745,241.37821765850688,242.38229370117188
2025-08-25,244.2929690295729,250.81459919486161,244.2929690295729,247.451416015625
2025-08-26,246.63255439625433,248.40675619622257,244.9850855462151,245.6869659423828
2025-08-28,245.67722032009752,245.99891673776128,242.81121121251053,244.34169006347656
2025-08-29,244.19548291273827,246.73005275714573,242.4017951111859,243.13291931152344
2025-09-01,243.142661030958,246.62281934658193,243.123160220783,244.0590057373047
2025-09-02,244.05899265747667,246.77876797811365,243.31812553289043,244.61463928222656
2025-09-03,245.56023287741706,246.04764899259635,242.85020046700103,243.2791290283203
2025-09-04,243.2206458758789,244.03950139425618,238.2879970809629,238.80465698242188
2025-09-05,239.90621883891225,241.09551535487674,235.19777736172693,237.53736877441406
2025-09-08,238.21000856602762,240.77382213657367,236.1043673417334,236.41632080078125
2025-09-09,238.83389256709856,243.5618347576162,238.83389256709856,242.8794403076172
2025-09-10,243.02567441536718,250.69761406985873,242.97692982961703,249.31333923339844
2025-09-11,249.26459645464794,249.26459645464794,245.82343989732132,247.5196533203125
2025-09-12,248.4652524024239,249.45957060265388,244.5074357874524,245.5992431640625
2025-09-15,245.17030534459616,245.45300014582503,243.31813006128027,244.95584106445312
2025-09-16,245.65771906058336,248.0947996068193,243.90301809234163,247.61712646484375
2025-09-17,246.92500261772264,249.06963051215138,246.4863310966648,247.75360107421875
2025-09-18,250.53188370180976,253.26140205244997,249.557051469507,250.46363830566406
2025-09-19,250.53188608599783,251.17527893538278,248.28976895541248,249.44007873535156
2025-09-22,242.29455445414862,245.44325840137773,240.98828283204853,244.02975463867188
2025-09-23,243.92252905470636,245.6577292858718,242.48952444389133,243.34738159179688
2025-09-24,242.08009737465142,242.8502083166328,238.10277996125882,238.43421936035156
2025-09-25,239.27257691489723,239.45779742555374,235.20752814724804,235.90940856933594
2025-09-26,235.37323685334195,235.47072602537375,229.09531496833094,229.8166961669922
2025-09-29,230.9182635642424,234.72984628139795,230.34310124332197,233.60879516601562
2025-09-30,233.89148471164037,235.42197841930238,232.98489789736342,233.3455810546875
2025-10-01,233.95973001432264,237.43988813817003,231.85408887425157,235.0028076171875
2025-10-03,234.91506958007812,235.32449733686522,232.0685612175871,234.91506958007812
2025-10-06,233.95973540089406,236.8452453490659,233.29685662380936,236.0361328125
2025-10-07,236.786745094051,238.83389874750486,236.04587794672727,237.40089416503906
2025-10-08,237.1279356552237,240.14992146342618,236.46505689070705,238.1222686767578
2025-10-09,237.8493198184994,240.5885959894731,237.04020728716665,240.1986541748047
2025-10-10,241.75840103104505,244.9266058832664,240.05244457215662,242.44078063964844
2025-10-13,239.86721916970842,241.46594345215223,238.35622621913274,238.96063232421875
2025-10-14,239.6137605282582,243.85427172283678,238.94112392245552,242.16781616210938
2025-10-15,243.7080594468892,245.78445687329972,242.28479783482518,243.91278076171875
2025-10-16,244.0979834561764,247.67563081561443,242.5382608193318,247.4221649169922
2025-10-17,243.70806129004103,243.70806129004103,233.09213873523723,234.8370819091797
2025-10-20,234.83707906104348,235.8509129135795,233.24811263554014,235.1685333251953
2025-10-21,234.93456700499294,236.0653759596895,234.31067497391194,235.28550720214844
2025-10-23,238.63893589655402,241.56343262353442,237.24491805515171,238.15151977539062
2025-10-24,238.83389610245257,239.69175322388642,236.06537614206434,236.86473083496094
2025-10-27,237.1669256922204,239.54551870335686,236.94271844519798,237.77133178710938
2025-10-28,237.52763028499794,238.5414492830063,235.32449987384408,236.27984619140625
2025-10-29,237.46914350586005,237.46914350586005,235.55846573925115,236.18235778808594
2025-10-30,236.77699407004698,238.60968337840853,234.44714569122434,235.83140563964844
2025-10-31,236.01663004340736,237.06945062894138,234.44714956980002,234.6128692626953
2025-11-03,234.61287851290575,235.2172697549134,233.47232655229786,234.44715881347656
2025-11-04,234.4471520764222,234.7785914657564,231.5421561865202,231.9320831298828
2025-11-06,233.95973929941277,234.56413053267985,232.37075797674785,234.00848388671875
2025-11-07,232.69245689676944,233.2286176133613,230.0604127763982,230.5380859375
2025-11-10,231.46416532937656,235.47072635951724,231.05473758082863,233.8037567138672
2025-11-11,235.0320607959346,235.95814845600435,232.79968661954322,235.60720825195312
2025-11-12,236.64051836014002,240.1011756715635,236.0068833751967,239.04835510253906
2025-11-13,239.80872968420658,239.80872968420658,237.8590652152293,239.1555938720703
2025-11-14,237.78107030280245,239.71123390899896,236.0556131303455,238.21974182128906
2025-11-17,237.82981803387048,238.61942975254223,236.58203398156658,237.90780639648438
2025-11-18,236.81599017687407,237.85906781908002,234.25219148693935,234.8370819091797
2025-11-19,235.12952541952873,240.63733631548203,234.48613259278574,239.87696838378906
2025-11-20,241.27097688534437,241.56342952924817,239.5260337388253,240.0621795654297
2025-11-21,238.8339053168725,241.02727791672132,237.4788890612896,238.3367462158203
2025-11-24,238.85339568452147,243.10366477606482,238.85339568452147,241.04676818847656
2025-11-25,241.75839890303692,241.75839890303692,237.85906988847182,239.45779418945312
2025-11-26,239.8087305717115,244.24422023000196,239.43828956131182,243.89328002929688
2025-11-27,244.09798453187923,245.57973368695687,241.4561975174728,243.2791290283203
2025-11-28,244.68289780384242,245.647987098301,242.34330632454626,243.24989318847656
2025-12-01,243.805555398611,244.4391904208848,242.59675803523524,243.98101806640625
2025-12-02,243.70805960131725,245.121563372053,242.60649441199627,243.873779296875
2025-12-03,244.29296894561833,250.65862237799195,244.24422435793778,248.280029296875
2025-12-04,249.557051469507,252.2865698201472,249.0696353533556,250.46363830566406
2025-12-05,251.7016975348242,254.528705095151,251.21428141237067,253.36865234375
2025-12-08,253.46613561647285,256.44911983647165,253.17366810009898,254.80165100097656
2025-12-09,254.80164941918085,255.23057797425164,250.58060926348844,250.9315643310547
2025-12-10,251.51647217035628,253.81706194413258,250.77559015869068,251.4872283935547
2025-12-11,251.8089055874984,253.4368884667086,251.233758153992,252.72525024414062
2025-12-12,252.96896885836975,254.25575456816978,250.88281356373759,254.04129028320312
2025-12-15,253.44661626763695,255.89345462984815,252.03312741558292,255.15257263183594
2025-12-16,255.1525809388959,255.1623387811405,252.28657177377085,252.69601440429688
2025-12-17,252.48154799161765,255.53277763653588,251.80891137183292,254.5677032470703
2025-12-18,254.60668789496253,258.32079650390807,254.43122522434786,257.2095031738281
2025-12-19,260.2802134395507,260.2802134395507,256.67332217747196,257.7944030761719
2025-12-22,260.77738759923454,266.2266963670133,260.0852352744315,265.8075256347656
2025-12-23,265.15436328849967,265.622293462953,263.40940528846386,264.5694580078125
2025-12-24,264.1210593132444,264.1600609341609,260.47519611983154,261.31353759765625
2025-12-26,260.47518163736993,262.112892630566,259.05190517349195,259.5978088378906
2025-12-29,259.29561705835073,260.66040598902146,256.9657834829414,257.58966064453125
2025-12-30,257.3557236173418,258.05760405355176,256.40037726681373,257.0145263671875
2025-12-31,257.35571953640823,257.94062484889497,254.6846886337934,256.6538391113281
2026-01-01,257.84312115997614,261.30376362734427,257.1119969978968,260.62139892578125
2026-01-02,260.6213912392056,265.5442818855403,259.45158071457286,262.2298583984375
2026-01-05,262.66855122506394,262.86349981760594,255.113601587763,256.6733093261719
2026-01-06,256.67330390277135,259.402851886349,256.332136435652,258.9154357910156
2026-01-07,258.3305430258428,265.64178480959305,257.8431269069261,263.98455810546875
2026-01-08,264.08205118733326,264.08205118733326,254.77241507805792,255.6010284423828
2026-01-09,254.7724097743928,257.3069795274099,253.89506671552655,255.35731506347656
2026-01-12,254.13877165896557,257.8431221952334,252.53027469631817,256.4783630371094
2026-01-13,256.8195655172956,258.1843247033359,254.72365240176612,257.5506896972656
2026-01-14,257.3557178937383,257.3557178937383,253.06646187874662,253.6513671875
2026-01-15,253.6513671875,253.6513671875,253.6513671875,253.6513671875
2026-01-16,256.62459515288,263.00973462344757,256.3808870853084,260.7189025878906
2026-01-19,245.6577170977665,245.6577170977665,235.47072347084665,239.75997924804688
2026-01-20,239.75998155890707,239.80872614486398,233.37482754229322,233.86224365234375
2026-01-21,233.86225475607444,236.4943137751243,231.6201524431948,233.5210723876953
2026-01-22,235.90939798131257,236.78674103216582,233.17986478178355,234.59336853027344
2026-01-23,236.2018484564108,237.42038872406175,231.86384807852525,232.39999389648438
2026-01-27,235.1999969482422,236.39999389648438,231.75,234.8000030517578
2026-01-28,235.5,238.10000610351562,234.9499969482422,237.35000610351562
2026-01-29,236.1999969482422,240.89999389648438,235.4499969482422,239.8000030517578
2026-01-30,238.0,238.0,235.3000030517578,236.89999389648438
2026-02-02,244.0,244.0800018310547,239.2899932861328,242.3000030517578
2026-02-03,259.2099914550781,259.8900146484375,242.27999877929688,242.69000244140625
2026-02-04,235.91000366210938,235.9199981689453,226.25999450683594,233.33999633789062
2026-02-05,233.33999633789062,235.57000732421875,231.6999969482422,233.38999938964844
2026-02-06,232.92999267578125,232.92999267578125,228.60000610351562,230.72000122070312
2026-02-09,231.85000610351562,232.92999267578125,229.61000061035156,230.0800018310547
2026-02-10,229.97999572753906,232.86000061035156,227.1999969482422,231.47000122070312
2026-02-11,231.47000122070312,233.0,229.5,229.80999755859375
2026-02-12,226.1999969482422,226.25999450683594,218.5,219.0800018310547
2026-02-13,210.64999389648438,216.47999572753906,209.00999450683594,214.08999633789062
2026-02-16,214.6199951171875,216.91000366210938,210.11000061035156,213.25999450683594
2026-02-17,213.25999450683594,219.38999938964844,212.25999450683594,215.69000244140625
2026-02-18,216.1999969482422,216.39999389648438,210.25999450683594,211.9499969482422
2026-02-19,214.0,215.44000244140625,210.39999389648438,211.2100067138672
2026-02-20,209.6999969482422,211.9600067138672,208.25,209.86000061035156
2026-02-23,210.36000061035156,211.74000549316406,204.27999877929688,205.88999938964844
2026-02-24,203.0,203.2899932861328,199.36000061035156,200.13999938964844
2026-02-25,201.30999755859375,205.47999572753906,201.30999755859375,201.9199981689453
2026-02-26,203.7100067138672,204.6300048828125,199.1199951171875,201.0800018310547
2026-02-27,204.0,204.0,200.0500030517578,200.9600067138672
2026-03-02,195.0,200.36000061035156,194.6999969482422,198.57000732421875
2026-03-04,196.00999450683594,197.1199951171875,194.50999450683594,195.5500030517578
2026-03-05,196.39999389648438,196.97000122070312,193.22000122070312,195.67999267578125
2026-03-06,195.60000610351562,198.92999267578125,195.0,195.39999389648438
2026-03-09,194.0,199.5,193.02999877929688,198.75
2026-03-10,200.5,201.30999755859375,197.4199981689453,200.92999267578125
2026-03-11,202.69000244140625,205.9499969482422,201.5800018310547,202.22999572753906
2026-03-12,201.05999755859375,203.8000030517578,199.6999969482422,202.50999450683594
2026-03-13,200.60000610351562,202.07000732421875,196.0399932861328,197.5800018310547
2026-03-16,196.24000549316406,198.2899932861328,192.77000427246094,195.11000061035156
2026-03-17,195.0,195.11000061035156,188.25,191.32000732421875
2026-03-18,193.0,198.0,192.69000244140625,194.3000030517578
2026-03-19,191.97999572753906,192.7899932861328,187.67999267578125,188.41000366210938
2026-03-20,191.19000244140625,192.3000030517578,188.41000366210938,190.89999389648438
2026-03-23,189.41000366210938,190.6199951171875,187.0,187.5399932861328
2026-03-24,191.5,191.5,187.8000030517578,188.74000549316406
2026-03-25,189.0,190.6199951171875,187.89999389648438,189.0500030517578
2026-03-27,189.0500030517578,192.2899932861328,187.89999389648438,191.60000610351562
2026-03-30,189.99000549316406,191.6300048828125,186.5,187.63999938964844
2026-04-01,191.50999450683594,194.49000549316406,190.41000366210938,191.17999267578125
2026-04-02,190.5,195.33999633789062,188.5800018310547,194.91000366210938
2026-04-06,197.0,201.17999267578125,196.11000061035156,197.2899932861328
2026-04-07,197.00999450683594,205.27000427246094,197.00999450683594,204.72000122070312
2026-04-08,207.6999969482422,209.0,202.8000030517578,203.4199981689453
2026-04-09,203.7100067138672,204.16000366210938,201.6300048828125,202.8699951171875
2026-04-10,208.6999969482422,208.6999969482422,200.6199951171875,204.8800048828125
2026-04-13,203.00999450683594,203.39999389648438,200.30999755859375,202.97000122070312
2026-04-15,206.5,210.49000549316406,205.10000610351562,209.75
2026-04-16,212.97999572753906,212.97999572753906,208.2100067138672,210.25999450683594
2026-04-17,205.0,206.4499969482422,202.5,204.32000732421875
2026-04-20,204.5,205.1999969482422,202.0,202.47999572753906
2026-04-21,203.0,205.6999969482422,202.47999572753906,205.00999450683594
2026-04-22,203.5,205.3800048828125,202.1999969482422,204.0
2026-04-23,204.0,204.89999389648438,202.3000030517578,202.75999450683594
2026-04-24,202.75,202.75,197.8800048828125,199.36000061035156
2026-04-27,199.36000061035156,205.25,199.36000061035156,205.0500030517578
2026-04-28,204.55999755859375,205.67999267578125,201.02000427246094,201.5800018310547
2026-04-29,201.5800018310547,203.60000610351562,200.3000030517578,200.67999267578125
2026-04-30,200.88999938964844,202.14999389648438,200.0,200.64999389648438
2026-05-01,200.64999389648438,200.64999389648438,200.64999389648438,200.64999389648438
2026-05-04,202.39999389648438,203.3699951171875,200.05999755859375,200.75
2026-05-05,200.0,202.3000030517578,199.60000610351562,199.77999877929688
2026-05-06,200.50999450683594,201.1300048828125,198.25,199.1199951171875
2026-05-07,199.5,200.27999877929688,197.19000244140625,197.36000061035156
2026-05-08,198.0,198.94000244140625,196.6999969482422,197.91000366210938
2026-05-11,197.8800048828125,198.24000549316406,196.14999389648438,196.67999267578125
2026-05-12,196.10000610351562,196.13999938964844,189.10000610351562,189.57000732421875
2026-05-13,190.6699981689453,191.3000030517578,187.30999755859375,187.8000030517578
2026-05-14,188.25,190.17999267578125,187.0,188.3000030517578
2026-05-15,189.89999389648438,191.89999389648438,188.8000030517578,190.0
2026-05-18,190.99000549316406,192.75,189.1999969482422,192.1699981689453
2026-05-19,192.39999389648438,198.0,192.39999389648438,195.1699981689453
2026-05-20,194.61000061035156,197.94000244140625,194.00999450683594,197.1199951171875
2026-05-21,198.5,200.0399932861328,197.5,199.74000549316406
2026-05-22,200.0,205.39999389648438,198.8300018310547,203.11000061035156
2026-05-25,207.0,209.5500030517578,204.05999755859375,206.83999633789062
2026-05-26,206.99000549316406,208.69000244140625,202.94000244140625,203.72999572753906
2026-05-27,203.85000610351562,205.99000549316406,200.1999969482422,201.5800018310547
2026-05-28,201.5800018310547,201.5800018310547,201.5800018310547,201.5800018310547
2026-05-29,211.0,211.0,203.64999389648438,204.25
2026-06-01,205.10000610351562,207.75,205.10000610351562,206.41000366210938
2026-06-02,208.0,210.17999267578125,206.50999450683594,209.83999633789062
2026-06-03,208.0,208.39999389648438,202.0,204.10000610351562
2026-06-04,203.0,205.08999633789062,202.10000610351562,204.32000732421875
2026-06-05,191.52000427246094,199.0,188.14999389648438,198.3699951171875
2026-06-08,193.38999938964844,193.88999938964844,181.0,181.75999450683594
2026-06-09,183.97000122070312,184.35000610351562,180.60000610351562,181.6699981689453
2026-06-10,182.10000610351562,182.2899932861328,178.5,178.92999267578125
2026-06-11,176.97000122070312,178.1999969482422,175.8300018310547,177.3699951171875
2026-06-12,178.64999389648438,180.4499969482422,177.57000732421875,180.13999938964844
2026-06-15,183.0,183.0,180.91000366210938,181.3800048828125
2026-06-16,182.38999938964844,183.3800048828125,181.6300048828125,182.6699981689453
2026-06-17,184.0,185.25,183.5800018310547,184.47000122070312
2026-06-18,184.47000122070312,184.75999450683594,181.7100067138672,182.83999633789062
2026-06-19,176.75999450683594,181.47999572753906,174.88999938964844,180.8000030517578
2026-06-22,180.83999633789062,182.39999389648438,180.0,180.17999267578125
2026-06-23,179.5,179.5,174.0,174.49000549316406
2026-06-24,171.5,175.49000549316406,171.49000549316406,174.47999572753906
2026-06-25,176.0,176.38999938964844,172.69000244140625,175.0
2026-06-26,175.0,175.0,175.0,175.0
2026-06-29,176.27999877929688,176.69000244140625,174.60000610351562,175.47999572753906
2026-06-30,175.0,175.39999389648438,170.0500030517578,170.38999938964844
2026-07-01,171.0,172.14999389648438,169.25,170.1300048828125
2026-07-02,169.49000549316406,174.97000122070312,169.0,174.0
